ds,pp,pt,m,rank,q0,q1,q2,q3,q4
adult,fairsmote,default,accuracy,5,0.765175555328079,0.769963144963145,0.772420147420147,0.776822276822277,0.787366912366912
adult,fairsmote,random,accuracy,4,0.763230627495138,0.774160524160524,0.778767403767404,0.781656259596683,0.794430794430794
adult,fairsmote,de,accuracy,3,0.237817362817363,0.776719901719902,0.781224406224406,0.783681408681409,0.793428191217115
adult,none,random,accuracy,2,0.799467703961511,0.815622440622441,0.835602415805098,0.843980343980344,0.852185484696489
adult,none,default,accuracy,1,0.831695331695332,0.836728426655748,0.839271089271089,0.841027740812775,0.84737434742553
adult,none,de,accuracy,1,0.75442726993551,0.827003787491043,0.840601965601966,0.84490171990172,0.848177723177723
adult,fairsmote,de,aod-race,1,0.0,0.013327386766415,0.026128083741709,0.037151552857883,0.078246068364548
adult,fairsmote,random,aod-race,1,0.000329692776352,0.012017277623223,0.031402323662427,0.043503515141256,0.070050889217232
adult,none,de,aod-race,2,0.0,0.022831010411947,0.036551774945224,0.062462919124759,0.099522895023355
adult,none,random,aod-race,2,0.000552102523211,0.015971744056125,0.037739569374521,0.057941312964985,0.089793588824582
adult,fairsmote,default,aod-race,3,0.003765890025133,0.029770166642479,0.044405201753181,0.060135995218988,0.093677400794982
adult,none,default,aod-race,4,0.025780539059142,0.046927819173892,0.061526898874652,0.071951192934166,0.101341476403112
adult,fairsmote,de,aod-sex,1,0.0,0.03870280631501,0.055243826113671,0.075154572296716,0.099899578768731
adult,fairsmote,random,aod-sex,1,0.006434550886039,0.043519783762647,0.060147039430321,0.073984578790124,0.100089450838724
adult,fairsmote,default,aod-sex,2,0.016213364804306,0.065397106615605,0.084230892653991,0.098362440851804,0.12482863113421
adult,none,random,aod-sex,3,0.001318904248505,0.024177071010256,0.133519324340636,0.153074944370953,0.188924052054262
adult,none,de,aod-sex,3,0.0,0.056230325840384,0.139566826329405,0.160238905383353,0.195388282687367
adult,none,default,aod-sex,4,0.113342138630221,0.141688504142669,0.152512993110711,0.161445656696381,0.18108889807931
adult,none,default,d2h1,1,0.331886910025072,0.341878077297326,0.347380143958128,0.350463280923076,0.358742417761856
adult,fairsmote,de,d2h1,2,0.332705160958614,0.341928971587856,0.347896895737696,0.353563007622982,0.874115823890818
adult,fairsmote,random,d2h1,3,0.336387900671699,0.344968600561664,0.348991819146493,0.354424624930056,0.365972483440631
adult,fairsmote,default,d2h1,4,0.343589477973433,0.352837466703081,0.35698396729716,0.360237329027792,0.369202613088363
adult,none,de,d2h1,5,0.335486203812075,0.35116709355219,0.363356684258494,0.462711082731893,0.874686510378336
adult,none,random,d2h1,5,0.335124834382538,0.35687356655909,0.38502405842116,0.503122138849935,0.540221078124347
adult,fairsmote,random,d2h2,1,0.104985672733517,0.151829614369724,0.167665093321831,0.180177472676726,0.195350138234068
adult,fairsmote,de,d2h2,1,0.0,0.143489090278475,0.168302072172473,0.179765103562511,0.447213595499958
adult,fairsmote,default,d2h2,2,0.143727380356123,0.176363240525222,0.19026744062345,0.196530322298688,0.211515600796097
adult,none,default,d2h2,3,0.285015000702429,0.306018658209018,0.314226178056959,0.323150764827639,0.338248038780943
adult,none,de,d2h2,3,0.217776358428317,0.303639276246616,0.32115483344428,0.334961741616614,0.447213595499958
adult,none,random,d2h2,3,0.190606569642195,0.258452878197433,0.32229132216913,0.328623461172266,0.359645749967783
adult,fairsmote,de,d2h3,1,0.208553297890712,0.224463654291398,0.233408398861907,0.240088390845599,0.600970280600184
adult,fairsmote,random,d2h3,1,0.209649728184534,0.226588620495581,0.233814998917423,0.240008094255993,0.251294366958061
adult,fairsmote,default,d2h3,2,0.229239200942745,0.241658009961294,0.24796078606996,0.252324468920064,0.262738964314103
adult,none,default,d2h3,3,0.305534897747158,0.317775321776186,0.324716604988777,0.329519142285363,0.340431035134835
adult,none,de,d2h3,4,0.322933912103122,0.334221323689478,0.339017719804738,0.350622486046755,0.601207473444147
adult,none,random,d2h3,4,0.317555014196573,0.332925647943342,0.341031254299219,0.347644946840776,0.365807715808198
adult,fairsmote,random,di-race,1,0.043431046347915,0.231426100160213,0.253074075065221,0.29356328307707,0.352773566797893
adult,fairsmote,de,di-race,1,0.0,0.215688510956091,0.265591418180901,0.291374965133318,1.0
adult,fairsmote,default,di-race,1,0.051569345686993,0.210575027331897,0.265954922894425,0.286941990234829,0.352528642961212
adult,none,default,di-race,2,0.318412460542824,0.439562882065701,0.474965309570783,0.510617184496237,0.574927610893006
adult,none,random,di-race,2,0.219861731843575,0.427498475211292,0.475805179145884,0.522521011566325,0.594611005692599
adult,none,de,di-race,3,0.276498038531289,0.430598414732932,0.488002174532358,0.533184849184469,1.0
adult,fairsmote,de,di-sex,1,0.0,0.363512156996108,0.400293703240658,0.428109655954161,1.0
adult,fairsmote,random,di-sex,1,0.246443459463179,0.363371514685898,0.4053033031681,0.431845369108759,0.4643299357978
adult,fairsmote,default,di-sex,1,0.313084514068476,0.375526474290701,0.410617448797192,0.422018908203721,0.474953385609563
adult,none,default,di-sex,2,0.728145746905518,0.763069565746013,0.777956684500701,0.790268938354197,0.818550586565992
adult,none,random,di-sex,3,0.543535905622599,0.694002447980416,0.81764461396067,0.841272094874208,0.879394215693905
adult,none,de,di-sex,4,0.603518097966245,0.799293792679277,0.828945992050081,0.839470831827909,1.0
adult,fairsmote,de,eod-race,1,0.0,0.008214446425893,0.019974437673032,0.031303120962807,0.090368036782392
adult,fairsmote,random,eod-race,2,7.01196709050889e-05,0.015112722672767,0.032655400232763,0.041877196997706,0.091457957657116
adult,none,random,eod-race,3,0.000265509047221,0.029301872965148,0.056287985039738,0.088397631053671,0.159212016068101
adult,none,de,eod-race,3,0.0,0.02960867515323,0.056892737974731,0.092840337175053,0.156643754209829
adult,fairsmote,default,eod-race,3,0.001937797785874,0.035198473975838,0.064029421058175,0.07903350019253,0.124168924871477
adult,none,default,eod-race,4,0.019459415235777,0.06060435646534,0.091591164071531,0.11139943854379,0.152355135528178
adult,fairsmote,de,eod-sex,1,0.0,0.043994543994544,0.067182336182336,0.089719899296476,0.136889568405914
adult,fairsmote,random,eod-sex,1,0.005610005610006,0.045867462163347,0.069406454339481,0.084308195977375,0.122520722520723
adult,fairsmote,default,eod-sex,2,0.008332274325412,0.096959205582394,0.114657842861166,0.134053174829773,0.190000367138644
adult,none,random,eod-sex,3,0.000427963823162,0.046930034186837,0.208374916833001,0.244042038409194,0.315168639017047
adult,none,de,eod-sex,3,0.0,0.093449427089407,0.216913991520291,0.248576474570349,0.31518863645358
adult,none,default,eod-sex,4,0.160373741065384,0.211671354416775,0.229395096209747,0.246684265977852,0.296185922768283
adult,none,random,f1,3,0.315098468271335,0.376358695652174,0.557918298824846,0.593378168649767,0.621095750128008
adult,none,de,f1,3,0.0,0.440026507620941,0.589844777690082,0.601596703579706,0.620829120323559
adult,fairsmote,default,f1,2,0.592210563756002,0.602819996337667,0.608142930767909,0.61221664647863,0.622418358340689
adult,none,default,f1,2,0.594133868137378,0.604087812263437,0.60837798343887,0.614488348530902,0.625659050966608
adult,fairsmote,random,f1,1,0.596195262024408,0.609721733004579,0.616428571428571,0.619804842790025,0.631088082901554
adult,fairsmote,de,f1,1,0.0,0.610733452593918,0.617673743422246,0.623804463336876,0.635071090047393
adult,none,random,fr-race,1,0.0,0.000409458491145,0.010442260442261,0.027743652743653,0.055487305487306
adult,fairsmote,random,fr-race,2,0.0,0.013307400962228,0.01945126945127,0.031941031941032,0.06480343980344
adult,none,de,fr-race,3,0.0,0.001126126126126,0.020677653802846,0.027027027027027,0.039000921281605
adult,fairsmote,de,fr-race,4,0.0,0.022008393899069,0.03408741938786,0.047497184972873,0.136158886158886
adult,none,default,fr-race,5,0.067663015661787,0.073804893028969,0.078411301054356,0.081686968983519,0.09263998362166
adult,fairsmote,default,fr-race,6,0.128480753480753,0.140765765765766,0.1504914004914,0.155901320503634,0.199529074529075
adult,fairsmote,random,fr-sex,1,0.000716625716626,0.048832923832924,0.069505578871942,0.078009828009828,0.116093366093366
adult,fairsmote,de,fr-sex,2,0.0,0.064899170846556,0.082104832104832,0.098484848484849,0.148034398034398
adult,none,random,fr-sex,2,0.000511823113932,0.009929368410277,0.090192465192465,0.106356843075033,0.115990990990991
adult,none,de,fr-sex,3,0.0,0.031221209949841,0.10534398034398,0.109632511004197,0.124897624897625
adult,none,default,fr-sex,4,0.108927108927109,0.122338247338247,0.125307125307125,0.128276003276003,0.132985257985258
adult,fairsmote,default,fr-sex,5,0.151617526617527,0.167775616746852,0.174037674037674,0.184256321015457,0.205650527177807
adult,fairsmote,default,precision,6,0.492603550295858,0.511585365853659,0.518461061123177,0.524075799937869,0.552614379084967
adult,fairsmote,random,precision,5,0.500148411991689,0.518396649715824,0.52614590058102,0.534542044388872,0.552121012824729
adult,fairsmote,de,precision,4,0.0,0.519927536231884,0.528703703703704,0.536636013052507,0.553473344103393
adult,none,default,precision,3,0.704491725768322,0.719053398058252,0.726666666666667,0.732329084588644,0.749846719803801
adult,none,de,precision,2,0.0,0.765432098765432,0.780155642023346,0.826163301141352,0.977391304347826
adult,none,random,precision,1,0.756225425950197,0.778947368421053,0.796334012219959,0.936507936507936,0.974522292993631
adult,none,random,recall,6,0.189556823168056,0.234845273420941,0.431041936878513,0.481497993758359,0.516829995739242
adult,none,de,recall,5,0.0,0.292124945006599,0.479388015299617,0.495125052988554,0.512569237324244
adult,none,default,recall,4,0.504725085910653,0.51807741386644,0.524731182795699,0.532250987275121,0.547840812870449
adult,fairsmote,default,recall,3,0.704877032096707,0.729194187582563,0.737204301075269,0.742224115892629,0.756016597510373
adult,fairsmote,de,recall,2,0.0,0.734554750745633,0.743418303384873,0.753653444676409,1.0
adult,fairsmote,random,recall,1,0.693056731583404,0.725981620718463,0.746058798466127,0.752647183396866,0.770905923344948
adult,none,random,spd-race,1,0.013185902113685,0.025431776243495,0.066455071237128,0.07950514797366,0.097142380775086
adult,none,de,spd-race,1,0.0,0.045259892335105,0.070806206953329,0.085408514912079,0.105681025230688
adult,none,default,spd-race,2,0.058028617584229,0.082775806803183,0.086467460121755,0.095391736908706,0.112301248435509
adult,fairsmote,de,spd-race,2,0.0,0.074734521557045,0.088857543701529,0.101878332422265,0.128108296580678
adult,fairsmote,random,spd-race,2,0.013862523426637,0.079622243400437,0.08912794998323,0.106182587671095,0.120917045054011
adult,fairsmote,default,spd-race,2,0.017362916389578,0.076260400778358,0.093283022477951,0.102347373605431,0.124999872280207
adult,none,random,spd-sex,1,0.036002513649322,0.051894713075804,0.150066351967549,0.170098766602036,0.188728501228501
adult,fairsmote,de,spd-sex,2,0.0,0.136551038420286,0.153465368152886,0.164858466312897,0.186372687567404
adult,fairsmote,random,spd-sex,3,0.089803756049044,0.141397607986428,0.15436897893205,0.169627906354308,0.184981056639767
adult,fairsmote,default,spd-sex,3,0.114087691291884,0.147440846507436,0.161564874465946,0.169143575101507,0.191916648175002
adult,none,de,spd-sex,4,0.0,0.082786616473656,0.170477335525227,0.178992466981534,0.190750965069203
adult,none,default,spd-sex,5,0.161028764013109,0.176439210089241,0.181828268180903,0.186743819216761,0.197539841404338
bank,fairsmote,random,accuracy,2,0.767921146953405,0.788177339901478,0.794354838709677,0.800627240143369,0.813255709807434
bank,none,random,accuracy,2,0.773399014778325,0.788530465949821,0.795698924731183,0.800716524854456,0.821316614420063
bank,fairsmote,de,accuracy,2,0.474910394265233,0.78405017921147,0.797491039426523,0.80295566502463,0.817733990147783
bank,fairsmote,default,accuracy,1,0.779569892473118,0.790864308105687,0.798387096774194,0.806003584229391,0.815942678011644
bank,none,de,accuracy,1,0.722346618898343,0.788978494623656,0.800627240143369,0.80922525750112,0.828481862964622
bank,none,default,accuracy,1,0.780465949820789,0.795342588446037,0.801612180922526,0.80564263322884,0.819077474249888
bank,fairsmote,random,aod-age,1,0.002243845476724,0.01635073527031,0.03468134607769,0.066398592351084,0.125632658050385
bank,none,de,aod-age,1,0.006977604423543,0.014436502519507,0.03993824885126,0.095273469488824,0.130719337453556
bank,fairsmote,de,aod-age,2,0.0,0.010636109520674,0.041301079009235,0.072342517040306,0.173731986153839
bank,none,random,aod-age,2,0.001400877539437,0.029751747006772,0.049080382857899,0.076245149381972,0.139102403424271
bank,fairsmote,default,aod-age,3,0.000874529318465,0.034010701657943,0.061492095221298,0.107298658831461,0.194049724222138
bank,none,default,aod-age,4,0.012414175280041,0.054384148777742,0.099508799050084,0.134997871483448,0.295721759083828
bank,fairsmote,de,d2h1,1,0.183587463680294,0.194688006787607,0.203586498125632,0.216002244959899,0.896409009175479
bank,fairsmote,random,d2h1,1,0.185723287740919,0.198756198528138,0.204748745443674,0.211988563743667,0.232476432814405
bank,fairsmote,default,d2h1,1,0.187671806359351,0.199217467222588,0.205080244653749,0.213478799677992,0.231756785093603
bank,none,default,d2h1,1,0.184643729313535,0.198994238700987,0.205495099540086,0.21121777296116,0.228001109616208
bank,none,de,d2h1,2,0.174767548915113,0.196033115381194,0.206855547950161,0.219454794461117,0.321542032325357
bank,none,random,d2h1,2,0.181154505361752,0.202990588286767,0.208261161416579,0.219392286900389,0.23314771058343
bank,fairsmote,random,d2h2,1,0.079632468733214,0.111623869454938,0.137140826450911,0.189019968431931,0.270733774991873
bank,none,random,d2h2,1,0.078482245441544,0.105412100875298,0.157873802192196,0.20464331037369,0.270050746410402
bank,fairsmote,de,d2h2,1,0.0,0.109669136760437,0.160264828029745,0.200139258218787,0.447213595499958
bank,none,de,d2h2,1,0.058836571881737,0.124301364129224,0.162764813513316,0.19510389321255,0.28128163126659
bank,fairsmote,default,d2h2,2,0.096609299147252,0.201488671183369,0.232196292455507,0.286946104733663,0.369453624826952
bank,none,default,d2h2,3,0.123688835133912,0.249869954057663,0.284029165707229,0.309965825209919,0.429092460053438
bank,fairsmote,random,d2h3,1,0.14631867149966,0.164712025820664,0.169298891250936,0.194530636142822,0.246028680934601
bank,none,random,d2h3,2,0.147343435532901,0.163521049575088,0.182340725822976,0.205084402008665,0.242526161635474
bank,none,de,d2h3,2,0.143368153483716,0.16789075575419,0.184418780753595,0.20266877949014,0.251427048253953
bank,fairsmote,de,d2h3,2,0.143197094170663,0.167723865166424,0.185523479476426,0.203841825790583,0.684283603236411
bank,fairsmote,default,d2h3,3,0.148379737000525,0.201513973668349,0.221668244371553,0.255363097545561,0.312230391647075
bank,none,default,d2h3,4,0.159954468426189,0.233240839726592,0.251538379752676,0.268630850948128,0.344359629089004
bank,fairsmote,random,di-age,1,0.00047460844803,0.191687175280284,0.262015503875969,0.362289799778779,0.515830852715387
bank,fairsmote,de,di-age,1,0.0,0.187192118226601,0.302160760587727,0.383971113758189,1.0
bank,none,random,di-age,1,0.003090103710777,0.177831601759194,0.305188251595135,0.400652985074627,0.53423886269266
bank,none,de,di-age,1,0.017163504968383,0.194389684258152,0.319184515761759,0.386025408348457,0.551270191418203
bank,fairsmote,default,di-age,2,0.07991741297458,0.378385698808234,0.438433743311792,0.545052682572363,0.69238995920737
bank,none,default,di-age,3,0.217464788732394,0.473805022954361,0.536576293602248,0.602548395001225,0.803238469087341
bank,fairsmote,de,eod-age,1,0.0,0.020927379784102,0.044642268381141,0.089057899901865,0.1855249745158
bank,fairsmote,random,eod-age,1,0.008001542466018,0.030576262107754,0.050059233545472,0.089108476064998,0.221364859125018
bank,none,de,eod-age,2,0.000843536103345,0.03734221598878,0.06205533596838,0.103279242731575,0.297272473144044
bank,none,random,eod-age,2,0.00031894013739,0.027664027664028,0.062444246208742,0.09726443768997,0.278918306668554
bank,fairsmote,default,eod-age,3,0.00368906455863,0.040664196759363,0.075795319965696,0.112363996043521,0.209393346379648
bank,none,default,eod-age,4,0.004878403960973,0.05519128260767,0.093694742261119,0.133552271483306,0.215215215215215
bank,none,random,f1,4,0.763094666025949,0.778654292343388,0.791590493601463,0.795650203896692,0.818223234624146
bank,none,de,f1,3,0.665226781857451,0.777192141830379,0.792792792792793,0.802238805970149,0.824231298760899
bank,none,default,f1,3,0.769520225776105,0.787488500459982,0.793781435756744,0.800374006545115,0.814167433302668
bank,fairsmote,default,f1,3,0.764818355640535,0.785158039395328,0.794131132508024,0.801256168685509,0.811208084519982
bank,fairsmote,de,f1,2,0.0,0.785840707964602,0.798750557786702,0.805820827648931,0.81917211328976
bank,fairsmote,random,f1,1,0.769777777777778,0.789497107254117,0.8,0.804749340369393,0.816218598501543
bank,none,random,fr-age,1,0.0,0.029108822212271,0.045250896057348,0.058691756272402,0.112007168458781
bank,fairsmote,random,fr-age,1,0.013888888888889,0.040752351097179,0.049283154121864,0.062724014336918,0.085573476702509
bank,none,de,fr-age,1,0.0,0.03673835125448,0.055555555555556,0.059561128526646,0.103896103896104
bank,fairsmote,de,fr-age,2,0.0,0.03494623655914,0.062724014336918,0.081541218637993,0.107078853046595
bank,fairsmote,default,fr-age,3,0.118279569892473,0.137035378414689,0.147401433691756,0.154052843708016,0.172939068100358
bank,none,default,fr-age,3,0.115143369175627,0.1307657859382,0.147849462365591,0.15808329601433,0.176892073443798
bank,fairsmote,random,precision,3,0.711585866885785,0.737976782752902,0.747870528109029,0.758090614886731,0.778151260504202
bank,fairsmote,de,precision,3,0.0,0.735604217356042,0.753673292999136,0.764309764309764,0.777502067824648
bank,none,random,precision,2,0.741906474820144,0.762557077625571,0.773755656108597,0.781800391389433,0.804659498207885
bank,fairsmote,default,precision,2,0.744796380090498,0.763668430335097,0.774887892376682,0.782882882882883,0.805682859761686
bank,none,de,precision,1,0.748894783377542,0.770873786407767,0.777,0.787155963302752,0.816363636363636
bank,none,default,precision,1,0.7483989021043,0.770186335403727,0.778995433789954,0.789233576642336,0.813670411985019
bank,none,default,recall,4,0.781036168132942,0.8,0.807799442896936,0.815956482320943,0.828734538534729
bank,none,random,recall,4,0.751893939393939,0.793726235741445,0.808285163776493,0.820754716981132,0.842207163601162
bank,none,de,recall,3,0.596321393998064,0.779677113010446,0.813975448536355,0.825070159027128,0.855502392344498
bank,fairsmote,default,recall,2,0.785854616895874,0.804263565891473,0.814638783269962,0.824528301886793,0.832688588007737
bank,fairsmote,de,recall,1,0.0,0.844574780058651,0.855275443510738,0.861266294227188,1.0
bank,fairsmote,random,recall,1,0.818270165208941,0.845871559633027,0.855513307984791,0.861712135465663,0.874643874643875
bank,fairsmote,random,spd-age,1,0.000262605042017,0.105004582951421,0.139669421487603,0.195693021725389,0.273352353349636
bank,none,random,spd-age,1,0.001518597936532,0.088506804555404,0.154414055738272,0.196657509157509,0.267854622441778
bank,none,de,spd-age,1,0.008731617647059,0.095406528566444,0.156407900780891,0.188337924701561,0.273359209597742
bank,fairsmote,de,spd-age,1,0.0,0.091328413284133,0.157154340836013,0.2,0.289285390816049
bank,fairsmote,default,spd-age,2,0.039607380516323,0.184768807533594,0.220244988154302,0.268997749697075,0.342050840805483
bank,none,default,spd-age,3,0.105663131961598,0.229631568614619,0.258310376492195,0.287259528130671,0.37632183908046
compas-scores-two-years,fairsmote,default,accuracy,6,0.611226611226611,0.627165627165627,0.632709632709633,0.638253638253638,0.664587664587665
compas-scores-two-years,none,de,accuracy,5,0.542302357836338,0.631323631323631,0.647018030513176,0.656033287101248,0.687456687456687
compas-scores-two-years,none,default,accuracy,4,0.627165627165627,0.63869625520111,0.647262647262647,0.655578655578656,0.670824670824671
compas-scores-two-years,none,random,accuracy,3,0.616077616077616,0.643104643104643,0.650727650727651,0.656726768377254,0.685377685377685
compas-scores-two-years,fairsmote,de,accuracy,2,0.557172557172557,0.656271656271656,0.66504854368932,0.672676837725381,0.686763686763687
compas-scores-two-years,fairsmote,random,accuracy,1,0.65003465003465,0.661122661122661,0.667359667359667,0.67983367983368,0.696465696465696
compas-scores-two-years,fairsmote,default,aod-race,1,0.000948310707973,0.019892796255624,0.043647260941,0.058507846231631,0.102257317581445
compas-scores-two-years,fairsmote,de,aod-race,2,0.0,0.064500168544067,0.097709828449076,0.117585380065204,0.164129516849439
compas-scores-two-years,fairsmote,random,aod-race,3,0.024705707815085,0.084127942801041,0.102716755544193,0.124889013648365,0.181868517053931
compas-scores-two-years,none,random,aod-race,3,0.065981784504909,0.096479698308898,0.105287462503034,0.121524763751654,0.160421867383022
compas-scores-two-years,none,de,aod-race,3,0.0,0.08162809658521,0.109031632864891,0.12628092894898,0.339460188163794
compas-scores-two-years,none,default,aod-race,4,0.04951867989585,0.093691880212563,0.115915228356747,0.13927788521999,0.175477577267859
compas-scores-two-years,fairsmote,default,aod-sex,1,0.003114602279087,0.01325015030284,0.030673567278517,0.055645640712755,0.115517246650337
compas-scores-two-years,fairsmote,de,aod-sex,2,0.0,0.027776060684582,0.054691198438382,0.090831527703976,0.144162946795345
compas-scores-two-years,none,de,aod-sex,3,0.0,0.04796219515109,0.076101292369609,0.098061441593287,0.142709902879948
compas-scores-two-years,fairsmote,random,aod-sex,4,0.003481442062931,0.054922636344309,0.079034907757358,0.103592265534865,0.164385048204667
compas-scores-two-years,none,random,aod-sex,4,0.029956443940347,0.06745793212293,0.082875835939018,0.098744595624354,0.134219660047615
compas-scores-two-years,none,default,aod-sex,5,0.016348747609883,0.075512129695385,0.109939846703237,0.129755277792356,0.164760368564743
compas-scores-two-years,none,random,d2h1,1,0.267224616399029,0.289160415902454,0.298704028788977,0.305619693063048,0.328060186929502
compas-scores-two-years,none,de,d2h1,2,0.272869684369709,0.29204734196132,0.29935680687124,0.316414612235579,0.356034513097101
compas-scores-two-years,fairsmote,random,d2h1,3,0.283331031709712,0.302208041864998,0.312673828201006,0.319167333865119,0.335986096130352
compas-scores-two-years,fairsmote,de,d2h1,4,0.294978725083517,0.305875113693061,0.317758624615226,0.32918423868163,0.34389816873611
compas-scores-two-years,none,default,d2h1,4,0.291257494374493,0.309612591095206,0.320747591103709,0.325837840697005,0.341101015755038
compas-scores-two-years,fairsmote,default,d2h1,5,0.312164259355323,0.335235255016449,0.340713378728394,0.345085989080243,0.363223439741894
compas-scores-two-years,none,random,d2h2,1,0.065681652153054,0.094810932900709,0.101587388524255,0.112119932419563,0.134154154141838
compas-scores-two-years,none,de,d2h2,1,0.0,0.083077132172129,0.106058673675068,0.115189363578326,0.255027138841982
compas-scores-two-years,fairsmote,de,d2h2,2,0.0,0.105424719911228,0.116076217256648,0.135229510567142,0.18325797532449
compas-scores-two-years,fairsmote,random,d2h2,3,0.061206912653434,0.114154105629802,0.128127374971071,0.139496679032054,0.185737536543105
compas-scores-two-years,fairsmote,default,d2h2,4,0.142735958981988,0.152261518089498,0.157027134347512,0.166318485745567,0.185900146456713
compas-scores-two-years,none,default,d2h2,5,0.143132550701989,0.163798761738384,0.173513184126839,0.182193321381193,0.212404420463782
compas-scores-two-years,none,random,d2h3,1,0.154222282992959,0.176829927959184,0.181147836521246,0.185088320699266,0.198597595448498
compas-scores-two-years,none,de,d2h3,2,0.159559254095771,0.179727018021735,0.183842076045262,0.187884817292193,0.262220879544715
compas-scores-two-years,fairsmote,de,d2h3,3,0.174206951434351,0.191377439994434,0.195792163234989,0.20282200002416,0.229792931511169
compas-scores-two-years,fairsmote,random,d2h3,4,0.169458903295198,0.190453022924644,0.200888156983031,0.205250519634491,0.226820494468572
compas-scores-two-years,none,default,d2h3,5,0.202465715850326,0.218697845007445,0.224945724719619,0.231655890763613,0.248926001986354
compas-scores-two-years,fairsmote,default,d2h3,5,0.20825609898641,0.222094256639028,0.226463246965749,0.231599658456262,0.240513833868336
compas-scores-two-years,fairsmote,default,di-race,1,0.004170804369414,0.048696884840175,0.103724408305503,0.133323703596707,0.192949599197731
compas-scores-two-years,none,random,di-race,2,0.110809726553906,0.141906006223297,0.150679733132311,0.172677500651777,0.213334291109104
compas-scores-two-years,none,de,di-race,2,0.0,0.127353931273539,0.158014590141667,0.167753594719887,0.43641974370278
compas-scores-two-years,fairsmote,de,di-race,3,0.0,0.154573511064417,0.199978925184405,0.230519480519481,0.305818433270769
compas-scores-two-years,none,default,di-race,3,0.107669443466698,0.169654577871824,0.203901950058217,0.221843415296425,0.270158812159863
compas-scores-two-years,fairsmote,random,di-race,4,0.085671155430243,0.18437240880775,0.20744348694892,0.237588283811227,0.30870761594939
compas-scores-two-years,fairsmote,default,di-sex,1,0.001655734573012,0.054991001107942,0.095313678652251,0.141473363500153,0.216808071543224
compas-scores-two-years,none,de,di-sex,2,0.0,0.087994333608783,0.126453779270164,0.156709835800491,0.19957002001631
compas-scores-two-years,none,random,di-sex,3,0.065656565656566,0.119204409906762,0.130588931185519,0.144138420585626,0.196102197697043
compas-scores-two-years,fairsmote,de,di-sex,4,0.0,0.104586992641823,0.151429111329687,0.196149379076208,0.288235134548611
compas-scores-two-years,fairsmote,random,di-sex,5,0.002763605442177,0.148704488436321,0.18966502590196,0.21927121102248,0.3028125
compas-scores-two-years,none,default,di-sex,5,0.057112845138055,0.149185198523454,0.191509599259092,0.214091039899785,0.24944585277441
compas-scores-two-years,fairsmote,default,eod-race,1,0.001103752759382,0.016501650165017,0.036258340677326,0.058294500427104,0.098004624246555
compas-scores-two-years,fairsmote,de,eod-race,2,0.0,0.050420168067227,0.082962366226136,0.112913096695226,0.172192513368984
compas-scores-two-years,none,de,eod-race,2,0.0,0.065713420675988,0.085648452929559,0.108703206233377,0.305620906918278
compas-scores-two-years,none,random,eod-race,3,0.034214489410106,0.076717210438141,0.091545592915456,0.113791847412166,0.135428229869354
compas-scores-two-years,fairsmote,random,eod-race,4,0.004832283422172,0.070028387867922,0.09641663945339,0.125548592764034,0.179184279985615
compas-scores-two-years,none,default,eod-race,4,0.037616892911011,0.083194083002329,0.100478776159659,0.128742369420736,0.175260029230759
compas-scores-two-years,fairsmote,default,eod-sex,1,0.00236356258876,0.009469696969697,0.026265163521825,0.042197751380098,0.119437981027385
compas-scores-two-years,fairsmote,de,eod-sex,2,0.0,0.02585717184013,0.057354669247252,0.077236842105263,0.153360522022839
compas-scores-two-years,none,de,eod-sex,2,0.0,0.01827485380117,0.062009177909429,0.095815749304121,0.132071778140294
compas-scores-two-years,none,random,eod-sex,3,0.000760090441141,0.049812063719349,0.069042659179422,0.088450292397661,0.126808308685814
compas-scores-two-years,fairsmote,random,eod-sex,3,0.001872098247716,0.054356546854942,0.078314057788465,0.103191023056018,0.180309951060359
compas-scores-two-years,none,default,eod-sex,4,0.006859756097561,0.061600822105504,0.089078947368421,0.114674354465856,0.158228904048643
compas-scores-two-years,fairsmote,default,f1,5,0.645038167938931,0.664160401002506,0.669956816779765,0.675062972292191,0.695979899497487
compas-scores-two-years,fairsmote,de,f1,4,0.662125340599455,0.680823680823681,0.689119170984456,0.702020202020202,0.723573639982309
compas-scores-two-years,none,default,f1,3,0.669944683466503,0.687087087087087,0.692399049881235,0.702409638554217,0.723699421965318
compas-scores-two-years,fairsmote,random,f1,3,0.667112299465241,0.686842105263158,0.695543000627746,0.703751617076326,0.725015518311608
compas-scores-two-years,none,de,f1,2,0.692583732057416,0.713903743315508,0.723522853957637,0.732661529342027,0.750795334040297
compas-scores-two-years,none,random,f1,1,0.695269526952695,0.716919739696312,0.726691529035695,0.73728813559322,0.756897449245185
compas-scores-two-years,none,random,fr-race,1,0.0,0.0,0.0,0.0,0.014553014553015
compas-scores-two-years,none,de,fr-race,1,0.0,0.0,0.0,0.0,0.225918225918226
compas-scores-two-years,fairsmote,random,fr-race,2,0.033264033264033,0.057558945908461,0.074151074151074,0.090783090783091,0.128205128205128
compas-scores-two-years,fairsmote,de,fr-race,3,0.0,0.058905058905059,0.091476091476092,0.11373092926491,0.179611650485437
compas-scores-two-years,none,default,fr-race,4,0.217059639389736,0.243936243936244,0.257281553398058,0.266112266112266,0.291753291753292
compas-scores-two-years,fairsmote,default,fr-race,5,0.270963270963271,0.299376299376299,0.321552321552322,0.339112343966713,0.369369369369369
compas-scores-two-years,none,random,fr-sex,1,0.0,0.0,0.0,0.0,0.016632016632017
compas-scores-two-years,none,de,fr-sex,1,0.0,0.0,0.0,0.003465003465003,0.036036036036036
compas-scores-two-years,fairsmote,random,fr-sex,2,0.033957033957034,0.065142065142065,0.081830790568655,0.10124826629681,0.162162162162162
compas-scores-two-years,fairsmote,de,fr-sex,3,0.0,0.037422037422038,0.094941094941095,0.136615811373093,0.192654192654193
compas-scores-two-years,none,default,fr-sex,4,0.237864077669903,0.262647262647263,0.274428274428274,0.287101248266297,0.314840499306519
compas-scores-two-years,fairsmote,default,fr-sex,5,0.266990291262136,0.320388349514563,0.336105336105336,0.34996534996535,0.381843381843382
compas-scores-two-years,none,de,precision,4,0.542302357836338,0.611320754716981,0.631818181818182,0.648598130841121,0.716106604866744
compas-scores-two-years,none,random,precision,3,0.599052132701422,0.623725671918443,0.639047619047619,0.647058823529412,0.681372549019608
compas-scores-two-years,fairsmote,default,precision,2,0.630731102850062,0.650246305418719,0.66044776119403,0.673052362707535,0.713383838383838
compas-scores-two-years,none,default,precision,2,0.627157652474108,0.65163472378805,0.663636363636364,0.676744186046512,0.701754385964912
compas-scores-two-years,fairsmote,random,precision,1,0.670698924731183,0.697318007662835,0.703947368421053,0.719086021505376,0.753280839895013
compas-scores-two-years,fairsmote,de,precision,1,0.557172557172557,0.685452162516383,0.705570291777188,0.713896457765668,0.732724902216428
compas-scores-two-years,fairsmote,default,recall,6,0.643382352941176,0.66624685138539,0.67713567839196,0.686945500633714,0.706964520367937
compas-scores-two-years,fairsmote,de,recall,5,0.619897959183674,0.666666666666667,0.681647940074906,0.696315120711563,1.0
compas-scores-two-years,fairsmote,random,recall,4,0.644132653061224,0.670951156812339,0.68806161745828,0.702154626108999,0.729088639200999
compas-scores-two-years,none,default,recall,3,0.689138576779026,0.718997361477573,0.728900255754476,0.736708860759494,0.759708737864078
compas-scores-two-years,none,de,recall,2,0.745992601726264,0.829815303430079,0.849279161205767,0.884265279583875,1.0
compas-scores-two-years,none,random,recall,1,0.769607843137255,0.83645443196005,0.85424588086185,0.863171355498721,0.902408111533587
compas-scores-two-years,fairsmote,default,spd-race,1,0.002331778814124,0.027725497783719,0.062278503084065,0.083160083160083,0.123705589808223
compas-scores-two-years,fairsmote,de,spd-race,2,0.0,0.092253521126761,0.122221975927116,0.146644603394897,0.199283323319887
compas-scores-two-years,none,random,spd-race,2,0.089816477577873,0.115828647901767,0.125224577412656,0.138337476891694,0.175389456722109
compas-scores-two-years,none,de,spd-race,2,0.0,0.100132283111713,0.126204164576661,0.140523860021209,0.364989765691547
compas-scores-two-years,fairsmote,random,spd-race,3,0.050262714173792,0.112878995702212,0.128316615177289,0.145816455919129,0.20255124208537
compas-scores-two-years,none,default,spd-race,4,0.07033245903873,0.117306100524814,0.138621205671014,0.156542732568042,0.196253540468629
compas-scores-two-years,fairsmote,default,spd-sex,1,0.000923607040728,0.032804976523013,0.056400059355988,0.087970709667368,0.148581755323328
compas-scores-two-years,fairsmote,de,spd-sex,2,0.0,0.062823586023757,0.09191407051376,0.128587666950838,0.190175758877434
compas-scores-two-years,none,de,spd-sex,3,0.0,0.070454144691493,0.103377010125075,0.124220896087904,0.166024986249705
compas-scores-two-years,none,random,spd-sex,4,0.052525252525253,0.096559865509654,0.107149510077866,0.120525300489687,0.159075667821616
compas-scores-two-years,fairsmote,random,spd-sex,5,0.001366276847818,0.087190041781008,0.117347692957449,0.143203611457036,0.208118556701031
compas-scores-two-years,none,default,spd-sex,6,0.036363983795766,0.103008827551908,0.135897994768962,0.158144458281445,0.187437356815579
default,fairsmote,de,accuracy,6,0.209833333333333,0.221166666666667,0.763833333333333,0.7765,0.791
default,fairsmote,random,accuracy,5,0.214666666666667,0.7655,0.7745,0.778,0.7835
default,fairsmote,default,accuracy,4,0.785166666666667,0.793333333333333,0.797,0.7995,0.808333333333333
default,none,default,accuracy,3,0.803666666666667,0.813166666666667,0.815666666666667,0.8185,0.830166666666667
default,none,de,accuracy,2,0.771166666666667,0.815333333333333,0.818333333333333,0.821166666666667,0.831833333333333
default,none,random,accuracy,1,0.8095,0.817,0.819833333333333,0.823,0.831166666666667
default,fairsmote,de,aod-sex,1,0.0,0.0,0.0,0.0,0.044793652084613
default,none,de,aod-sex,2,0.0,0.007301880283032,0.015438503842672,0.025119677576019,0.043860204194303
default,none,random,aod-sex,3,0.000332890821922,0.010950154724936,0.017051934863666,0.023928272105344,0.04852670466446
default,fairsmote,random,aod-sex,3,0.0,0.004229169213903,0.018105362312314,0.027955202689982,0.04610014875468
default,none,default,aod-sex,3,0.000213026820234,0.010359210248309,0.01994217444129,0.024529967789957,0.051660820526298
default,fairsmote,default,aod-sex,4,0.001135993202276,0.011097827918919,0.021851723708259,0.031377326286274,0.052344102352913
default,fairsmote,random,d2h1,1,0.39773617089942,0.408856512959233,0.4160201970055,0.431554733491434,0.874038714023075
default,fairsmote,default,d2h1,2,0.403219342156141,0.418650837009079,0.422336560523427,0.430950687782564,0.442586668421502
default,none,random,d2h1,3,0.435911286980199,0.449154154059135,0.457069902856871,0.462266799586734,0.486230662092051
default,none,default,d2h1,3,0.435744337052748,0.450822951371332,0.457347925634777,0.464146346653682,0.474951442465359
default,none,de,d2h1,4,0.437525443010435,0.450484380684448,0.458564937596065,0.464855309954243,0.873550899267531
default,fairsmote,de,d2h1,5,0.410651038922155,0.633540077680266,0.639544443899486,0.873025454637174,0.873638468481735
default,fairsmote,de,d2h2,1,0.0,0.0,0.03539130846405,0.447213595499958,0.447213595499958
default,fairsmote,random,d2h2,2,0.0,0.035442306524929,0.06142511876459,0.079916816126665,0.447213595499958
default,fairsmote,default,d2h2,3,0.038934428438007,0.05412247403002,0.072863466999524,0.086680182861019,0.11552913719126
default,none,default,d2h2,4,0.026899870558929,0.071106310785783,0.086314506079019,0.109145083748106,0.132036561411605
default,none,random,d2h2,4,0.021108355148835,0.069216586952965,0.0877532674558,0.10753509987782,0.130958087599142
default,none,de,d2h2,5,0.025320128289682,0.064073753230117,0.098244962523831,0.115649167440955,0.447213595499958
default,fairsmote,random,d2h3,1,0.266391552855936,0.275568196249866,0.281862516662946,0.290692413998278,0.671298467684866
default,fairsmote,default,d2h3,2,0.27421053344049,0.284030225322021,0.287165055199476,0.291802589314054,0.305964911931419
default,none,random,d2h3,3,0.301129485630393,0.305565264390613,0.310281037538887,0.315928727125557,0.337539153388087
default,none,de,d2h3,4,0.300915317258237,0.307730640856211,0.311242543779154,0.318717990673313,0.671016202358155
default,none,default,d2h3,4,0.294133644999196,0.307312000215131,0.311704398987901,0.316282829946459,0.326378155898392
default,fairsmote,de,d2h3,5,0.280733819525452,0.422360051786844,0.426362962599657,0.670712206685946,0.67106686986258
default,fairsmote,de,di-sex,1,0.0,0.0,0.057927627621252,1.0,1.0
default,fairsmote,random,di-sex,2,0.0,0.072979142349986,0.11760771173514,0.162801211628012,1.0
default,fairsmote,default,di-sex,3,0.079023649973571,0.113121788889583,0.151143473263826,0.182212982870812,0.238247366644006
default,none,default,di-sex,4,0.027506569822615,0.156287057861378,0.189428097218769,0.237113599846519,0.287894304135235
default,none,random,di-sex,4,0.028897805935006,0.151927237405625,0.193463179794508,0.230275997363941,0.285938462630192
default,none,de,di-sex,5,0.043592773866495,0.141470824769904,0.212453270384216,0.248678720445063,1.0
default,fairsmote,de,eod-sex,1,0.0,0.0,0.0,0.0,0.065174187514613
default,fairsmote,random,eod-sex,2,0.0,0.000300730598454,0.020447612034505,0.03539059576768,0.076918534936957
default,none,random,eod-sex,3,0.001112787543859,0.014477670331434,0.023397576288509,0.038005627046723,0.081867751732549
default,none,default,eod-sex,3,0.00057020344859,0.012315649980764,0.024281521072461,0.033825356158534,0.087945627083868
default,none,de,eod-sex,3,0.0,0.011157681036035,0.025422353895531,0.035298187352982,0.079579845648068
default,fairsmote,default,eod-sex,3,0.000875656742557,0.01026066609914,0.027918781725888,0.040419686696282,0.081450298432205
default,fairsmote,de,f1,5,0.0,0.0,0.358188534683267,0.366235534377127,0.542914171656687
default,none,de,f1,4,0.0,0.459486166007905,0.46682808716707,0.474542758279782,0.493506493506493
default,none,random,f1,3,0.424815983175605,0.461462450592885,0.468958440225757,0.47609561752988,0.493137254901961
default,none,default,f1,3,0.444224095190878,0.462591687041565,0.471307619943556,0.478713339640492,0.494581280788177
default,fairsmote,default,f1,2,0.504040015390535,0.516530532866589,0.52743782076589,0.530482977038797,0.548125241592578
default,fairsmote,random,f1,1,0.0,0.519653564290473,0.537061994609164,0.544005544005544,0.557768924302789
default,fairsmote,de,fr-sex,1,0.0,0.0,0.0,0.0,0.017166666666667
default,none,random,fr-sex,2,0.000333333333333,0.000833333333333,0.001333333333333,0.004333333333333,0.010333333333333
default,none,de,fr-sex,3,0.0,0.003166666666667,0.004166666666667,0.006333333333333,0.012166666666667
default,fairsmote,random,fr-sex,4,0.0,0.004,0.007833333333333,0.0115,0.021833333333333
default,none,default,fr-sex,5,0.0145,0.018166666666667,0.0195,0.021166666666667,0.024666666666667
default,fairsmote,default,fr-sex,6,0.023333333333333,0.026333333333333,0.028666666666667,0.03,0.034166666666667
default,fairsmote,de,precision,6,0.0,0.0,0.218166666666667,0.224166666666667,0.489502099580084
default,fairsmote,random,precision,5,0.0,0.467664350614645,0.48853068815871,0.495673671199011,0.519218651543793
default,fairsmote,default,precision,4,0.517131474103586,0.535165723524656,0.545602605863192,0.552226720647773,0.57004048582996
default,none,default,precision,3,0.61617458279846,0.6328125,0.651477832512315,0.661437908496732,0.685792349726776
default,none,de,precision,2,0.0,0.657645466847091,0.67,0.683834048640916,0.813186813186813
default,none,random,precision,1,0.643478260869565,0.662517289073306,0.677197802197802,0.691340782122905,0.711964549483013
default,none,de,recall,6,0.0,0.349697885196375,0.357196122296793,0.36280487804878,0.388048411497731
default,none,random,recall,5,0.309815950920245,0.352080123266564,0.359087564385578,0.365723029839327,0.380484114977307
default,none,default,recall,4,0.335078534031414,0.363365599404319,0.37233259749816,0.377697841726619,0.391830559757942
default,fairsmote,default,recall,3,0.48159509202454,0.500375657400451,0.508575689783743,0.512800620636152,0.536308623298033
default,fairsmote,random,recall,2,0.0,0.590876176683563,0.601241272304112,0.616287600880411,1.0
default,fairsmote,de,recall,1,0.0,0.0,1.0,1.0,1.0
default,fairsmote,de,spd-sex,1,0.0,0.0,0.0,0.0,0.054053402834853
default,none,random,spd-sex,2,0.003367560893562,0.019781546421386,0.025442638504146,0.031765618888623,0.041192482822041
default,none,de,spd-sex,2,0.0,0.016405733886702,0.025703540907364,0.031548346052006,0.041874396790753
default,none,default,spd-sex,2,0.003491439342829,0.021318288577251,0.026300493906865,0.034458379084688,0.043330094430763
default,fairsmote,random,spd-sex,3,0.0,0.004299906882765,0.031880503273742,0.041955715321945,0.053163413902231
default,fairsmote,default,spd-sex,4,0.01720066111542,0.025594901583796,0.034326690258894,0.041976309423986,0.055026933257208
germandata,fairsmote,default,accuracy,3,0.505,0.565,0.58,0.605,0.66
germandata,fairsmote,de,accuracy,2,0.285,0.59,0.6,0.625,0.69
germandata,fairsmote,random,accuracy,2,0.525,0.585,0.605,0.63,0.675
germandata,none,default,accuracy,1,0.63,0.68,0.695,0.72,0.75
germandata,none,random,accuracy,1,0.635,0.68,0.7,0.715,0.775
germandata,none,de,accuracy,1,0.635,0.68,0.7,0.715,0.775
germandata,none,random,aod-sex,1,0.0,0.0,0.0,0.0,0.0
germandata,none,de,aod-sex,1,0.0,0.0,0.0,0.0,0.0
germandata,fairsmote,de,aod-sex,2,0.0,0.018618509480874,0.042670439847859,0.098537928684988,0.265189320691161
germandata,fairsmote,random,aod-sex,2,0.004587873008926,0.023480243161094,0.04843292968293,0.07581927083736,0.293603019150396
germandata,fairsmote,default,aod-sex,2,0.003868243243243,0.031585612968592,0.052340575869988,0.097546434526349,0.232351347482926
germandata,none,default,aod-sex,3,0.02512047673338,0.103074162679426,0.14786514135619,0.190961689697787,0.424328904414364
germandata,none,random,d2h1,1,0.171258751913943,0.217982822910011,0.229750880581615,0.245500091210941,0.281196909478618
germandata,none,de,d2h1,1,0.171258751913943,0.217982822910011,0.229750880581615,0.245500091210941,0.281196909478618
germandata,none,default,d2h1,1,0.184156187610088,0.213306637538641,0.230215161739476,0.24498951424505,0.284212786920371
germandata,fairsmote,random,d2h1,2,0.28404818364188,0.335518767260165,0.348982338422338,0.367336901440881,0.435994341824974
germandata,fairsmote,de,d2h1,2,0.237616961335707,0.325643797525374,0.350803288419876,0.371336632807184,0.936913149656893
germandata,fairsmote,default,d2h1,3,0.28802877042571,0.356830559942304,0.380281987193986,0.390943712571571,0.452290969417377
germandata,none,random,d2h2,1,0.0,0.0,0.0,0.0,0.0
germandata,none,de,d2h2,1,0.0,0.0,0.0,0.0,0.0
germandata,fairsmote,random,d2h2,2,0.014124202622532,0.051833420546584,0.077502142784245,0.122726603158728,0.393346342036595
germandata,fairsmote,de,d2h2,2,0.0,0.065014387235271,0.095495157683108,0.14009054527659,0.447213595499958
germandata,none,default,d2h2,3,0.05760171883681,0.102595611401377,0.130258923873609,0.164024489558639,0.403069380062965
germandata,fairsmote,default,d2h2,3,0.04294095916022,0.096851074833239,0.137764204213479,0.186738564777839,0.348020994617867
germandata,none,random,d2h3,1,0.114172501275962,0.145321881940007,0.153167253721077,0.163666727473961,0.187464606319079
germandata,none,de,d2h3,1,0.114172501275962,0.145321881940007,0.153167253721077,0.163666727473961,0.187464606319079
germandata,none,default,d2h3,2,0.144163358159696,0.168237140814709,0.182754136699442,0.195305221939055,0.344596313261562
germandata,fairsmote,random,d2h3,3,0.19553405580758,0.230602708884127,0.244716999676538,0.258697242660783,0.374278775200569
germandata,fairsmote,de,d2h3,3,0.158411307557138,0.23063993008669,0.249549765614855,0.263152170930554,0.707988151187732
germandata,fairsmote,default,d2h3,4,0.211288490580095,0.259329631404632,0.274352512104305,0.286787783886508,0.365319606531074
germandata,none,random,di-sex,1,0.0,0.0,0.0,0.0,0.0
germandata,none,de,di-sex,1,0.0,0.0,0.0,0.0,0.0
germandata,fairsmote,default,di-sex,2,0.023769100169779,0.061728395061728,0.119512707414409,0.223396226415094,0.560386473429952
germandata,fairsmote,random,di-sex,2,0.000853606487409,0.059518400726942,0.123544973544973,0.212845757149555,0.606481481481481
germandata,fairsmote,de,di-sex,3,0.0,0.068170426065163,0.125863221207396,0.230541871921182,1.0
germandata,none,default,di-sex,3,0.028535980148883,0.093915343915344,0.138136511375948,0.175627240143369,0.432251908396947
germandata,none,random,eod-sex,1,0.0,0.0,0.0,0.0,0.0
germandata,none,de,eod-sex,1,0.0,0.0,0.0,0.0,0.0
germandata,fairsmote,random,eod-sex,2,0.009157509157509,0.037302725968436,0.061904761904762,0.1,0.408177905308465
germandata,fairsmote,default,eod-sex,3,0.007905138339921,0.027302813017099,0.074702886247878,0.117511520737327,0.277834008097166
germandata,fairsmote,de,eod-sex,3,0.0,0.032826747720365,0.079109062980031,0.109456635318704,0.291248206599713
germandata,none,default,eod-sex,3,0.000259605399792,0.043636363636364,0.088306127910088,0.133699633699634,0.399808703969393
germandata,fairsmote,default,f1,4,0.547169811320755,0.619834710743802,0.635983263598326,0.661087866108787,0.734375
germandata,fairsmote,random,f1,3,0.570135746606335,0.64957264957265,0.669456066945607,0.685258964143426,0.736842105263158
germandata,fairsmote,de,f1,3,0.0,0.646551724137931,0.669491525423729,0.694560669456067,0.816568047337278
germandata,none,default,f1,2,0.767295597484277,0.8,0.812121212121212,0.827794561933535,0.851190476190476
germandata,none,random,f1,1,0.776758409785933,0.80952380952381,0.823529411764706,0.833819241982507,0.873239436619718
germandata,none,de,f1,1,0.776758409785933,0.80952380952381,0.823529411764706,0.833819241982507,0.873239436619718
germandata,none,random,fr-sex,1,0.0,0.0,0.0,0.0,0.0
germandata,none,de,fr-sex,1,0.0,0.0,0.0,0.0,0.0
germandata,fairsmote,random,fr-sex,2,0.0,0.0,0.02,0.07,0.285
germandata,fairsmote,de,fr-sex,3,0.0,0.0,0.04,0.12,0.27
germandata,none,default,fr-sex,4,0.065,0.11,0.135,0.16,0.335
germandata,fairsmote,default,fr-sex,5,0.085,0.15,0.215,0.29,0.455
germandata,none,random,precision,4,0.635,0.68,0.7,0.715,0.775
germandata,none,de,precision,4,0.635,0.68,0.7,0.715,0.775
germandata,none,default,precision,3,0.638743455497382,0.695187165775401,0.723756906077348,0.735449735449735,0.810650887573964
germandata,fairsmote,default,precision,2,0.723404255319149,0.770114942528736,0.793814432989691,0.838709677419355,0.872727272727273
germandata,fairsmote,de,precision,2,0.0,0.77319587628866,0.801980198019802,0.815533980582524,0.88785046728972
germandata,fairsmote,random,precision,1,0.74468085106383,0.775510204081633,0.808510638297872,0.831578947368421,0.894230769230769
germandata,fairsmote,default,recall,6,0.420289855072464,0.509677419354839,0.532374100719424,0.562043795620438,0.657342657342657
germandata,fairsmote,random,recall,5,0.440559440559441,0.546762589928058,0.565217391304348,0.598425196850394,0.666666666666667
germandata,fairsmote,de,recall,4,0.0,0.543478260869565,0.572519083969466,0.607407407407407,1.0
germandata,none,default,recall,3,0.846153846153846,0.916666666666667,0.938356164383562,0.955555555555556,0.979020979020979
germandata,none,random,recall,2,1.0,1.0,1.0,1.0,1.0
germandata,none,de,recall,1,1.0,1.0,1.0,1.0,1.0
germandata,none,random,spd-sex,1,0.0,0.0,0.0,0.0,0.0
germandata,none,de,spd-sex,1,0.0,0.0,0.0,0.0,0.0
germandata,fairsmote,de,spd-sex,2,0.0,0.026933004152172,0.057373892953408,0.098680872653476,0.295036764705882
germandata,fairsmote,random,spd-sex,2,0.000452284034374,0.030621785881253,0.058302909613895,0.113140537798072,0.361213235294118
germandata,fairsmote,default,spd-sex,3,0.009817671809257,0.026009078640658,0.06030855539972,0.105319023469749,0.276190476190476
germandata,none,default,spd-sex,4,0.026210826210826,0.089440017955336,0.132536382536383,0.171809256661992,0.416360294117647
h181,fairsmote,de,accuracy,4,0.776180698151951,0.819301848049281,0.835728952772074,0.844969199178645,0.861396303901437
h181,fairsmote,random,accuracy,3,0.791581108829569,0.829568788501027,0.839835728952772,0.849075975359343,0.860369609856263
h181,fairsmote,default,accuracy,2,0.816221765913758,0.840862422997946,0.849075975359343,0.85523613963039,0.865503080082135
h181,none,default,accuracy,1,0.836755646817248,0.858316221765914,0.86652977412731,0.87782340862423,0.892197125256674
h181,none,de,accuracy,1,0.830595482546201,0.860369609856263,0.868583162217659,0.876796714579055,0.886036960985626
h181,none,random,accuracy,1,0.84394250513347,0.860369609856263,0.869609856262834,0.876796714579055,0.890143737166324
h181,none,random,aod-race,1,0.000146672059419,0.008537414965986,0.021500005053346,0.043785197344278,0.109627419261084
h181,fairsmote,random,aod-race,1,0.001222433054856,0.009179461845934,0.021639590003448,0.036809998902583,0.082132387891636
h181,fairsmote,default,aod-race,1,0.000989434021077,0.009829208114985,0.0251572698573,0.04149690179102,0.076224194674379
h181,none,default,aod-race,2,0.001891530571948,0.013748586649272,0.027936820807971,0.05579006379499,0.092071514044293
h181,fairsmote,de,aod-race,2,0.00108378370532,0.015424776734165,0.029077000434877,0.041875561297551,0.079686537718574
h181,none,de,aod-race,2,0.000656037222111,0.015500432866186,0.033702032742406,0.055123963755543,0.09732201448743
h181,fairsmote,default,d2h1,1,0.323486307992015,0.35732254385024,0.375492878566585,0.387374064987066,0.457179237464839
h181,fairsmote,random,d2h1,1,0.323276644023487,0.360795083277896,0.37626364107533,0.391796217420179,0.459098134519052
h181,fairsmote,de,d2h1,2,0.339976948622789,0.359521188117591,0.379375838774524,0.406212428521666,0.503872690465205
h181,none,default,d2h1,3,0.346985684122473,0.408851249862097,0.431492556614414,0.451014397066126,0.496194806947287
h181,none,random,d2h1,3,0.375952849503355,0.408580216128754,0.437061841928681,0.459532930858014,0.502019005580775
h181,none,de,d2h1,3,0.391075737241844,0.416994476552522,0.443240203692769,0.459848286616958,0.569638894172363
h181,fairsmote,random,d2h2,1,0.010876675038147,0.042007873405854,0.065399444402084,0.097841575871094,0.161480842632523
h181,fairsmote,de,d2h2,1,0.013556285582478,0.04380629672798,0.068566284699889,0.095404736077436,0.178183613687774
h181,fairsmote,default,d2h2,1,0.013489229918058,0.040699814575795,0.070995620489046,0.103928822809218,0.159611994981663
h181,none,de,d2h2,2,0.026166777639721,0.073015891066475,0.10499870328714,0.177016262146616,0.23113078691666
h181,none,random,d2h2,2,0.023166839193245,0.066697896806386,0.110293900362361,0.141881110723269,0.212132705923973
h181,none,default,d2h2,2,0.012314762571549,0.074360949940489,0.12758610690628,0.174938022162413,0.235462293732181
h181,fairsmote,default,d2h3,1,0.225297691040941,0.247057816917959,0.255250682615528,0.267381740155026,0.308341497960537
h181,fairsmote,random,d2h3,1,0.223863809770563,0.247061647376358,0.258248545310424,0.267624773866666,0.307179037139261
h181,fairsmote,de,d2h3,2,0.231697591201261,0.247146233097698,0.264506421149299,0.276935820120892,0.33670347856517
h181,none,default,d2h3,3,0.244892968418627,0.292038717354899,0.306443607691331,0.317959338661286,0.357733953884967
h181,none,de,d2h3,3,0.267604445821632,0.297785574145284,0.307346101145159,0.322290447044373,0.411721494988663
h181,none,random,d2h3,3,0.264795147111658,0.288383725202972,0.309785858094117,0.318848851306528,0.34139484119934
h181,fairsmote,random,di-race,1,0.000657091898996,0.074769788401254,0.131793284115266,0.199936914203317,0.348560079443893
h181,fairsmote,de,di-race,1,0.000321981424149,0.067957904164801,0.13659793814433,0.190462662337662,0.372625299876807
h181,fairsmote,default,di-race,1,0.002247837110222,0.056148245525331,0.149719427244582,0.2039144287665,0.322905131044666
h181,none,de,di-race,2,0.010703363914373,0.13999044433827,0.222923049198054,0.368403639371381,0.486505494505495
h181,none,random,di-race,2,0.013421292083712,0.144072301967039,0.242240850541811,0.295415959252971,0.438311401572022
h181,none,default,di-race,2,0.026058631921824,0.158210985771782,0.264817629179331,0.362015235457064,0.494599492569772
h181,fairsmote,random,eod-race,1,0.000476190476191,0.013775971093044,0.039455782312925,0.073426573426574,0.138001253132832
h181,fairsmote,default,eod-race,1,0.001367677228174,0.020309477756286,0.045122396784801,0.076542269611577,0.170893868505294
h181,fairsmote,de,eod-race,1,0.001602564102564,0.025872340425532,0.046415441176471,0.070954907161804,0.140359517360256
h181,none,random,eod-race,1,0.000761614623001,0.026960784313726,0.047021943573668,0.082366215344939,0.211904761904762
h181,none,default,eod-race,2,0.001338240214118,0.026315789473684,0.052706552706553,0.09012539184953,0.198946886446886
h181,none,de,eod-race,2,0.003436426116838,0.025487256371814,0.065894465894466,0.102272727272727,0.181904761904762
h181,none,de,f1,4,0.271186440677966,0.460869565217391,0.483606557377049,0.515384615384615,0.548387096774194
h181,none,random,f1,4,0.407239819004525,0.459677419354839,0.487804878048781,0.522448979591837,0.56551724137931
h181,none,default,f1,3,0.413793103448276,0.473684210526316,0.502057613168724,0.524590163934426,0.600760456273764
h181,fairsmote,de,f1,2,0.426315789473684,0.53781512605042,0.570637119113573,0.592391304347826,0.616091954022989
h181,fairsmote,default,f1,1,0.481012658227848,0.560411311053985,0.574923547400612,0.595,0.635658914728682
h181,fairsmote,random,f1,1,0.479041916167665,0.554089709762533,0.575498575498576,0.591549295774648,0.635416666666667
h181,none,random,fr-race,1,0.0,0.004106776180698,0.006160164271047,0.009240246406571,0.015400410677618
h181,none,de,fr-race,1,0.0,0.004106776180698,0.007186858316222,0.010266940451745,0.020533880903491
h181,none,default,fr-race,2,0.005133470225873,0.008213552361396,0.01129363449692,0.014373716632444,0.021560574948665
h181,fairsmote,de,fr-race,3,0.0,0.007186858316222,0.01129363449692,0.016427104722793,0.032854209445585
h181,fairsmote,random,fr-race,4,0.007186858316222,0.010266940451745,0.012320328542095,0.015400410677618,0.029774127310062
h181,fairsmote,default,fr-race,5,0.01129363449692,0.015400410677618,0.017453798767967,0.020533880903491,0.027720739219713
h181,fairsmote,de,precision,5,0.358407079646018,0.462686567164179,0.503731343283582,0.522935779816514,0.580645161290323
h181,fairsmote,random,precision,4,0.425339366515837,0.481481481481481,0.515151515151515,0.532338308457711,0.608938547486033
h181,fairsmote,default,precision,3,0.461139896373057,0.516129032258065,0.534090909090909,0.545977011494253,0.615819209039548
h181,none,default,precision,2,0.579545454545455,0.62962962962963,0.67032967032967,0.701149425287356,0.795454545454545
h181,none,de,precision,1,0.526315789473684,0.655172413793103,0.683673469387755,0.71264367816092,0.788235294117647
h181,none,random,precision,1,0.568181818181818,0.662921348314607,0.68421052631579,0.710144927536232,0.813953488372093
h181,none,random,recall,4,0.304054054054054,0.345454545454545,0.379888268156425,0.407643312101911,0.45625
h181,none,de,recall,4,0.164383561643836,0.351851851851852,0.38125,0.406666666666667,0.45945945945946
h181,none,default,recall,3,0.311688311688312,0.374193548387097,0.403846153846154,0.420118343195266,0.49375
h181,fairsmote,default,recall,2,0.493506493506493,0.603658536585366,0.630573248407643,0.654320987654321,0.709459459459459
h181,fairsmote,de,recall,1,0.523529411764706,0.62962962962963,0.66,0.704819277108434,0.777027027027027
h181,fairsmote,random,recall,1,0.519480519480519,0.624161073825503,0.666666666666667,0.685185185185185,0.743589743589744
h181,none,de,spd-race,1,0.000893325581725,0.013892084675564,0.022437060146557,0.037370600414079,0.055385060799074
h181,none,random,spd-race,1,0.001138776298012,0.013720523059161,0.025499211265438,0.033812670034979,0.052577082374597
h181,fairsmote,de,spd-race,2,6.18243901975013e-05,0.0151137487636,0.028077026663076,0.047075854082224,0.110197116122105
h181,fairsmote,random,spd-race,2,0.000134223040344,0.015082417582418,0.0281102955016,0.0501443001443,0.0908594109526
h181,none,default,spd-race,2,0.002265967993202,0.013845350052247,0.029327734315079,0.04220621257485,0.066294209094442
h181,fairsmote,default,spd-race,2,0.000406486772637,0.010629591519299,0.029437921178658,0.044963849709613,0.077787988030442
heart,none,de,accuracy,1,0.711864406779661,0.76271186440678,0.813559322033898,0.85,0.933333333333333
heart,fairsmote,default,accuracy,1,0.7,0.779661016949153,0.813559322033898,0.85,0.916666666666667
heart,fairsmote,random,accuracy,1,0.711864406779661,0.796610169491525,0.813559322033898,0.85,0.966101694915254
heart,none,default,accuracy,1,0.728813559322034,0.796610169491525,0.816666666666667,0.85,0.932203389830508
heart,none,random,accuracy,1,0.694915254237288,0.796610169491525,0.816666666666667,0.85,0.933333333333333
heart,fairsmote,de,accuracy,1,0.516666666666667,0.779661016949153,0.830508474576271,0.85,0.949152542372881
heart,fairsmote,default,aod-age,1,0.004022988505747,0.039583333333333,0.086589880707528,0.149358974358974,0.322619047619048
heart,fairsmote,random,aod-age,1,0.001190476190476,0.048741258741259,0.098684210526316,0.141045548654244,0.379761904761905
heart,fairsmote,de,aod-age,1,0.0,0.056315029999241,0.10152972027972,0.153968253968254,0.297619047619048
heart,none,de,aod-age,1,0.0,0.052496626180837,0.104022988505747,0.170995670995671,0.30383651436283
heart,none,random,aod-age,2,0.004545454545455,0.075,0.115350877192982,0.173333333333333,0.417045454545455
heart,none,default,aod-age,2,0.01764705882353,0.067857142857143,0.123232323232323,0.184398496240601,0.417045454545455
heart,none,default,d2h1,1,0.074746002636286,0.166501110711649,0.191504760381956,0.242583334923632,0.339160567517976
heart,fairsmote,de,d2h1,1,0.058229784738809,0.158544632879087,0.193493922926576,0.254870852619908,0.89911221645453
heart,fairsmote,random,d2h1,1,0.043654547347407,0.156884580855826,0.194939973968665,0.239365216864484,0.354259491567871
heart,fairsmote,default,d2h1,1,0.08092381242931,0.162324252721926,0.196101396776082,0.248063847737535,0.345763067307037
heart,none,random,d2h1,1,0.075647694399663,0.163165131347096,0.206973036528902,0.258291840538292,0.325271001595904
heart,none,de,d2h1,1,0.069719427113112,0.167073525732984,0.211232035698633,0.280548789929826,0.360232900146378
heart,fairsmote,random,d2h2,1,0.079836833269017,0.209087717123312,0.246041760129305,0.315381724506611,0.525619002698647
heart,fairsmote,default,d2h2,1,0.092112990486211,0.186410520406436,0.246473914741476,0.302618544543429,0.493778173697363
heart,fairsmote,de,d2h2,1,0.069502037396809,0.202716885834577,0.254895008021118,0.321235775315076,0.447213595499958
heart,none,de,d2h2,2,0.059980063560248,0.210640927546612,0.280861554361052,0.326307508276051,0.42985174884882
heart,none,default,d2h2,2,0.103907447789947,0.225478708159346,0.293552706044472,0.346152880322016,0.552265043376278
heart,none,random,d2h2,2,0.117192083282806,0.224677496957759,0.298195810550829,0.352911297390082,0.552108969201062
heart,fairsmote,random,d2h3,1,0.122814794468155,0.20180070753546,0.232270887765868,0.263095301359687,0.422984646837719
heart,fairsmote,de,d2h3,1,0.151294391369479,0.202735548890101,0.232492494979253,0.281858145823877,0.685858027996976
heart,fairsmote,default,d2h3,1,0.15139984203377,0.198122478166543,0.234002130699244,0.257012183313427,0.403488553371567
heart,none,de,d2h3,2,0.132871444036054,0.226955804696077,0.250978397972718,0.293128696564835,0.389532499420882
heart,none,default,d2h3,2,0.137041064930052,0.218786441704052,0.252694103599532,0.301565134365664,0.429028803268199
heart,none,random,d2h3,2,0.127950344668169,0.232196561416083,0.264051399793213,0.293525606248938,0.428917190270773
heart,fairsmote,random,di-age,1,0.051851851851852,0.367816091954023,0.448529411764706,0.585714285714286,0.857707509881423
heart,fairsmote,default,di-age,1,0.0,0.346743295019157,0.478260869565217,0.532,0.843478260869565
heart,fairsmote,de,di-age,1,0.002849002849003,0.35978835978836,0.478260869565217,0.6,1.0
heart,none,de,di-age,2,0.111111111111111,0.413043478260869,0.513184584178499,0.612068965517241,0.825
heart,none,default,di-age,2,0.195266272189349,0.428571428571429,0.544117647058823,0.625,0.843478260869565
heart,none,random,di-age,2,0.198275862068966,0.428571428571429,0.567474048442907,0.655172413793103,0.826086956521739
heart,none,default,eod-age,1,0.006535947712418,0.041379310344828,0.1,0.181818181818182,0.625
heart,fairsmote,de,eod-age,1,0.0,0.05921052631579,0.113636363636364,0.166666666666667,0.363636363636364
heart,none,de,eod-age,1,0.0,0.04093567251462,0.116959064327485,0.166666666666667,0.5
heart,none,random,eod-age,1,0.006535947712418,0.035294117647059,0.119047619047619,0.18716577540107,0.625
heart,fairsmote,default,eod-age,1,0.0,0.066666666666667,0.131578947368421,0.191176470588235,0.428571428571429
heart,fairsmote,random,eod-age,1,0.0,0.086666666666667,0.135714285714286,0.169590643274854,0.476190476190476
heart,none,random,f1,1,0.65,0.727272727272727,0.792452830188679,0.838709677419355,0.925925925925926
heart,none,de,f1,1,0.611111111111111,0.711864406779661,0.792452830188679,0.830188679245283,0.933333333333333
heart,fairsmote,default,f1,1,0.631578947368421,0.740740740740741,0.8,0.836363636363636,0.920634920634921
heart,fairsmote,random,f1,1,0.619047619047619,0.75,0.807017543859649,0.846153846153846,0.962962962962963
heart,fairsmote,de,f1,1,0.0,0.736842105263158,0.807017543859649,0.842105263157895,0.941176470588235
heart,none,default,f1,1,0.628571428571429,0.761904761904762,0.807692307692308,0.836363636363636,0.923076923076923
heart,none,random,fr-age,1,0.0,0.0,0.0,0.016949152542373,0.067796610169492
heart,none,de,fr-age,1,0.0,0.0,0.0,0.016949152542373,0.084745762711864
heart,fairsmote,de,fr-age,1,0.0,0.0,0.0,0.016949152542373,0.067796610169492
heart,fairsmote,random,fr-age,1,0.0,0.0,0.016666666666667,0.016949152542373,0.101694915254237
heart,fairsmote,default,fr-age,2,0.0,0.016949152542373,0.033898305084746,0.05,0.101694915254237
heart,none,default,fr-age,3,0.0,0.033333333333333,0.05,0.066666666666667,0.11864406779661
heart,fairsmote,default,precision,2,0.652173913043478,0.772727272727273,0.8125,0.846153846153846,0.96
heart,none,default,precision,2,0.714285714285714,0.782608695652174,0.818181818181818,0.875,0.952380952380952
heart,fairsmote,random,precision,2,0.7,0.764705882352941,0.827586206896552,0.869565217391304,0.958333333333333
heart,fairsmote,de,precision,2,0.0,0.766666666666667,0.833333333333333,0.862068965517241,0.961538461538462
heart,none,de,precision,1,0.666666666666667,0.777777777777778,0.838709677419355,0.925925925925926,1.0
heart,none,random,precision,1,0.652173913043478,0.8,0.846153846153846,0.904761904761905,0.961538461538462
heart,none,de,recall,2,0.444444444444444,0.666666666666667,0.735294117647059,0.794117647058823,0.961538461538462
heart,none,random,recall,2,0.533333333333333,0.65625,0.75,0.794117647058823,0.923076923076923
heart,none,default,recall,1,0.55,0.714285714285714,0.785714285714286,0.827586206896552,0.96
heart,fairsmote,default,recall,1,0.592592592592593,0.740740740740741,0.785714285714286,0.833333333333333,0.961538461538462
heart,fairsmote,random,recall,1,0.52,0.75,0.785714285714286,0.827586206896552,1.0
heart,fairsmote,de,recall,1,0.0,0.7,0.794117647058823,0.846153846153846,0.96
heart,fairsmote,random,spd-age,1,0.024305555555556,0.2,0.254830917874396,0.34006734006734,0.524154589371981
heart,fairsmote,default,spd-age,1,0.0,0.199300699300699,0.26,0.333333333333333,0.489655172413793
heart,fairsmote,de,spd-age,1,0.0,0.196470588235294,0.263218390804598,0.333333333333333,0.524137931034483
heart,none,de,spd-age,1,0.041666666666667,0.203559510567297,0.270588235294118,0.366666666666667,0.485714285714286
heart,none,random,spd-age,2,0.076751946607342,0.223776223776224,0.30184331797235,0.385882352941176,0.591954022988506
heart,none,default,spd-age,3,0.074660633484163,0.237762237762238,0.318823529411765,0.366666666666667,0.591954022988506
