DS,Iteration,PP,DT,AS,LA,PT,PT scoring,Duration,Params,mar,sa,sdar,sd,effect size,mmre,pred25,Models built,Best params
effort/china.csv,0,none,minmax,none,svr,default,None,0.256955623626709,"{'la__kernel': 'rbf', 'la__degree': 3, 'la__coef0': 0.0, 'la__gamma': 'scale', 'la__C': 1.0, 'la__epsilon': 0.1}",3672.54075283417,0.372828862499278,7349.12225616166,0.204544686670323,0.235264989089476,1.35040574961023,0.143712574850299,,
effort/china.csv,0,none,minmax,none,svr,random search,"['sa', 'sd', 'effect size', 'pred25']",10.8616716861725,,2967.66098006888,0.493203360330323,5802.47414288103,0.370737162263209,0.314779649438448,0.965942594899244,0.209580838323353,192,pareto front
effort/china.csv,0,none,minmax,none,svr,sway,"['sa', 'sd', 'effect size', 'pred25']",66.3801481723785,,2919.91523232972,0.501357049270952,5572.92456155072,0.396024014754762,0.317141362355619,0.981971807173365,0.191616766467066,66,pareto front
effort/china.csv,0,none,minmax,none,svr,tpe,"['sa', 'sd', 'effect size', 'pred25']",432.071259260178,,2923.4660338435,0.500750667919644,5551.17909328068,0.398771385822304,0.317599923677038,0.98328287235039,0.191616766467066,3072,pareto front
effort/china.csv,0,none,minmax,none,svr,nsga-ii,"['sa', 'sd', 'effect size', 'pred25']",417.569502830505,,3837.86429629419,0.344596049908307,7417.80925490173,0.19128926143624,0.218885178253391,1.65252204550767,0.179640718562874,3000,pareto front
effort/china.csv,0,none,minmax,none,svr,nsga-iii,"['sa', 'sd', 'effect size', 'pred25']",398.700423002243,,3081.53335037137,0.473757023633473,5729.72173847933,0.376590402158944,0.301184617856283,1.2199878840584,0.173652694610778,3000,pareto front
effort/china.csv,0,none,minmax,none,svr,moead,"['sa', 'sd', 'effect size', 'pred25']",556.955674886703,,2982.76307935402,0.4906243281494,5778.04393968407,0.374540142850565,0.310687673110507,1.01990757508389,0.215568862275449,4200,pareto front
effort/china.csv,1,none,minmax,none,svr,default,None,0.254552364349365,"{'la__kernel': 'rbf', 'la__degree': 3, 'la__coef0': 0.0, 'la__gamma': 'scale', 'la__C': 1.0, 'la__epsilon': 0.1}",2733.24312836246,0.356111400242359,4755.22272079981,0.226368587078583,0.246262515471159,1.66086498441904,0.150602409638554,,
effort/china.csv,1,none,minmax,none,svr,random search,"['sa', 'sd', 'effect size', 'pred25']",10.332359790802,,2386.79107472416,0.437727457513478,5088.98344338075,0.169268435372708,0.304310876312498,1.13661617801463,0.180722891566265,192,pareto front
effort/china.csv,1,none,minmax,none,svr,sway,"['sa', 'sd', 'effect size', 'pred25']",66.0578231811523,,2114.8503402331,0.50179037856559,3746.78563920199,0.387269044564012,0.347687155695619,1.15875369213907,0.22289156626506,60,pareto front
effort/china.csv,1,none,minmax,none,svr,tpe,"['sa', 'sd', 'effect size', 'pred25']",437.925510883331,,2157.6296163898,0.491712574678571,3657.30488834327,0.402762472519649,0.339452729940449,1.18285980562812,0.204819277108434,3072,pareto front
effort/china.csv,1,none,minmax,none,svr,nsga-ii,"['sa', 'sd', 'effect size', 'pred25']",414.418203830719,,2385.84056415549,0.437951375727253,5051.13669670616,0.173695706561678,0.302215197365251,1.14649853170581,0.186746987951807,3000,pareto front
effort/china.csv,1,none,minmax,none,svr,nsga-iii,"['sa', 'sd', 'effect size', 'pred25']",417.958327531815,,2397.50131982431,0.435204372520037,5131.76026196676,0.161722940130109,0.302734522577859,1.15143518109965,0.180722891566265,3000,pareto front
effort/china.csv,1,none,minmax,none,svr,moead,"['sa', 'sd', 'effect size', 'pred25']",584.585673809052,,2133.15114275135,0.497479134539898,3775.12953846234,0.383643937578074,0.346522138374246,1.16351406192162,0.204819277108434,4200,pareto front
effort/china.csv,2,none,minmax,none,svr,default,None,0.239747047424316,"{'la__kernel': 'rbf', 'la__degree': 3, 'la__coef0': 0.0, 'la__gamma': 'scale', 'la__C': 1.0, 'la__epsilon': 0.1}",2917.53483418162,0.364974047808824,5674.33120155823,0.230472816179725,0.227709242228826,2.28066296502931,0.174698795180723,,
effort/china.csv,2,none,minmax,none,svr,random search,"['sa', 'sd', 'effect size', 'pred25']",10.9154362678528,,2472.84040813188,0.461765523279092,4337.68221145327,0.412615211252646,0.288353687319083,1.54076610180821,0.156626506024096,192,pareto front
effort/china.csv,2,none,minmax,none,svr,sway,"['sa', 'sd', 'effect size', 'pred25']",66.8361647129059,,2426.42149145918,0.471868990224683,4150.46503695289,0.438861196517549,0.293523481081501,1.44050644659823,0.174698795180723,60,pareto front
effort/china.csv,2,none,minmax,none,svr,tpe,"['sa', 'sd', 'effect size', 'pred25']",442.357606887817,,2423.97412118536,0.472401680912825,4079.37187456881,0.44554163946664,0.295585418564992,1.46769452828243,0.186746987951807,3072,pareto front
effort/china.csv,2,none,minmax,none,svr,nsga-ii,"['sa', 'sd', 'effect size', 'pred25']",421.264708995819,,2449.02111316953,0.466949992813707,4389.19536731197,0.403492925575236,0.291582888407912,1.49783778780484,0.156626506024096,3000,pareto front
effort/china.csv,2,none,minmax,none,svr,nsga-iii,"['sa', 'sd', 'effect size', 'pred25']",420.329944610596,,2674.41912246698,0.417890223655455,4442.55289032737,0.396761176653628,0.259997695357665,1.70673247877424,0.126506024096386,3000,pareto front
effort/china.csv,2,none,minmax,none,svr,moead,"['sa', 'sd', 'effect size', 'pred25']",601.57191157341,,2466.45904452639,0.463154480645557,4201.27113021423,0.431594427535373,0.289264801215178,1.49522220833471,0.144578313253012,4200,pareto front
effort/china.csv,3,none,minmax,none,svr,default,None,0.240862607955933,"{'la__kernel': 'rbf', 'la__degree': 3, 'la__coef0': 0.0, 'la__gamma': 'scale', 'la__C': 1.0, 'la__epsilon': 0.1}",3010.50514856293,0.365553112178373,6204.29301586537,0.257140565629467,0.210162428871929,2.6241836363235,0.167664670658683,,
effort/china.csv,3,none,minmax,none,svr,random search,"['sa', 'sd', 'effect size', 'pred25']",10.8294036388397,,2118.02662543634,0.553637899781409,3810.23778595287,0.543065436163061,0.317680802291804,1.64040242850256,0.233532934131737,192,pareto front
effort/china.csv,3,none,minmax,none,svr,sway,"['sa', 'sd', 'effect size', 'pred25']",68.3377311229706,,2268.63452743057,0.521898138516693,4736.60719076301,0.429326024202282,0.300545253206732,1.59599799384914,0.221556886227545,66,pareto front
effort/china.csv,3,none,minmax,none,svr,tpe,"['sa', 'sd', 'effect size', 'pred25']",436.91592168808,,2293.42134616251,0.516674457032216,4554.39857134668,0.450437268287901,0.297250078558047,1.54641232923873,0.191616766467066,3072,pareto front
effort/china.csv,3,none,minmax,none,svr,nsga-ii,"['sa', 'sd', 'effect size', 'pred25']",415.447202444077,,2110.6993268557,0.555182086404989,3791.58214742062,0.546672987590552,0.320274323847428,1.65994446549341,0.239520958083832,3000,pareto front
effort/china.csv,3,none,minmax,none,svr,nsga-iii,"['sa', 'sd', 'effect size', 'pred25']",416.875166654587,,2106.52547723023,0.556061701544121,3783.77083162909,0.544395851950877,0.317496345363211,1.66195219336178,0.239520958083832,3000,pareto front
effort/china.csv,3,none,minmax,none,svr,moead,"['sa', 'sd', 'effect size', 'pred25']",594.920206785202,,2072.34121636419,0.563265840666519,3773.04802937432,0.546910876843137,0.32258286603789,1.5937775897962,0.245508982035928,4200,pareto front
effort/china.csv,4,none,minmax,none,svr,default,None,0.240598917007446,"{'la__kernel': 'rbf', 'la__degree': 3, 'la__coef0': 0.0, 'la__gamma': 'scale', 'la__C': 1.0, 'la__epsilon': 0.1}",3378.11661530946,0.341589481429752,6326.06447890571,0.200483636872646,0.220725639638924,1.29131336418554,0.102409638554217,,
effort/china.csv,4,none,minmax,none,svr,random search,"['sa', 'sd', 'effect size', 'pred25']",11.0178718566895,,2746.06630418524,0.464779004024626,4943.16069894075,0.374902116528287,0.302028402455951,1.03127650466001,0.192771084337349,192,pareto front
effort/china.csv,4,none,minmax,none,svr,sway,"['sa', 'sd', 'effect size', 'pred25']",69.1628851890564,,2769.7571399515,0.460161550798903,4749.32032952095,0.400827762388484,0.297382454488777,1.09413748522359,0.186746987951807,66,pareto front
effort/china.csv,4,none,minmax,none,svr,tpe,"['sa', 'sd', 'effect size', 'pred25']",445.177816390991,,2797.22745326291,0.454807459957077,4724.44203932689,0.404916386259913,0.294119809952196,1.10795253035337,0.168674698795181,3072,pareto front
effort/china.csv,4,none,minmax,none,svr,nsga-ii,"['sa', 'sd', 'effect size', 'pred25']",420.737952470779,,2761.12460392776,0.461844071909692,4821.30221337655,0.394210757524557,0.29834390633835,1.17562623730158,0.180722891566265,3000,pareto front
effort/china.csv,4,none,minmax,none,svr,nsga-iii,"['sa', 'sd', 'effect size', 'pred25']",423.927299499512,,2736.18797830935,0.466704335327007,4907.95368494653,0.384099522039161,0.301534981374189,1.04597946886985,0.174698795180723,3000,pareto front
effort/china.csv,4,none,minmax,none,svr,moead,"['sa', 'sd', 'effect size', 'pred25']",594.066598892212,,2767.37566864849,0.460625710546519,5020.40648110849,0.368151768661393,0.299161806842038,1.03997935684958,0.186746987951807,4200,pareto front
effort/china.csv,5,none,minmax,none,svr,default,None,0.239886522293091,"{'la__kernel': 'rbf', 'la__degree': 3, 'la__coef0': 0.0, 'la__gamma': 'scale', 'la__C': 1.0, 'la__epsilon': 0.1}",3020.27010324956,0.367714567890121,5537.05690844606,0.204209488877084,0.252944984293877,1.48789148660112,0.180722891566265,,
effort/china.csv,5,none,minmax,none,svr,random search,"['sa', 'sd', 'effect size', 'pred25']",10.9062666893005,,2394.61799394197,0.498693156148961,4160.64236548266,0.399857495902519,0.34283073420749,1.0645150398948,0.198795180722892,192,pareto front
effort/china.csv,5,none,minmax,none,svr,sway,"['sa', 'sd', 'effect size', 'pred25']",70.8403482437134,,2449.67203241466,0.487167741098285,4405.53706339064,0.365140435909958,0.335185006014271,1.08546953889476,0.198795180722892,66,pareto front
effort/china.csv,5,none,minmax,none,svr,tpe,"['sa', 'sd', 'effect size', 'pred25']",445.428210496902,,2376.42204008346,0.502502430205509,3956.93298894877,0.432051549583402,0.345533646231385,1.05504942456005,0.210843373493976,3072,pareto front
effort/china.csv,5,none,minmax,none,svr,nsga-ii,"['sa', 'sd', 'effect size', 'pred25']",420.631445169449,,2391.73334926467,0.499297048762508,4292.10086987377,0.382151652647154,0.342580779864843,1.05178064166514,0.216867469879518,3000,pareto front
effort/china.csv,5,none,minmax,none,svr,nsga-iii,"['sa', 'sd', 'effect size', 'pred25']",421.300827980042,,2457.83711072265,0.485458403890123,4374.40233383993,0.366826021351256,0.334993916837091,1.08593580841532,0.198795180722892,3000,pareto front
effort/china.csv,5,none,minmax,none,svr,moead,"['sa', 'sd', 'effect size', 'pred25']",584.087886571884,,2425.99314114706,0.492124853371425,4354.19647466507,0.375319380309832,0.338874897920276,1.08878753776888,0.204819277108434,4200,pareto front
effort/china.csv,6,none,minmax,none,svr,default,None,0.238521575927734,"{'la__kernel': 'rbf', 'la__degree': 3, 'la__coef0': 0.0, 'la__gamma': 'scale', 'la__C': 1.0, 'la__epsilon': 0.1}",3042.24008242968,0.364560079685001,5436.30235472502,0.203031859513456,0.255998347889824,1.69409391460027,0.149700598802395,,
effort/china.csv,6,none,minmax,none,svr,random search,"['sa', 'sd', 'effect size', 'pred25']",11.0394802093506,,2703.33236699146,0.43534854011453,4307.32802025162,0.366426180628005,0.306202628367537,1.48280615479595,0.143712574850299,192,pareto front
effort/china.csv,6,none,minmax,none,svr,sway,"['sa', 'sd', 'effect size', 'pred25']",72.6799788475037,,2386.56260206228,0.501512994178274,4084.27830575891,0.403019343296101,0.350728906562267,1.16500739422573,0.191616766467066,66,pareto front
effort/china.csv,6,none,minmax,none,svr,tpe,"['sa', 'sd', 'effect size', 'pred25']",436.829665184021,,2389.80074822047,0.500836634890059,4025.02841866287,0.41256061929559,0.351249860607256,1.1573136599834,0.203592814371257,3072,pareto front
effort/china.csv,6,none,minmax,none,svr,nsga-ii,"['sa', 'sd', 'effect size', 'pred25']",418.00293135643,,2408.60021308743,0.496909945959092,4225.84625651576,0.380447476637701,0.348000188539014,1.14403925848186,0.203592814371257,3000,pareto front
effort/china.csv,6,none,minmax,none,svr,nsga-iii,"['sa', 'sd', 'effect size', 'pred25']",419.266873598099,,2395.60320366601,0.499624662223194,4200.61206558249,0.386645023077331,0.352584663400413,1.15356677489973,0.215568862275449,3000,pareto front
effort/china.csv,6,none,minmax,none,svr,moead,"['sa', 'sd', 'effect size', 'pred25']",587.140625715256,,2419.50681821509,0.494631857410703,4230.65095379252,0.377978846315857,0.348264832994082,1.19275448662651,0.191616766467066,4200,pareto front
effort/china.csv,7,none,minmax,none,svr,default,None,0.255411624908447,"{'la__kernel': 'rbf', 'la__degree': 3, 'la__coef0': 0.0, 'la__gamma': 'scale', 'la__C': 1.0, 'la__epsilon': 0.1}",3619.51513031581,0.37594058333661,7729.99157062227,0.219813343469191,0.220348210973463,1.35489099836607,0.126506024096386,,
effort/china.csv,7,none,minmax,none,svr,random search,"['sa', 'sd', 'effect size', 'pred25']",10.8665254116058,,3249.65924929066,0.439709358173017,6253.84307632588,0.371309551779814,0.258265443706583,1.175036124698,0.174698795180723,192,pareto front
effort/china.csv,7,none,minmax,none,svr,sway,"['sa', 'sd', 'effect size', 'pred25']",70.7835743427277,,3279.17126664809,0.434621037866692,6231.44028607468,0.371447989584696,0.254686470448356,1.20141135243831,0.180722891566265,60,pareto front
effort/china.csv,7,none,minmax,none,svr,tpe,"['sa', 'sd', 'effect size', 'pred25']",437.402536392212,,3281.69145140018,0.434186519714495,6224.62665325886,0.372008971230564,0.252983978176392,1.19845847740642,0.186746987951807,3072,pareto front
effort/china.csv,7,none,minmax,none,svr,nsga-ii,"['sa', 'sd', 'effect size', 'pred25']",416.162042856216,,3206.74252445262,0.447108853769322,6249.76913181563,0.367564479820931,0.260479746499583,1.14675962047569,0.186746987951807,3000,pareto front
effort/china.csv,7,none,minmax,none,svr,nsga-iii,"['sa', 'sd', 'effect size', 'pred25']",420.439890384674,,3229.59569600961,0.443168619677935,6222.49440912944,0.370710175827734,0.258445043246599,1.17211997467414,0.168674698795181,3000,pareto front
effort/china.csv,7,none,minmax,none,svr,moead,"['sa', 'sd', 'effect size', 'pred25']",596.417704343796,,3199.33426202586,0.448386150800025,6245.46469557971,0.37097563609951,0.261050327883289,1.14367860053897,0.186746987951807,4200,pareto front
effort/china.csv,8,none,minmax,none,svr,default,None,0.242501735687256,"{'la__kernel': 'rbf', 'la__degree': 3, 'la__coef0': 0.0, 'la__gamma': 'scale', 'la__C': 1.0, 'la__epsilon': 0.1}",2661.17108488963,0.35428568698061,4456.07340082541,0.221153226945655,0.254075503556718,2.20488501409385,0.174698795180723,,
effort/china.csv,8,none,minmax,none,svr,random search,"['sa', 'sd', 'effect size', 'pred25']",11.0035860538483,,1949.32917454006,0.527009084108177,2865.45059906275,0.501321253989307,0.378149148677678,1.40411602620084,0.198795180722892,192,pareto front
effort/china.csv,8,none,minmax,none,svr,sway,"['sa', 'sd', 'effect size', 'pred25']",70.8893496990204,,1955.50868555129,0.525509669534618,2881.13303495052,0.49807824092028,0.377581166560318,1.38775355860398,0.192771084337349,60,pareto front
effort/china.csv,8,none,minmax,none,svr,tpe,"['sa', 'sd', 'effect size', 'pred25']",443.374421358109,,1973.69463208781,0.521096978429896,2829.64141661967,0.505778424326169,0.375291619993729,1.31995712725037,0.168674698795181,3072,pareto front
effort/china.csv,8,none,minmax,none,svr,nsga-ii,"['sa', 'sd', 'effect size', 'pred25']",417.717340230942,,1925.60187139402,0.532766346141324,2838.92309755126,0.506098800232761,0.382057067167833,1.35713508343317,0.180722891566265,3000,pareto front
effort/china.csv,8,none,minmax,none,svr,nsga-iii,"['sa', 'sd', 'effect size', 'pred25']",422.806113004685,,1973.68755856327,0.521098694770519,2903.83035523298,0.49417462306388,0.374959576669023,1.41005535063065,0.156626506024096,3000,pareto front
effort/china.csv,8,none,minmax,none,svr,moead,"['sa', 'sd', 'effect size', 'pred25']",590.814352035522,,1947.34825867675,0.52748973931035,2816.99865877056,0.506890962368598,0.378650917570638,1.39458877789942,0.186746987951807,4200,pareto front
effort/china.csv,9,none,minmax,none,svr,default,None,0.253156900405884,"{'la__kernel': 'rbf', 'la__degree': 3, 'la__coef0': 0.0, 'la__gamma': 'scale', 'la__C': 1.0, 'la__epsilon': 0.1}",2830.11708047258,0.365915389151461,5964.31359933744,0.244000820419639,0.208324341321757,1.68707913299522,0.125748502994012,,
effort/china.csv,9,none,minmax,none,svr,random search,"['sa', 'sd', 'effect size', 'pred25']",10.7596912384033,,2266.26797042736,0.492245160448633,4500.1043057332,0.427676360573431,0.278516904078085,1.21325791932613,0.215568862275449,192,pareto front
effort/china.csv,9,none,minmax,none,svr,sway,"['sa', 'sd', 'effect size', 'pred25']",72.0901937484741,,2247.74716219508,0.496394727108471,4801.85475714098,0.389049400872444,0.283567889677752,1.10404989264107,0.197604790419162,60,pareto front
effort/china.csv,9,none,minmax,none,svr,tpe,"['sa', 'sd', 'effect size', 'pred25']",436.752128839493,,2221.3957860823,0.502298723866444,4589.9051366184,0.411986068208995,0.286035722662355,1.06700138814215,0.197604790419162,3072,pareto front
effort/china.csv,9,none,minmax,none,svr,nsga-ii,"['sa', 'sd', 'effect size', 'pred25']",413.147232294083,,2251.89911104377,0.49546448754766,4813.30356843844,0.391073147127946,0.2827761980135,1.10409342943414,0.203592814371257,3000,pareto front
effort/china.csv,9,none,minmax,none,svr,nsga-iii,"['sa', 'sd', 'effect size', 'pred25']",417.980822563171,,2215.47337413737,0.503625633731516,4559.60254016123,0.416422801317963,0.285721047854823,1.12062188375442,0.239520958083832,3000,pareto front
effort/china.csv,9,none,minmax,none,svr,moead,"['sa', 'sd', 'effect size', 'pred25']",591.852748632431,,2211.74811273808,0.504460274439837,4633.03529152505,0.411231941198175,0.286285010700877,1.05726380151432,0.221556886227545,4200,pareto front
effort/china.csv,10,none,minmax,none,svr,default,None,0.255810499191284,"{'la__kernel': 'rbf', 'la__degree': 3, 'la__coef0': 0.0, 'la__gamma': 'scale', 'la__C': 1.0, 'la__epsilon': 0.1}",2722.0693662441,0.366544231347752,4840.86623978315,0.216808107796553,0.256536719621059,1.55330423047762,0.210843373493976,,
effort/china.csv,10,none,minmax,none,svr,random search,"['sa', 'sd', 'effect size', 'pred25']",10.8824315071106,,1937.87386800281,0.549035231860898,3131.93929021073,0.492007348562553,0.382107601220606,1.13092331814033,0.253012048192771,192,pareto front
effort/china.csv,10,none,minmax,none,svr,sway,"['sa', 'sd', 'effect size', 'pred25']",72.8527534008026,,2115.9934175843,0.50758483475077,3606.86783960057,0.413806036716293,0.354493201704877,1.07507079628102,0.180722891566265,66,pareto front
effort/china.csv,10,none,minmax,none,svr,tpe,"['sa', 'sd', 'effect size', 'pred25']",433.113903999329,,2108.15990901965,0.509407779180694,3003.54714762963,0.51287963067964,0.353967711418142,1.12996408832296,0.174698795180723,3072,pareto front
effort/china.csv,10,none,minmax,none,svr,nsga-ii,"['sa', 'sd', 'effect size', 'pred25']",414.1566593647,,2138.25559477129,0.502404178909762,3760.91792389466,0.388490513623479,0.350537861493036,1.07944369990299,0.174698795180723,3000,pareto front
effort/china.csv,10,none,minmax,none,svr,nsga-iii,"['sa', 'sd', 'effect size', 'pred25']",414.587415218353,,1996.47007325049,0.535399244220183,3307.6391820175,0.46363022528751,0.373213058649202,1.10632647902465,0.204819277108434,3000,pareto front
effort/china.csv,10,none,minmax,none,svr,moead,"['sa', 'sd', 'effect size', 'pred25']",582.940235376358,,2168.89731078291,0.495273511333958,3098.35740504546,0.496848988097869,0.344808023427752,1.37639878950664,0.192771084337349,4200,pareto front
effort/china.csv,11,none,minmax,none,svr,default,None,0.242183208465576,"{'la__kernel': 'rbf', 'la__degree': 3, 'la__coef0': 0.0, 'la__gamma': 'scale', 'la__C': 1.0, 'la__epsilon': 0.1}",3770.67990067863,0.36249571166119,7056.9344427895,0.196062143155742,0.243501590026527,1.99610981362506,0.126506024096386,,
effort/china.csv,11,none,minmax,none,svr,random search,"['sa', 'sd', 'effect size', 'pred25']",10.8904972076416,,3083.73979320776,0.478635844443552,4940.93274614873,0.43802025953696,0.321226715628296,1.40846238137954,0.162650602409639,192,pareto front
effort/china.csv,11,none,minmax,none,svr,sway,"['sa', 'sd', 'effect size', 'pred25']",70.3528978824616,,3185.13000412006,0.461493924165319,5708.80208223937,0.348283587442896,0.31038569805471,1.36188320026956,0.174698795180723,66,pareto front
effort/china.csv,11,none,minmax,none,svr,tpe,"['sa', 'sd', 'effect size', 'pred25']",437.179397106171,,3168.10610135339,0.464372134807401,5503.4515414258,0.374228597069121,0.31260918318169,1.33496274787125,0.198795180722892,3072,pareto front
effort/china.csv,11,none,minmax,none,svr,nsga-ii,"['sa', 'sd', 'effect size', 'pred25']",417.999161243439,,3139.09809268225,0.469276483734154,4971.11872951993,0.434651031306662,0.316112955956535,1.56816609431438,0.180722891566265,3000,pareto front
effort/china.csv,11,none,minmax,none,svr,nsga-iii,"['sa', 'sd', 'effect size', 'pred25']",415.013110876083,,3093.08806012131,0.477055344267748,4889.12647991592,0.443806841553569,0.319783052473243,1.43436679071983,0.150602409638554,3000,pareto front
effort/china.csv,11,none,minmax,none,svr,moead,"['sa', 'sd', 'effect size', 'pred25']",584.61167216301,,3067.84270771202,0.48132354545307,4770.31939913073,0.459276101377505,0.323833332621508,1.42125984539718,0.156626506024096,4200,pareto front
effort/china.csv,12,none,minmax,none,svr,default,None,0.243868112564087,"{'la__kernel': 'rbf', 'la__degree': 3, 'la__coef0': 0.0, 'la__gamma': 'scale', 'la__C': 1.0, 'la__epsilon': 0.1}",2578.07084744204,0.347434147549606,4092.99699582116,0.195316433376037,0.267716461256594,1.57762706762859,0.155688622754491,,
effort/china.csv,12,none,minmax,none,svr,random search,"['sa', 'sd', 'effect size', 'pred25']",11.0255491733551,,2230.26730866474,0.435470794406177,3242.94268082652,0.367608474253006,0.336843959162048,1.23514657125693,0.221556886227545,192,pareto front
effort/china.csv,12,none,minmax,none,svr,sway,"['sa', 'sd', 'effect size', 'pred25']",70.7609758377075,,2322.17577061699,0.412206761968595,3280.10201386801,0.360182084274346,0.319285274868693,1.28309046449395,0.209580838323353,66,pareto front
effort/china.csv,12,none,minmax,none,svr,tpe,"['sa', 'sd', 'effect size', 'pred25']",439.263687372208,,2341.16266908874,0.407400764647418,3341.63206399275,0.343512374023002,0.313672902575207,1.28250173238352,0.197604790419162,3072,pareto front
effort/china.csv,12,none,minmax,none,svr,nsga-ii,"['sa', 'sd', 'effect size', 'pred25']",414.862934112549,,2217.15845452455,0.438788930750307,3230.97960692836,0.368863645314333,0.338179004591262,1.20903919214041,0.191616766467066,3000,pareto front
effort/china.csv,12,none,minmax,none,svr,nsga-iii,"['sa', 'sd', 'effect size', 'pred25']",416.126793622971,,2748.79091988063,0.304221180880432,3403.90996009754,0.334315840787341,0.234913725867612,1.75717882075884,0.161676646706587,3000,pareto front
effort/china.csv,12,none,minmax,none,svr,moead,"['sa', 'sd', 'effect size', 'pred25']",588.970803976059,,2225.73462498916,0.43661811531459,3237.73878939347,0.366855943741186,0.336814952059132,1.22586310259129,0.191616766467066,4200,pareto front
effort/china.csv,13,none,minmax,none,svr,default,None,0.238916635513306,"{'la__kernel': 'rbf', 'la__degree': 3, 'la__coef0': 0.0, 'la__gamma': 'scale', 'la__C': 1.0, 'la__epsilon': 0.1}",3994.65754903396,0.380585321090871,8164.59075341531,0.221588480309892,0.234631691859517,2.36292301459297,0.162650602409639,,
effort/china.csv,13,none,minmax,none,svr,random search,"['sa', 'sd', 'effect size', 'pred25']",10.9844341278076,,3088.51340264416,0.521092730948109,5912.82951379483,0.43634010117458,0.321316901359495,1.64672557372082,0.186746987951807,192,pareto front
effort/china.csv,13,none,minmax,none,svr,sway,"['sa', 'sd', 'effect size', 'pred25']",72.1183824539185,,3346.52300063987,0.481085563791407,7098.14400400834,0.324000124337385,0.297253979102405,1.55700603852382,0.174698795180723,60,pareto front
effort/china.csv,13,none,minmax,none,svr,tpe,"['sa', 'sd', 'effect size', 'pred25']",435.933962345123,,3373.92028880813,0.476837319168328,7148.79844513329,0.318899627684349,0.293594103253091,1.47787577833073,0.168674698795181,3072,pareto front
effort/china.csv,13,none,minmax,none,svr,nsga-ii,"['sa', 'sd', 'effect size', 'pred25']",415.497938871384,,3063.62415173771,0.524952077380004,5849.77837262746,0.439230274393471,0.32307511324246,1.50292787008601,0.186746987951807,3000,pareto front
effort/china.csv,13,none,minmax,none,svr,nsga-iii,"['sa', 'sd', 'effect size', 'pred25']",417.4194419384,,3074.53397729518,0.523260391419022,5858.54483758931,0.439576851205288,0.321086123071304,1.52947350615816,0.192771084337349,3000,pareto front
effort/china.csv,13,none,minmax,none,svr,moead,"['sa', 'sd', 'effect size', 'pred25']",582.650779247284,,3011.46121157296,0.533040503092721,5975.19636215595,0.429050496463306,0.329666091364053,1.42050883738848,0.210843373493976,4200,pareto front
effort/china.csv,14,none,minmax,none,svr,default,None,0.256249666213989,"{'la__kernel': 'rbf', 'la__degree': 3, 'la__coef0': 0.0, 'la__gamma': 'scale', 'la__C': 1.0, 'la__epsilon': 0.1}",2753.99376379098,0.356278218696827,4955.89207919839,0.209513593845934,0.24279006040048,1.35876620701102,0.162650602409639,,
effort/china.csv,14,none,minmax,none,svr,random search,"['sa', 'sd', 'effect size', 'pred25']",10.8272252082825,,2137.50825478134,0.50037627557151,3679.51808556093,0.417403413331991,0.340894091214113,0.953973387960621,0.198795180722892,192,pareto front
effort/china.csv,14,none,minmax,none,svr,sway,"['sa', 'sd', 'effect size', 'pred25']",72.6877067089081,,2141.4671819932,0.49945091121144,3352.05398373765,0.467697748124641,0.339478347670296,0.919795618312815,0.216867469879518,66,pareto front
effort/china.csv,14,none,minmax,none,svr,tpe,"['sa', 'sd', 'effect size', 'pred25']",434.524010181427,,2144.21582954595,0.498808439059872,3350.16116764622,0.468390810608835,0.339728382100409,0.922371457001672,0.216867469879518,3072,pareto front
effort/china.csv,14,none,minmax,none,svr,nsga-ii,"['sa', 'sd', 'effect size', 'pred25']",412.461040258408,,2142.31715330977,0.499252237903914,3605.39097809154,0.429187036674463,0.34008824754685,0.941881599334869,0.204819277108434,3000,pareto front
effort/china.csv,14,none,minmax,none,svr,nsga-iii,"['sa', 'sd', 'effect size', 'pred25']",415.051732778549,,2096.59277645924,0.509939908189226,3544.68890891517,0.435188483116076,0.347229384659642,0.907478699459851,0.204819277108434,3000,pareto front
effort/china.csv,14,none,minmax,none,svr,moead,"['sa', 'sd', 'effect size', 'pred25']",583.74144744873,,2166.19945803074,0.493669959563731,3611.22092673996,0.423996692823447,0.33516285372469,0.95944365756057,0.204819277108434,4200,pareto front
effort/china.csv,15,none,minmax,none,svr,default,None,0.240922451019287,"{'la__kernel': 'rbf', 'la__degree': 3, 'la__coef0': 0.0, 'la__gamma': 'scale', 'la__C': 1.0, 'la__epsilon': 0.1}",3087.90619749659,0.361700306347401,5662.13308735985,0.198627030104836,0.247607312451737,1.66311660954191,0.173652694610778,,
effort/china.csv,15,none,minmax,none,svr,random search,"['sa', 'sd', 'effect size', 'pred25']",10.9706747531891,,2412.04856375123,0.50140653217841,3909.58193638878,0.445641673094705,0.343679624721608,1.14590478507335,0.18562874251497,192,pareto front
effort/china.csv,15,none,minmax,none,svr,sway,"['sa', 'sd', 'effect size', 'pred25']",71.4387907981873,,2417.52235953536,0.500275046327266,3876.75738687455,0.451323308131009,0.343958076495636,1.19087828391164,0.203592814371257,66,pareto front
effort/china.csv,15,none,minmax,none,svr,tpe,"['sa', 'sd', 'effect size', 'pred25']",438.052141427994,,2472.29141285376,0.488953760083819,3782.39081887047,0.466259810132036,0.333532350803774,1.16176271443206,0.191616766467066,3072,pareto front
effort/china.csv,15,none,minmax,none,svr,nsga-ii,"['sa', 'sd', 'effect size', 'pred25']",417.838077783585,,2812.84698063821,0.418557672675226,4267.71864932532,0.396722916678975,0.28563986543209,1.33926892384631,0.137724550898204,3000,pareto front
effort/china.csv,15,none,minmax,none,svr,nsga-iii,"['sa', 'sd', 'effect size', 'pred25']",418.949624061585,,2428.96284411377,0.497910188933751,3891.79219380996,0.449897691070122,0.34152480308587,1.20196678719627,0.18562874251497,3000,pareto front
effort/china.csv,15,none,minmax,none,svr,moead,"['sa', 'sd', 'effect size', 'pred25']",584.550308227539,,2459.94188078997,0.491506526271944,3914.94762320363,0.444853517715692,0.335465675897852,1.21895061929886,0.197604790419162,4200,pareto front
effort/china.csv,16,none,minmax,none,svr,default,None,0.256191253662109,"{'la__kernel': 'rbf', 'la__degree': 3, 'la__coef0': 0.0, 'la__gamma': 'scale', 'la__C': 1.0, 'la__epsilon': 0.1}",2518.71724291077,0.344628650682326,4191.91438207971,0.246574349784994,0.239475213826484,1.95350841974688,0.144578313253012,,
effort/china.csv,16,none,minmax,none,svr,random search,"['sa', 'sd', 'effect size', 'pred25']",10.9229252338409,,2010.82985918331,0.476781174317819,3421.71865083018,0.378769982860598,0.332992105985391,1.31191491157114,0.174698795180723,192,pareto front
effort/china.csv,16,none,minmax,none,svr,sway,"['sa', 'sd', 'effect size', 'pred25']",70.8339102268219,,1895.78246678597,0.506716557101712,3144.83829751718,0.432562791841703,0.352859044147573,1.21472904748225,0.234939759036145,66,pareto front
effort/china.csv,16,none,minmax,none,svr,tpe,"['sa', 'sd', 'effect size', 'pred25']",441.60607457161,,1891.81166297048,0.507749762024478,3140.78561776479,0.429869950785084,0.354556919790488,1.19355523467691,0.228915662650602,3072,pareto front
effort/china.csv,16,none,minmax,none,svr,nsga-ii,"['sa', 'sd', 'effect size', 'pred25']",417.233802556992,,2016.45256612512,0.475318143465251,3427.13177909854,0.379080948384324,0.331329384328813,1.32311020130393,0.186746987951807,3000,pareto front
effort/china.csv,16,none,minmax,none,svr,nsga-iii,"['sa', 'sd', 'effect size', 'pred25']",419.550440311432,,1925.69058631423,0.498934451068985,3166.46041642553,0.425772969506647,0.347329163272181,1.17164472461438,0.192771084337349,3000,pareto front
effort/china.csv,16,none,minmax,none,svr,moead,"['sa', 'sd', 'effect size', 'pred25']",581.70556640625,,1924.83675199988,0.499156619138173,3150.93322089678,0.430804674063237,0.348512278862777,1.17517206564182,0.192771084337349,4200,pareto front
effort/china.csv,17,none,minmax,none,svr,default,None,0.241894245147705,"{'la__kernel': 'rbf', 'la__degree': 3, 'la__coef0': 0.0, 'la__gamma': 'scale', 'la__C': 1.0, 'la__epsilon': 0.1}",3731.7698436314,0.377891373551492,7694.58178328679,0.212900065445992,0.230179932675575,1.66446795724825,0.144578313253012,,
effort/china.csv,17,none,minmax,none,svr,random search,"['sa', 'sd', 'effect size', 'pred25']",11.0615770816803,,2994.62436435502,0.500777987898295,5792.90970206186,0.407255656584781,0.306715889057551,1.27913970923138,0.210843373493976,192,pareto front
effort/china.csv,17,none,minmax,none,svr,sway,"['sa', 'sd', 'effect size', 'pred25']",69.9926416873932,,3098.78407602885,0.483413933340839,6060.01523614258,0.380572906434226,0.296440655485374,1.32070550031199,0.180722891566265,60,pareto front
effort/china.csv,17,none,minmax,none,svr,tpe,"['sa', 'sd', 'effect size', 'pred25']",435.196634054184,,3066.58185633992,0.488782238327134,5817.21696513574,0.40567374591075,0.300774518209348,1.30481507834059,0.198795180722892,3072,pareto front
effort/china.csv,17,none,minmax,none,svr,nsga-ii,"['sa', 'sd', 'effect size', 'pred25']",416.883100986481,,2994.03602914619,0.500876066939604,5723.78356048482,0.413850996227716,0.306934189631708,1.26251576122391,0.198795180722892,3000,pareto front
effort/china.csv,17,none,minmax,none,svr,nsga-iii,"['sa', 'sd', 'effect size', 'pred25']",425.253453731537,,2991.66569057096,0.501271216731002,5638.32282894152,0.423908741347794,0.306902818883406,1.2680951620059,0.192771084337349,3000,pareto front
effort/china.csv,17,none,minmax,none,svr,moead,"['sa', 'sd', 'effect size', 'pred25']",594.947163820267,,2948.38906332566,0.508485692505505,5412.86106217176,0.446456702013918,0.312075501773353,1.33275996506049,0.186746987951807,4200,pareto front
effort/china.csv,18,none,minmax,none,svr,default,None,0.237610101699829,"{'la__kernel': 'rbf', 'la__degree': 3, 'la__coef0': 0.0, 'la__gamma': 'scale', 'la__C': 1.0, 'la__epsilon': 0.1}",2605.08521982179,0.349542321066624,4478.17160369275,0.246040432552546,0.236981511607655,1.91040133574694,0.173652694610778,,
effort/china.csv,18,none,minmax,none,svr,random search,"['sa', 'sd', 'effect size', 'pred25']",11.1727561950684,,2136.80425084162,0.46646630875573,3565.96226591382,0.396778070601737,0.316707962412238,1.22324112037437,0.167664670658683,192,pareto front
effort/china.csv,18,none,minmax,none,svr,sway,"['sa', 'sd', 'effect size', 'pred25']",71.4409976005554,,2149.698261252,0.463246833239206,3694.79656676098,0.375245276779093,0.314900757016401,1.30493595809712,0.18562874251497,66,pareto front
effort/china.csv,18,none,minmax,none,svr,tpe,"['sa', 'sd', 'effect size', 'pred25']",438.867878437042,,2107.12336229454,0.473877260891237,3547.21234982167,0.401004059944617,0.322345540701676,1.07246006322794,0.197604790419162,3072,pareto front
effort/china.csv,18,none,minmax,none,svr,nsga-ii,"['sa', 'sd', 'effect size', 'pred25']",416.508369207382,,2124.43796512879,0.469554017918023,3426.32171184306,0.41843968753019,0.318987996624829,1.249008639782,0.149700598802395,3000,pareto front
effort/china.csv,18,none,minmax,none,svr,nsga-iii,"['sa', 'sd', 'effect size', 'pred25']",422.102779150009,,2139.90448776432,0.465692217797962,3361.78206766433,0.43238508548105,0.315505848504236,1.27765352929831,0.161676646706587,3000,pareto front
effort/china.csv,18,none,minmax,none,svr,moead,"['sa', 'sd', 'effect size', 'pred25']",590.740787744522,,2136.82534925779,0.466461040741193,3691.72671122916,0.371859425792279,0.317470534572115,1.21753975060699,0.203592814371257,4200,pareto front
effort/china.csv,19,none,minmax,none,svr,default,None,0.23848557472229,"{'la__kernel': 'rbf', 'la__degree': 3, 'la__coef0': 0.0, 'la__gamma': 'scale', 'la__C': 1.0, 'la__epsilon': 0.1}",2891.55613763113,0.358394548339878,5294.96403118572,0.214265907856794,0.240290117877744,1.93064551016044,0.132530120481928,,
effort/china.csv,19,none,minmax,none,svr,random search,"['sa', 'sd', 'effect size', 'pred25']",11.0879130363464,,2916.02229420859,0.352965769269338,5092.53977873396,0.249015989772031,0.23465958899315,1.83551230306816,0.198795180722892,192,pareto front
effort/china.csv,19,none,minmax,none,svr,sway,"['sa', 'sd', 'effect size', 'pred25']",75.3001999855042,,2766.3568167106,0.386174941672503,4686.57362911583,0.305933682633645,0.258813725690457,1.79233301039942,0.198795180722892,60,pareto front
effort/china.csv,19,none,minmax,none,svr,tpe,"['sa', 'sd', 'effect size', 'pred25']",446.1915807724,,2888.74089670922,0.359019220259516,5010.36295963389,0.254052722265305,0.238694890063755,1.82737279105309,0.192771084337349,3072,pareto front
effort/china.csv,19,none,minmax,none,svr,nsga-ii,"['sa', 'sd', 'effect size', 'pred25']",419.5194272995,,2805.60088450166,0.377467101796121,4788.02542158451,0.287879984223418,0.251300274434805,1.84549780230368,0.234939759036145,3000,pareto front
effort/china.csv,19,none,minmax,none,svr,nsga-iii,"['sa', 'sd', 'effect size', 'pred25']",399.683093070984,,2818.83400498223,0.374530813569753,4884.82033747717,0.276243924780399,0.249939240953017,1.79248768726042,0.192771084337349,3000,pareto front
effort/china.csv,19,none,minmax,none,svr,moead,"['sa', 'sd', 'effect size', 'pred25']",584.847920656204,,2772.96861682249,0.384707853781015,4736.0805435485,0.297418902258809,0.25640480515663,1.7823221951305,0.192771084337349,4200,pareto front
effort/china.csv,20,none,minmax,none,svr,default,None,0.256999015808105,"{'la__kernel': 'rbf', 'la__degree': 3, 'la__coef0': 0.0, 'la__gamma': 'scale', 'la__C': 1.0, 'la__epsilon': 0.1}",3851.31125145993,0.375705138164125,7781.02145185437,0.202446933894252,0.236623632596201,1.46534607068996,0.180722891566265,,
effort/china.csv,20,none,minmax,none,svr,random search,"['sa', 'sd', 'effect size', 'pred25']",11.3721895217896,,2954.20441699466,0.521125528962769,5292.5615531263,0.458743920866434,0.32919977380864,1.08678559493888,0.22289156626506,192,pareto front
effort/china.csv,20,none,minmax,none,svr,sway,"['sa', 'sd', 'effect size', 'pred25']",72.492075920105,,3131.01837448214,0.492464110045131,6109.99663420631,0.373648548958561,0.312100991745561,1.04919899416924,0.198795180722892,66,pareto front
effort/china.csv,20,none,minmax,none,svr,tpe,"['sa', 'sd', 'effect size', 'pred25']",415.301735877991,,3311.17391828842,0.463261022320951,6861.28036057155,0.296089281938707,0.292618482142311,0.994701043648376,0.174698795180723,3072,pareto front
effort/china.csv,20,none,minmax,none,svr,nsga-ii,"['sa', 'sd', 'effect size', 'pred25']",391.007113695145,,3047.11567960697,0.506064678237302,5088.68095508293,0.480829686190251,0.318815304853404,1.22032162435422,0.192771084337349,3000,pareto front
effort/china.csv,20,none,minmax,none,svr,nsga-iii,"['sa', 'sd', 'effect size', 'pred25']",394.029102325439,,3032.76476686924,0.508390951160951,5310.89776107341,0.456612597600431,0.320546748269134,1.15422886455808,0.204819277108434,3000,pareto front
effort/china.csv,20,none,minmax,none,svr,moead,"['sa', 'sd', 'effect size', 'pred25']",550.863610982895,,2925.30447823387,0.525810188835141,5237.62124681381,0.46134079800132,0.331670476486748,1.02925011830045,0.228915662650602,4200,pareto front
