126,49,17,83,78,104,51,58,135,81,128,22,139,26,110,88,81,5,69,103,59,134,3,7,83,30,58,70,132,16,101,118,68,142,85,23,7,46,140,96,87,55,74,134,55,17,100,72,110,115,45,68,88,87,78,120,33,108,5,127,73,134,11,34,75,27,98,34,7,104,124,96,51,76,34,135,6,139,40,68,68,43,4,93,98,125,12,67,50,49,125,15,144,0,109,121,83,88,77,63,33,111,138,42,8,61,106,25,24,142,87,14,68,20,29,141,110,141,118,96,29,91,14,105,68,8,36,49,87,142,119,86,87,63,97,99,83,51,131,68,141,33,103,56,100
19,5,79,13,73,14,135,100,91,116,143,46,76,13,119,69,71,87,85,21,112,8,37,131,115,20,77,143,111,90,103,94,32,109,84,144,42,6,129,74,32,90,58,78,103,138,123,64,99,3,43,14,88,124,25,11,92,82,110,85,43,133,40,55,135,106,137,117,16,127,10,50,17,116,61,97,137,112,94,20,22,28,9,35,50,111,72,69,63,82,80,43,70,76,68,111,94,106,32,111,133,140,101,77,124,67,103,99,113,0,117,4,99,75,96,59,124,83,121,57,142,9,100,38,103,2,102,106,6,27,116,132,144,102,125,84,17,40,106,91,35,64,81,62,105
69,51,127,119,34,76,130,117,138,105,63,31,83,70,57,24,102,78,74,3,103,135,129,31,116,139,89,66,0,73,27,119,79,129,35,112,70,82,127,131,90,108,18,5,108,59,1,135,86,130,66,64,23,89,23,131,0,28,23,57,138,48,37,10,124,109,113,42,79,57,95,94,128,73,35,64,1,14,136,136,134,56,103,139,46,142,60,33,81,6,69,73,98,33,103,13,81,76,115,25,44,22,84,48,31,103,35,113,8,31,62,118,54,30,138,23,40,100,95,129,20,110,112,80,141,84,49,86,7,134,140,72,138,86,97,55,1,68,110,91,81,25,63,103,5
28,9,50,40,86,142,76,27,68,18,22,55,128,0,53,68,96,53,4,70,42,27,143,40,109,18,21,128,138,122,40,60,55,27,14,84,51,108,60,38,141,76,64,82,120,59,61,10,130,36,134,54,58,38,82,110,31,46,111,88,106,71,75,53,131,93,105,111,140,82,84,82,92,85,11,19,100,110,94,119,144,142,41,117,57,27,0,128,134,81,41,141,51,49,106,41,142,136,73,118,46,92,15,59,108,54,111,130,0,3,73,7,90,126,65,14,84,141,46,80,15,143,69,59,4,26,131,124,57,98,92,120,83,69,8,51,144,7,50,113,130,34,14,65,19
92,123,111,71,124,124,99,73,30,74,94,113,75,45,71,99,119,7,97,18,117,84,109,121,141,108,111,73,70,61,56,33,18,10,144,25,79,9,33,60,61,135,50,90,54,135,0,57,45,139,47,37,106,24,43,64,60,116,70,101,130,140,54,88,28,126,89,128,72,58,109,76,124,33,68,68,36,140,134,67,35,113,26,100,77,76,21,105,73,52,73,5,55,57,84,139,125,101,45,18,22,115,78,101,10,107,124,74,62,61,101,118,83,20,118,27,124,118,20,55,95,120,15,136,64,95,107,67,115,51,57,95,62,65,102,47,45,127,1,118,50,84,138,45,33
82,90,22,137,53,13,130,15,26,13,89,53,126,109,131,142,75,87,72,4,31,71,21,58,6,95,23,42,1,116,40,125,100,113,12,59,43,124,22,1,123,44,85,120,91,130,78,20,73,107,109,11,131,84,93,111,44,92,125,51,62,90,127,137,135,52,47,122,112,77,17,108,37,98,123,85,94,121,72,94,41,96,137,103,32,111,47,82,7,83,59,18,128,65,19,144,127,58,116,133,46,127,9,47,23,5,119,64,84,91,42,15,98,86,12,64,3,130,64,117,49,125,86,102,104,141,36,117,104,17,83,42,133,45,110,133,136,60,136,127,76,17,115,102,91
101,100,131,19,130,93,104,103,98,36,11,84,104,11,90,88,91,128,19,79,61,29,2,101,93,83,78,53,97,78,114,36,106,67,2,125,139,28,43,8,69,129,111,42,100,65,62,92,4,105,60,122,48,133,103,27,99,63,133,85,97,41,17,53,63,11,51,60,91,89,108,86,87,104,108,131,43,37,89,54,17,93,35,35,134,98,120,55,21,93,33,143,120,106,91,134,81,5,58,130,118,2,54,21,60,49,84,85,51,40,69,45,44,119,55,67,99,44,39,52,72,31,29,84,49,27,25,1,15,80,94,22,112,59,81,8,101,129,17,49,50,15,138,25,16
124,126,1,50,128,111,125,58,139,49,140,36,106,80,62,94,116,128,106,34,68,73,32,19,88,7,142,47,112,69,108,11,75,121,31,38,133,42,30,117,143,115,71,27,4,38,109,4,11,32,5,74,76,114,123,66,80,116,118,62,124,66,111,73,115,31,28,130,100,40,34,100,86,77,65,138,113,77,64,88,14,3,124,23,100,65,88,33,115,85,138,130,139,109,83,36,43,24,12,123,128,53,70,20,106,42,134,48,143,93,38,117,135,128,76,49,35,136,119,16,8,116,98,81,67,126,66,31,61,5,131,79,18,123,139,128,112,22,3,14,24,143,109,128,116
65,23,13,55,122,103,54,39,103,122,0,135,70,37,98,9,68,6,139,19,4,82,84,76,111,87,140,19,88,130,120,17,70,76,80,88,38,25,19,107,131,79,54,129,32,122,135,74,111,3,15,82,74,100,88,7,115,90,27,115,52,68,37,102,103,140,96,74,71,58,26,46,75,50,131,72,0,78,36,79,138,35,72,61,49,79,116,113,71,126,100,64,35,77,41,57,90,140,12,32,42,94,120,29,137,115,119,3,84,32,130,104,76,113,23,136,2,39,116,119,67,127,44,141,111,63,96,55,123,14,73,33,106,71,79,76,65,129,15,137,136,17,26,114,12
73,117,29,101,95,136,96,110,8,21,102,130,107,30,22,143,131,134,88,12,112,74,103,5,86,1,66,73,85,106,120,9,26,136,78,91,95,78,144,112,19,8,34,102,98,10,136,136,54,74,25,52,124,86,86,90,63,57,78,3,117,142,144,39,8,58,6,90,132,40,129,135,13,140,25,131,107,81,117,70,5,139,40,35,102,79,61,97,124,142,74,95,88,95,53,77,92,47,82,32,40,8,1,18,32,98,41,82,7,7,139,94,31,99,64,86,142,116,132,120,71,138,96,107,88,37,4,92,66,108,49,36,35,81,56,10,85,30,5,45,5,65,33,90,49
54,54,129,106,5,58,114,137,138,77,73,11,58,21,15,21,76,41,62,117,83,117,112,132,135,141,95,81,143,56,4,134,51,69,62,77,144,38,105,69,115,59,123,127,66,12,55,30,102,2,105,64,23,39,129,91,115,126,107,45,143,84,102,118,116,118,98,91,22,30,10,140,24,2,125,73,137,17,12,13,114,44,83,14,136,90,137,40,92,95,123,42,42,44,94,25,44,96,24,73,31,58,116,79,88,90,47,96,94,62,94,108,72,78,8,50,65,87,12,30,11,3,54,78,58,93,118,84,65,89,137,98,47,118,20,123,103,5,97,141,65,75,39,71,22
2,89,71,111,81,85,42,11,70,25,115,52,133,18,108,61,36,11,12,143,41,108,111,135,68,57,129,5,50,95,45,21,108,23,30,126,125,31,123,31,122,138,127,87,48,122,68,33,50,35,82,46,46,131,101,30,66,114,122,139,44,96,65,100,94,131,118,47,16,83,75,115,92,41,130,121,8,43,68,137,45,136,64,115,137,57,110,62,95,53,97,25,67,77,117,89,58,15,85,14,125,56,32,108,78,73,37,6,15,118,127,67,111,33,46,93,93,11,33,53,45,32,144,29,65,89,132,12,111,22,130,9,28,8,65,124,76,77,108,108,46,111,76,85,51
82,0,20,17,14,60,121,33,82,131,109,103,69,3,77,98,75,84,25,118,101,0,94,100,130,82,117,20,129,83,79,65,35,52,39,106,23,70,44,4,90,97,112,144,30,114,103,47,2,133,99,73,73,106,143,113,31,83,119,19,108,123,12,91,83,62,63,5,83,138,36,3,69,83,115,117,67,108,99,32,91,25,136,31,125,41,69,7,117,52,87,133,86,12,136,96,34,6,57,113,89,64,34,136,118,71,66,58,132,143,18,3,61,78,66,7,111,120,27,90,59,135,143,27,63,47,79,112,81,7,37,140,54,103,104,127,80,18,100,109,144,79,104,49,70
50,28,29,68,117,7,80,14,142,142,46,107,91,113,52,32,114,3,133,29,47,139,83,116,77,102,49,144,16,85,41,3,108,92,67,137,50,54,106,128,27,10,117,81,2,79,15,100,16,40,16,71,111,56,79,49,144,87,50,11,63,83,123,127,129,52,73,135,119,60,90,88,44,53,106,93,68,79,116,72,35,130,101,112,91,65,90,18,52,137,123,35,128,110,0,2,94,96,6,75,133,40,41,24,24,88,110,11,92,52,63,89,96,56,141,62,63,55,125,65,123,66,61,144,4,51,18,9,128,135,137,44,29,77,38,14,59,141,7,44,20,95,96,27,63
107,93,81,62,87,88,130,137,113,16,143,84,72,27,38,50,11,133,143,117,27,119,39,3,25,26,77,61,123,128,50,64,119,46,74,130,95,65,97,59,138,10,79,132,121,111,34,63,105,41,47,118,15,10,64,57,44,22,137,23,59,102,46,21,19,34,78,19,39,17,141,142,123,95,133,95,116,89,108,26,52,71,8,89,119,40,108,16,104,16,61,37,16,107,99,15,31,105,67,18,40,41,84,115,58,71,97,134,100,59,88,102,87,70,31,8,65,120,69,86,37,133,71,86,120,50,142,7,29,1,139,13,6,21,53,45,79,132,72,60,93,31,33,19,46
96,76,132,100,122,56,56,99,4,16,104,30,88,28,33,138,36,122,84,33,138,52,98,119,25,96,101,55,49,55,80,133,131,23,53,3,84,58,95,55,7,31,34,122,12,105,134,3,34,142,128,142,70,127,68,24,82,138,65,65,71,95,144,57,136,101,103,32,31,27,106,28,51,47,61,83,100,92,52,46,26,76,8,17,122,79,135,112,100,124,68,97,115,13,15,84,76,116,6,86,92,48,113,107,1,57,39,38,118,99,59,130,96,28,7,103,120,121,73,0,51,40,48,112,109,78,31,6,52,29,43,30,73,2,5,81,88,4,122,69,83,7,70,119,62
101,91,116,133,143,130,116,65,7,77,135,129,18,120,40,30,36,52,83,4,13,10,96,28,76,44,103,52,104,129,44,128,24,127,24,57,15,45,122,23,136,124,123,85,71,28,86,50,136,105,23,33,115,88,29,73,35,137,37,128,8,107,17,85,71,57,14,23,128,102,41,22,144,23,125,67,141,29,118,128,55,119,84,103,138,63,7,54,68,83,47,95,20,34,22,13,68,88,131,77,0,78,41,130,128,142,82,57,102,138,142,24,88,66,85,65,86,100,141,117,82,12,105,34,60,140,99,54,103,97,55,88,119,113,45,58,8,43,138,138,87,117,42,10,115
135,121,17,44,84,118,56,62,111,61,23,101,74,136,87,17,127,55,26,31,44,55,66,119,71,0,66,40,109,32,49,25,14,31,34,123,13,97,134,84,6,6,75,9,95,34,30,39,135,4,31,62,111,74,14,141,115,80,107,4,53,120,113,67,9,86,84,53,51,46,100,67,92,142,59,27,77,13,68,68,97,20,64,102,21,144,115,130,113,75,67,21,24,37,98,77,75,2,48,59,131,133,77,128,78,88,15,53,140,36,75,107,53,27,93,50,124,99,25,62,131,122,137,60,0,32,138,75,133,19,79,99,24,61,13,27,81,36,53,21,51,19,63,85,141
100,82,19,138,108,57,135,99,90,101,136,92,12,54,34,6,58,2,135,105,118,86,82,38,29,43,68,37,27,41,118,115,40,20,92,96,123,13,44,89,138,129,92,118,40,138,90,45,93,73,77,84,125,16,95,135,57,8,88,74,88,123,16,62,78,83,97,119,101,119,31,1,10,91,52,44,117,31,32,67,1,84,29,11,86,128,96,130,129,115,80,89,6,106,114,91,87,142,69,101,74,118,141,52,121,9,2,67,143,10,42,52,136,16,109,32,97,49,56,85,56,72,30,81,78,96,115,82,113,21,58,5,21,55,42,118,123,113,117,59,36,133,28,83,35
118,14,127,104,127,120,55,66,120,135,7,110,142,43,24,1,98,19,78,46,9,26,41,7,125,37,6,59,72,113,5,65,86,3,52,125,144,116,136,15,24,31,108,48,111,13,132,100,143,70,129,89,61,30,71,128,130,76,73,141,92,92,58,122,99,50,16,59,53,56,115,65,138,55,53,61,67,139,64,22,68,61,52,82,110,48,81,63,135,88,48,18,94,34,41,88,67,40,133,131,66,112,9,39,65,15,59,61,37,120,18,78,127,101,49,98,82,89,61,93,65,28,12,104,102,22,102,6,134,108,24,61,70,123,91,49,102,30,125,47,101,98,57,125,2
115,76,20,99,87,130,138,5,122,17,120,34,3,110,96,90,76,131,100,68,144,128,76,16,87,137,2,122,96,96,93,105,125,125,8,134,91,45,7,85,58,78,110,56,41,116,22,0,43,76,4,82,22,14,12,79,98,18,119,125,52,56,26,5,63,55,9,81,144,109,98,124,2,103,54,24,72,117,17,53,55,141,36,32,53,17,6,82,118,137,115,91,118,80,14,125,71,82,10,140,25,45,114,137,87,88,105,19,92,59,78,120,12,45,117,36,139,72,102,17,20,18,80,105,51,28,19,107,125,13,34,40,51,133,40,9,36,51,73,100,87,134,74,90,62
139,68,68,87,109,138,128,63,94,118,130,118,109,122,102,108,46,142,94,80,36,114,57,86,83,127,62,1,59,31,119,127,55,40,121,87,46,28,138,14,105,69,112,13,13,84,87,16,124,126,112,55,65,97,80,20,1,91,74,128,51,16,23,91,89,13,109,23,97,41,40,112,43,107,25,7,100,56,49,23,130,81,130,92,137,33,21,15,143,79,19,116,78,65,61,89,115,58,130,80,108,16,36,124,61,97,12,131,109,124,26,110,1,19,124,101,77,129,126,97,54,28,87,92,71,96,124,86,54,119,4,40,57,99,3,11,13,3,91,125,0,76,59,86,99
46,63,54,5,5,115,105,127,120,66,61,7,116,140,30,103,109,5,138,42,87,12,86,58,61,119,60,81,31,65,25,35,67,38,13,120,37,30,3,142,136,2,17,32,5,85,143,43,144,23,3,38,69,1,111,14,47,99,144,12,127,12,42,86,26,71,21,63,1,126,119,102,139,137,69,72,130,116,132,9,83,36,127,85,38,97,55,47,140,105,142,72,94,42,101,133,119,86,92,119,68,74,140,78,108,124,84,133,121,77,107,96,133,128,29,91,116,74,49,14,28,124,74,30,99,42,131,142,12,127,130,110,105,39,22,9,36,121,136,99,12,86,140,140,110
135,77,66,77,97,3,64,110,118,109,127,126,96,25,102,139,101,31,121,83,99,48,135,94,72,125,91,135,85,2,97,88,29,46,21,36,37,122,117,9,26,86,55,12,60,104,35,43,77,97,121,102,138,56,80,47,28,13,128,69,57,122,92,118,14,109,46,32,5,144,59,86,32,79,108,142,96,109,131,49,71,139,62,59,66,126,126,118,55,134,112,84,70,6,141,0,120,135,59,42,131,1,90,142,33,138,123,62,21,102,103,139,21,38,17,133,56,110,68,114,80,17,122,52,10,77,21,118,80,119,134,63,49,110,37,99,43,10,100,109,122,64,90,35,32
112,86,34,102,46,37,109,143,133,20,8,128,53,84,81,132,120,9,141,76,132,37,67,67,133,30,124,111,109,18,65,54,94,124,94,81,85,95,110,28,71,63,114,28,77,106,124,45,93,67,106,137,132,10,64,25,130,81,87,58,16,74,131,7,53,110,79,0,69,120,58,133,42,53,126,20,40,63,38,88,142,36,16,4,92,68,113,62,53,113,131,74,119,7,17,97,122,29,86,91,142,98,37,18,23,34,25,114,110,82,141,139,72,64,111,117,46,67,136,130,142,102,123,60,137,41,136,55,31,74,7,27,103,51,66,130,134,135,100,33,64,11,99,90,142
65,112,117,32,139,84,30,58,35,110,77,120,103,4,38,92,136,12,36,127,12,83,63,30,69,47,41,129,43,133,72,55,50,108,7,24,0,111,34,47,92,55,38,104,40,36,14,17,104,104,90,128,89,64,6,16,92,89,100,31,55,135,138,124,101,43,6,113,40,43,23,102,88,117,47,104,144,58,106,17,131,64,121,78,106,139,115,58,9,65,23,121,46,57,91,3,50,101,82,3,127,70,0,89,31,102,115,57,136,60,126,65,79,87,94,57,34,68,120,28,8,105,29,110,113,5,74,114,33,108,131,1,119,27,101,82,109,13,110,116,118,53,10,70,118
81,59,113,76,128,2,11,47,120,58,52,16,3,112,120,74,129,101,36,90,98,68,15,30,49,85,114,113,30,81,82,51,58,34,53,40,138,109,137,96,112,6,82,105,17,44,117,116,130,41,90,43,52,101,87,41,39,86,62,110,31,8,36,75,43,59,24,18,112,38,120,95,22,107,136,24,75,1,140,7,50,79,133,69,51,143,63,82,22,19,68,119,19,21,118,61,40,99,46,133,92,62,77,143,101,112,29,95,27,132,26,77,92,42,10,115,118,72,12,140,132,77,42,18,86,79,64,109,134,74,20,125,108,65,69,38,55,40,49,124,126,135,139,134,138
143,117,68,2,116,16,54,129,25,62,53,123,114,111,92,45,136,111,120,25,33,108,23,60,60,52,26,55,102,11,42,29,60,77,70,5,102,58,73,36,18,53,19,13,142,129,35,34,116,28,132,105,4,23,86,33,61,102,26,6,89,5,82,61,139,0,74,103,133,69,75,84,42,44,68,15,31,79,15,49,104,130,8,72,1,118,130,36,68,133,76,132,50,115,2,8,91,27,36,142,67,113,113,53,38,43,112,37,131,121,80,31,89,5,140,47,46,86,92,144,31,96,80,83,43,139,54,136,141,76,51,107,54,47,63,36,38,57,80,122,24,111,58,121,112
86,18,97,5,74,109,110,44,45,44,111,64,33,56,55,133,123,61,118,82,50,18,5,144,63,52,23,109,35,0,34,33,11,112,79,106,70,1,142,16,52,140,51,125,64,95,126,11,69,135,110,91,66,20,123,65,118,135,10,137,94,123,27,99,136,130,110,77,122,65,18,100,95,138,64,30,23,122,61,4,128,105,3,51,77,122,127,110,133,72,32,51,144,39,17,59,112,128,103,95,101,116,130,61,34,126,124,47,103,95,57,8,16,16,101,62,121,126,49,66,109,12,113,2,104,86,88,64,4,75,64,7,3,70,111,138,23,104,115,34,53,118,52,12,69
19,27,86,53,15,10,34,116,60,26,101,33,139,54,96,144,101,69,93,68,75,71,17,107,71,46,108,124,56,109,13,48,18,96,63,30,17,134,35,44,99,37,46,137,119,17,88,103,101,7,69,106,144,98,127,78,36,128,138,56,95,33,1,122,53,106,121,140,96,106,15,51,144,125,98,54,59,94,20,106,60,12,115,85,60,141,62,110,91,104,52,119,41,144,115,91,105,97,33,94,140,66,22,32,71,109,135,14,83,100,52,82,9,126,36,112,108,127,59,108,7,21,15,28,81,139,29,16,72,112,131,24,75,124,78,3,39,114,72,128,135,33,70,125,33
31,90,102,36,117,77,79,71,110,38,141,77,49,127,80,143,96,66,135,100,41,20,124,23,47,120,21,87,33,33,38,137,133,19,40,32,62,10,1,81,125,31,127,132,95,110,124,104,51,0,139,22,24,53,80,114,94,26,133,29,35,18,90,21,10,95,139,26,10,119,70,74,101,128,18,81,52,30,23,108,87,93,98,63,141,66,134,9,141,36,17,112,11,61,126,70,56,6,4,93,78,131,86,42,6,27,66,51,66,107,46,125,130,40,113,31,141,3,134,37,103,49,30,59,80,99,101,29,11,18,41,2,48,59,53,130,115,54,75,51,80,112,95,59,127
96,36,18,138,62,45,128,69,43,128,102,108,66,55,98,94,77,52,78,2,54,52,27,84,79,128,132,88,81,105,50,78,64,141,86,23,142,42,3,133,44,96,31,26,32,134,53,100,76,40,65,128,109,129,54,112,96,64,143,90,22,8,27,115,131,34,64,50,79,7,6,42,122,8,45,81,142,55,110,70,52,78,15,74,9,120,49,99,37,113,122,3,127,20,143,137,84,121,22,55,51,99,52,77,121,56,39,30,37,0,44,64,129,0,114,73,131,121,75,64,132,75,57,18,89,79,35,116,138,63,94,72,15,89,144,101,65,112,27,54,61,52,58,79,59
70,93,118,125,67,143,127,106,16,133,139,129,68,18,136,86,34,0,106,87,125,141,80,79,122,137,143,49,125,125,142,52,127,50,28,1,86,130,107,121,7,32,31,106,24,77,90,71,91,69,65,75,101,117,42,114,32,10,92,18,51,90,4,104,7,27,57,90,132,15,138,3,121,83,9,125,27,84,72,67,108,104,63,70,14,12,0,38,90,118,137,87,57,57,32,2,40,57,77,90,67,38,141,57,16,3,39,37,109,83,46,51,129,71,65,42,98,44,136,52,80,121,47,126,113,23,19,52,101,132,70,14,133,121,131,118,53,122,65,117,133,112,91,46,70
6,21,24,141,111,80,49,38,8,94,69,84,136,1,79,19,122,40,25,126,16,100,13,35,44,141,32,100,128,98,85,75,30,88,95,119,134,3,18,10,5,30,135,98,119,19,97,115,1,140,128,87,64,42,11,116,3,129,25,8,45,68,28,94,21,77,85,14,28,121,46,5,33,37,124,60,31,10,47,69,108,11,73,24,16,46,43,41,96,65,93,0,11,18,14,66,114,38,9,122,67,86,102,24,12,81,3,135,49,55,140,125,86,41,137,97,130,128,58,1,66,143,98,55,83,61,24,25,52,21,57,36,135,84,12,22,2,114,94,109,26,94,45,7,86
84,84,66,61,140,122,135,131,12,94,66,135,81,85,83,105,117,80,122,73,19,64,74,18,50,116,74,17,113,67,18,12,60,68,64,26,53,110,81,42,92,18,20,86,112,95,88,105,84,116,15,67,41,90,20,29,49,86,44,2,64,69,116,138,118,95,95,6,81,2,14,82,55,41,85,104,42,38,42,72,64,4,142,18,49,127,97,32,83,122,58,96,55,33,110,137,139,105,120,59,79,125,25,94,15,1,5,87,64,44,23,94,26,113,125,49,9,105,127,19,65,65,26,56,10,8,76,135,59,86,46,125,22,81,142,86,109,105,124,114,17,48,42,86,109
20,33,53,32,43,112,105,96,96,2,132,31,38,42,106,143,92,126,19,50,98,114,65,39,23,99,21,26,51,4,92,32,31,134,106,85,0,80,144,107,103,30,123,66,34,61,62,134,97,100,131,7,79,10,7,15,91,100,130,53,62,9,143,124,124,81,26,131,109,128,135,15,14,127,90,136,123,138,63,26,89,72,79,48,144,22,77,141,5,80,58,130,137,77,61,97,84,104,26,74,91,82,78,116,30,142,26,57,54,79,47,140,4,124,32,133,121,18,30,109,118,106,76,97,83,25,81,62,49,22,92,101,40,53,43,133,24,142,22,44,13,7,88,69,118
17,122,97,14,144,67,42,13,74,126,44,94,41,120,130,126,85,118,29,70,36,8,40,135,17,44,61,45,103,116,138,75,29,60,31,124,24,89,139,87,139,121,38,96,47,43,92,37,21,123,63,55,122,126,100,99,16,36,65,18,141,62,90,40,138,114,81,124,130,39,102,83,138,59,114,122,59,79,79,102,61,30,133,81,13,80,7,0,94,77,125,69,78,59,5,65,19,117,62,66,28,89,117,11,29,33,33,103,2,62,118,65,18,137,10,38,19,2,71,60,132,121,57,52,86,62,29,8,128,59,1,62,70,80,81,35,24,24,136,68,100,20,96,8,13
135,25,92,101,122,109,132,37,57,24,122,93,93,97,122,128,74,10,74,37,35,33,81,16,58,74,139,63,65,63,75,50,3,83,144,111,24,89,26,89,141,42,117,44,46,7,112,40,0,86,57,76,47,17,140,42,120,128,50,121,112,38,110,36,41,84,87,11,76,102,47,25,67,82,124,42,42,44,62,86,26,116,93,44,141,112,27,30,21,108,0,66,99,55,42,46,87,119,129,63,57,121,22,82,78,121,51,53,95,124,14,42,24,114,30,95,26,5,37,135,79,15,92,97,140,68,139,35,77,136,142,64,116,19,66,18,35,107,39,88,100,27,82,35,131
44,96,30,140,30,127,32,2,143,65,138,40,104,118,98,4,46,99,23,59,43,66,55,99,94,47,76,8,100,141,113,69,4,104,140,49,141,108,118,7,83,16,22,95,4,61,33,122,66,12,38,51,118,21,10,23,15,69,14,64,92,97,122,52,11,141,43,19,29,87,46,37,132,120,103,36,57,78,56,2,109,28,56,70,27,102,137,15,105,115,0,65,90,120,101,73,17,106,2,55,113,2,125,108,86,118,59,139,7,9,120,86,15,122,121,134,120,61,129,112,106,137,35,37,93,129,110,133,41,52,143,31,41,90,106,18,5,34,21,127,22,67,111,24,138
51,26,105,107,121,124,65,39,21,91,7,62,98,140,5,12,101,7,116,44,106,28,93,115,66,86,111,68,29,140,13,57,112,112,41,74,13,91,101,71,58,85,113,99,140,49,72,81,108,103,23,133,9,35,18,46,88,19,6,57,31,65,96,15,141,68,85,62,31,18,137,53,121,125,2,101,65,98,93,79,37,80,56,41,124,115,34,79,114,90,133,118,9,73,19,11,20,21,129,16,35,116,83,113,37,106,81,118,104,38,42,36,12,113,42,59,52,142,42,100,65,122,132,90,4,133,92,17,2,132,54,96,98,87,54,60,137,14,16,33,40,9,5,141,104
121,102,111,34,60,124,19,115,74,114,30,24,93,55,119,57,30,124,138,5,11,21,101,109,114,118,28,74,93,25,72,32,105,75,140,139,48,57,24,92,97,105,141,101,65,1,35,53,133,22,123,4,109,16,27,39,29,107,53,141,54,56,96,14,126,122,104,106,71,92,113,13,71,82,112,113,125,9,25,66,125,54,7,109,69,63,26,35,27,140,63,44,137,60,123,141,101,134,81,42,100,10,62,50,139,62,24,115,63,130,143,98,71,89,110,94,121,133,142,135,133,103,142,124,113,1,103,9,111,69,74,35,95,2,97,38,59,24,9,65,54,58,108,99,12
19,117,51,114,96,16,58,4,69,16,22,135,25,137,142,46,79,79,32,141,102,16,66,4,124,55,27,120,59,71,20,109,81,122,19,29,71,105,136,81,99,42,137,23,38,26,26,119,85,93,1,78,20,70,136,93,52,105,117,29,112,68,89,68,80,37,140,33,18,16,46,119,123,122,122,28,102,48,42,57,3,35,125,39,102,43,68,16,138,76,67,115,21,103,106,140,88,39,96,5,29,83,130,6,51,108,133,6,15,45,39,136,33,2,106,137,1,4,135,57,116,65,64,106,44,17,143,32,40,122,99,107,44,7,122,15,51,87,20,105,11,34,80,140,118
139,126,115,22,23,100,108,85,120,69,20,92,111,121,103,109,4,132,49,143,131,96,40,47,1,27,8,126,63,6,39,51,88,134,96,1,35,71,35,114,123,44,122,47,0,114,83,86,108,116,38,61,16,102,10,142,71,130,107,40,68,73,97,107,85,58,62,127,85,80,103,53,9,112,43,108,134,19,73,48,58,58,87,26,70,5,120,19,106,49,27,27,71,72,123,9,118,77,33,11,138,139,77,64,101,14,103,95,133,45,81,55,49,38,44,107,40,49,56,23,56,89,103,27,134,104,1,4,96,110,112,30,117,129,76,78,106,113,61,8,34,132,63,95,17
128,10,45,60,127,41,71,132,14,44,118,129,102,73,115,54,16,21,107,10,42,60,76,53,31,93,143,140,21,108,30,15,5,39,71,80,88,37,15,55,117,138,76,75,59,73,46,61,1,118,84,126,135,111,136,58,76,20,89,81,136,134,109,116,30,125,13,48,37,121,48,104,80,79,128,123,92,24,0,64,83,75,107,97,58,109,79,43,48,93,22,51,79,35,65,67,28,15,44,100,136,120,42,65,121,53,17,143,6,35,67,37,97,57,42,8,61,131,4,64,124,35,6,1,10,111,36,80,44,95,69,95,72,131,115,71,6,84,34,52,85,137,8,4,89
66,104,138,5,80,77,78,49,97,71,103,65,7,58,73,85,116,111,61,74,30,135,132,127,90,62,5,105,137,144,119,10,49,28,4,33,77,86,125,91,89,102,120,124,109,86,81,138,56,50,75,93,115,33,106,17,31,67,14,30,29,18,14,90,30,12,56,108,85,98,108,25,88,102,109,46,13,117,3,1,93,115,81,32,36,134,125,123,37,92,13,142,6,98,139,49,72,116,13,14,135,133,109,31,64,35,118,124,75,14,76,137,0,41,17,26,45,66,74,101,128,94,113,139,28,35,71,26,112,54,78,20,132,52,11,49,91,22,71,111,0,105,100,109,34
103,5,142,116,100,101,72,19,106,56,73,6,25,107,7,33,129,144,53,135,113,14,117,33,94,25,93,62,135,99,96,24,13,143,87,8,110,101,95,95,19,101,64,62,94,69,101,126,89,105,100,144,13,67,104,116,50,72,54,58,92,110,108,55,12,41,99,140,112,95,28,21,129,51,83,133,29,7,142,97,85,67,73,15,80,140,140,12,122,132,37,56,129,57,70,74,9,87,26,140,79,119,141,100,70,59,17,93,137,84,54,3,88,92,132,41,21,28,44,117,54,16,37,20,10,131,134,44,35,94,99,135,122,62,134,47,94,129,84,141,28,0,12,79,31
69,23,140,49,110,126,83,55,89,51,115,99,89,90,54,40,28,111,50,33,142,26,28,95,43,103,119,103,106,1,100,97,132,126,48,70,15,3,123,134,97,88,97,33,96,38,107,142,111,84,138,66,13,127,101,48,8,123,144,115,135,113,55,33,78,73,8,76,85,27,95,64,50,121,57,40,144,107,14,85,89,131,43,138,107,76,18,26,95,82,74,41,51,135,123,89,30,19,84,120,144,43,9,39,5,136,142,124,15,24,136,68,104,78,40,102,92,68,57,107,140,40,124,141,22,22,113,6,7,60,101,118,38,27,16,33,117,83,91,12,73,34,15,73,142
19,140,116,22,41,104,56,17,20,5,107,89,20,36,3,132,121,10,19,110,122,48,84,45,76,133,61,99,42,26,53,11,96,63,38,29,73,123,133,139,110,73,106,59,109,55,62,1,39,77,143,8,83,131,3,131,33,115,23,20,62,19,14,144,23,134,26,128,25,53,70,59,35,113,35,26,0,62,124,132,7,119,3,17,143,13,109,112,105,101,38,66,9,4,35,45,120,63,49,139,14,78,0,115,34,85,51,115,106,75,55,102,68,70,81,139,59,83,16,139,15,126,123,71,19,122,116,66,86,22,131,134,114,92,103,16,134,57,101,87,0,32,11,18,103
72,84,72,98,107,86,104,58,139,4,2,73,56,99,63,72,86,24,94,121,69,109,109,51,45,86,123,80,142,60,4,117,25,39,107,140,111,82,13,25,96,127,37,109,9,33,58,20,5,132,15,83,57,120,49,41,136,13,33,121,81,72,116,103,100,97,102,105,100,141,31,67,75,86,24,133,127,85,33,84,94,128,132,136,132,19,69,77,92,82,78,139,2,5,124,12,36,60,49,4,29,76,77,57,58,143,46,121,82,23,105,81,87,10,136,55,62,75,24,69,102,93,61,79,1,48,30,81,109,11,100,38,100,81,43,69,96,42,144,12,30,89,43,61,67
52,47,43,133,124,98,103,42,29,87,124,134,97,103,142,7,75,86,84,103,127,117,92,95,80,134,83,36,26,47,107,144,81,98,122,99,60,6,68,73,76,17,123,107,49,71,125,89,49,53,33,54,141,71,109,21,100,85,13,13,76,94,84,33,16,9,14,41,104,97,32,34,62,12,23,20,104,139,22,132,46,17,71,58,131,22,135,80,66,140,5,14,76,103,99,141,54,66,72,20,109,121,89,100,121,10,137,129,94,40,16,117,55,58,47,143,130,9,62,88,117,26,125,32,64,28,27,85,46,100,85,85,104,11,134,102,135,113,6,42,126,73,113,22,130
142,120,90,9,25,91,118,53,94,100,4,92,78,98,101,12,47,13,49,0,38,35,83,53,32,60,12,30,4,71,57,78,92,110,97,108,7,3,30,97,73,23,132,85,90,137,91,142,77,97,134,125,16,76,51,71,111,7,56,95,67,98,38,45,81,72,57,16,81,34,50,13,121,88,117,82,140,32,86,101,128,83,30,25,79,40,136,64,76,126,49,128,51,108,68,13,74,58,118,71,45,36,31,109,91,57,6,84,39,95,30,108,80,54,98,31,15,108,23,106,56,36,135,57,28,45,60,113,133,41,47,75,70,23,91,144,50,138,1,129,23,4,112,54,90
72,101,18,114,140,50,77,12,143,85,70,68,35,25,32,137,70,116,117,93,94,124,68,128,119,29,102,7,124,116,123,115,15,76,122,9,73,27,36,99,11,0,52,32,0,101,43,6,13,7,116,30,113,8,144,96,103,54,26,117,0,93,58,30,26,93,35,60,17,79,74,92,6,61,43,140,21,114,119,128,7,95,13,142,105,113,106,136,111,13,55,50,3,107,78,36,35,141,58,128,125,42,58,72,87,114,93,60,75,50,128,4,65,74,64,102,1,128,22,82,136,132,128,17,78,53,103,99,7,110,79,111,15,52,115,110,80,83,106,32,25,108,106,107,24
94,0,4,14,121,125,40,89,33,8,47,56,133,60,118,44,122,102,66,56,70,83,24,110,42,72,142,79,48,38,30,84,127,64,52,7,20,80,59,115,116,36,13,123,127,82,95,67,95,51,35,51,128,84,123,132,59,64,61,54,80,139,0,7,99,80,114,60,107,22,141,100,132,40,19,58,62,97,137,129,80,41,101,140,107,83,132,103,110,128,72,60,69,54,68,106,93,69,119,38,133,114,19,35,61,31,140,140,129,40,112,62,134,141,93,58,80,59,73,125,23,109,135,26,118,18,54,52,17,109,133,104,27,120,18,44,47,78,9,121,5,15,76,43,44
30,63,28,46,26,113,29,61,14,44,7,97,13,97,31,29,122,116,35,65,73,73,138,85,86,13,44,23,53,79,84,81,52,0,88,111,127,80,90,61,13,83,4,82,18,143,47,62,8,79,20,35,129,68,7,34,128,110,48,41,50,10,33,133,99,90,140,144,3,87,14,114,36,96,103,8,44,104,113,78,21,88,68,23,36,142,68,29,122,1,67,99,49,142,118,129,20,98,84,88,17,140,111,122,31,95,27,100,130,121,125,79,49,92,45,42,123,23,53,77,11,67,55,12,100,24,94,11,95,77,142,134,87,67,55,10,68,117,117,13,48,123,102,16,84
140,35,84,143,41,136,142,14,18,129,38,24,5,142,114,51,23,22,104,61,24,136,38,23,55,24,87,12,58,33,22,112,61,112,126,92,96,23,140,62,133,74,28,137,21,37,23,63,5,37,144,29,55,86,118,74,24,92,130,54,135,114,118,116,103,42,1,25,33,141,107,91,123,111,27,42,14,82,129,125,104,21,95,37,17,84,131,7,91,64,79,95,23,144,39,69,119,5,38,120,16,69,52,75,4,9,18,122,11,79,73,74,30,31,130,37,38,42,25,70,92,111,116,66,107,12,34,108,140,133,63,111,67,144,50,50,139,128,48,143,40,1,52,53,15
86,69,10,59,139,60,82,53,53,5,118,115,95,69,3,115,7,93,125,112,59,23,78,53,81,17,138,144,40,28,128,61,10,77,20,57,70,102,127,28,30,52,6,39,130,88,7,105,124,101,139,84,100,84,63,36,47,12,37,123,53,81,35,102,1,134,131,108,52,144,64,27,122,129,54,123,80,58,76,104,7,41,47,12,51,70,118,131,21,62,82,96,113,40,104,25,133,42,5,113,85,22,117,79,32,83,7,56,34,28,10,93,27,16,77,12,56,136,119,107,103,108,66,67,131,128,25,123,141,6,69,22,60,31,44,20,33,24,60,36,70,70,95,63,22
22,103,24,126,143,91,116,64,133,99,8,94,27,47,54,131,101,2,130,77,39,105,52,130,4,78,59,114,139,12,58,108,15,78,53,64,58,30,40,74,88,61,50,43,81,89,45,55,40,94,100,73,19,50,40,39,132,132,69,69,92,140,86,106,26,37,61,117,127,137,93,64,96,5,60,1,98,76,133,0,22,92,112,126,139,6,6,58,94,21,109,66,75,73,101,108,139,39,44,138,136,109,120,10,22,89,48,16,15,26,42,122,94,9,37,68,116,6,19,111,100,125,8,88,13,14,131,23,45,100,142,16,8,59,142,89,55,96,17,111,113,66,38,63,25
25,21,104,19,18,70,136,58,17,44,36,22,88,66,116,62,94,119,2,52,33,76,122,73,31,117,41,75,136,47,138,4,37,54,17,16,125,126,96,102,39,97,72,21,110,117,122,97,26,129,92,38,120,2,105,3,49,9,100,0,109,142,103,100,125,8,136,35,29,64,100,77,56,132,87,95,138,25,98,46,12,43,38,34,42,18,46,94,123,118,108,93,33,96,80,43,109,129,8,83,22,120,120,104,139,43,5,49,67,121,55,73,20,129,85,98,41,41,64,55,102,6,27,130,15,38,29,117,14,109,39,15,128,133,36,3,32,93,44,22,63,30,85,79,2
38,140,74,21,56,139,94,21,4,46,119,91,49,109,77,9,140,107,121,47,126,120,78,5,5,26,101,143,14,55,92,116,10,88,24,2,63,34,132,18,127,16,126,103,123,22,36,31,84,29,135,49,12,15,90,81,57,48,78,140,9,103,34,50,142,3,10,103,103,129,100,78,21,4,139,88,33,106,80,49,34,30,50,10,10,45,65,42,129,122,61,54,73,97,31,121,116,69,43,120,0,132,9,52,134,27,3,90,2,85,77,0,99,94,113,62,125,88,108,69,11,26,87,84,8,110,126,71,40,40,132,118,90,105,35,110,122,66,37,26,48,95,56,110,52
87,103,90,3,143,23,23,58,136,3,92,33,38,31,136,18,59,83,111,4,4,60,22,143,41,28,124,92,40,61,42,97,80,10,113,31,4,126,61,105,68,24,130,103,2,63,116,77,21,104,13,39,82,142,40,133,13,47,14,141,31,43,125,126,14,51,126,72,94,137,2,15,127,144,137,82,141,69,86,18,41,130,119,132,1,137,41,122,92,61,101,25,98,53,59,127,98,100,127,122,24,31,71,52,32,45,26,5,65,92,55,40,57,35,29,94,50,87,122,41,139,84,136,20,106,105,0,67,143,100,19,32,13,4,14,28,48,42,56,82,43,77,41,21,86
74,18,7,33,88,104,13,32,52,106,7,143,61,25,118,136,132,84,70,125,83,134,80,53,79,55,126,85,109,28,103,102,49,28,35,61,25,27,38,37,137,105,4,20,69,103,44,64,27,70,135,12,55,67,47,120,64,58,37,64,27,40,77,110,80,72,49,107,72,2,65,75,102,105,71,41,122,87,85,90,8,7,115,46,86,37,15,141,41,74,122,104,130,114,123,83,94,109,0,88,44,139,120,53,53,12,127,99,57,36,119,87,138,24,77,80,92,60,9,84,102,18,143,26,130,5,113,57,72,115,91,29,13,78,12,135,90,115,32,97,8,42,95,100,37
42,18,47,114,78,125,64,135,107,59,73,143,42,138,31,81,120,55,28,60,48,63,62,83,59,52,33,1,48,89,108,85,126,19,124,32,95,58,132,108,101,116,106,133,8,69,11,114,12,112,104,22,18,138,101,139,116,133,119,94,9,119,129,63,45,37,117,20,9,41,90,12,139,116,77,104,91,15,76,34,115,91,84,51,40,139,111,53,18,140,36,24,37,34,125,135,76,92,42,136,31,104,105,142,123,7,26,11,7,46,117,36,95,2,75,27,142,135,40,142,4,61,47,92,39,140,87,131,41,102,0,86,78,131,30,53,122,17,103,68,45,34,2,52,132
72,18,131,72,79,8,119,7,132,64,128,72,115,107,5,31,52,78,38,124,95,35,6,91,26,129,77,15,141,88,32,69,53,88,128,44,81,60,11,25,10,54,65,47,98,55,31,142,56,105,39,108,15,63,92,81,118,37,142,99,1,112,105,74,5,80,130,48,96,43,100,48,107,1,22,108,78,125,130,15,68,118,135,41,108,14,76,121,135,56,27,54,97,91,12,33,72,18,80,15,60,0,92,95,51,13,22,43,119,133,12,130,79,9,103,124,88,1,115,98,104,12,144,82,91,0,9,61,138,54,128,9,43,116,53,93,16,27,66,137,30,0,73,5,125
11,105,5,128,85,27,29,69,26,3,65,38,70,24,60,51,70,7,29,134,18,89,102,47,137,126,31,13,93,28,68,131,35,137,49,136,130,43,63,52,71,89,99,100,107,20,138,91,52,74,141,120,111,25,126,5,16,135,63,131,131,78,29,41,117,70,53,105,78,70,34,56,88,31,82,58,144,125,121,50,86,119,53,135,1,74,136,68,124,111,103,25,27,2,32,65,137,92,110,83,39,53,107,75,132,58,118,132,97,45,72,44,62,67,58,94,1,49,32,66,8,126,78,46,140,14,47,4,108,34,144,55,117,47,93,8,81,70,30,14,13,132,9,62,117
98,44,66,65,68,114,92,57,98,143,19,113,68,92,46,109,22,36,142,61,126,96,85,97,111,45,107,46,7,22,40,57,121,93,16,96,15,67,97,57,138,94,76,127,122,58,32,71,106,72,82,70,111,10,14,51,67,141,130,28,105,87,0,62,133,21,98,74,96,144,5,139,114,142,108,30,144,43,35,115,82,66,67,77,16,129,118,101,78,109,127,2,41,75,139,82,92,51,96,49,35,88,96,40,53,126,20,73,41,94,73,46,42,118,6,15,55,57,107,122,58,102,30,31,117,144,17,98,49,9,126,135,73,0,69,25,72,106,51,8,129,21,45,101,26
100,126,26,105,68,44,7,22,55,130,31,108,135,141,41,75,5,12,61,48,96,2,89,137,100,84,7,83,76,41,38,142,14,112,89,137,133,25,66,94,51,49,12,4,68,50,4,90,47,113,60,134,144,22,11,114,29,83,32,112,139,4,12,139,31,14,95,64,15,139,9,126,97,103,46,94,41,65,25,35,127,128,15,10,131,16,51,71,63,92,53,79,30,41,142,38,123,22,35,93,91,22,74,11,64,10,133,138,85,136,25,80,1,15,110,142,119,54,108,42,69,61,118,51,72,89,106,108,15,6,84,21,6,105,118,32,60,141,33,107,29,88,18,117,35
141,10,139,45,1,19,120,134,100,3,110,127,26,18,38,54,23,128,42,127,42,124,64,6,78,75,91,28,78,101,99,21,77,13,71,72,49,36,90,127,132,135,9,58,58,60,111,76,35,116,48,77,123,128,43,82,65,32,136,85,37,11,28,64,138,137,48,107,85,3,23,26,21,103,59,17,83,89,57,132,56,3,4,68,0,94,89,130,99,29,71,53,63,16,135,6,18,86,4,53,75,44,71,22,21,142,29,82,117,29,48,101,125,55,52,62,79,61,113,98,28,104,65,112,117,86,19,8,56,79,129,5,121,128,21,78,108,42,125,71,118,84,20,77,57
9,70,89,24,76,132,32,69,90,94,59,33,15,51,121,69,117,14,19,84,132,89,54,97,50,87,35,97,122,12,55,109,14,104,32,61,76,40,111,82,92,30,50,15,97,18,43,81,95,51,88,1,144,69,118,109,138,10,52,22,80,53,120,131,91,123,32,81,76,35,133,76,143,1,94,99,46,99,84,72,83,78,131,53,17,127,4,122,118,134,7,57,56,103,9,138,70,44,125,56,141,118,99,113,40,11,104,83,102,7,58,69,30,59,13,122,91,143,144,7,52,60,134,125,143,32,89,41,40,71,136,144,107,25,13,6,34,130,106,102,124,52,110,36,39
78,44,89,30,58,76,32,9,98,140,37,136,15,5,139,109,106,90,129,143,10,75,71,9,103,25,5,94,126,107,100,71,15,85,58,126,85,8,9,58,1,49,20,30,77,55,117,35,125,60,49,0,137,116,69,111,131,67,65,99,63,131,57,79,125,1,100,37,70,125,29,137,107,40,91,74,41,109,102,67,35,3,80,64,100,137,57,5,58,77,93,144,13,17,10,137,77,7,15,111,37,93,120,12,91,81,85,60,36,74,112,121,99,87,15,85,132,62,62,10,5,143,24,1,3,43,129,111,33,5,55,25,61,77,35,8,11,35,117,117,127,137,127,43,103
26,49,120,101,67,104,97,72,129,143,125,76,54,57,50,27,2,68,113,139,6,81,33,11,123,97,50,77,122,30,132,119,62,101,78,104,49,55,84,76,51,75,115,21,75,64,109,70,40,41,113,81,33,27,51,104,132,29,27,65,87,22,70,128,57,121,109,75,40,139,126,73,62,112,112,110,134,80,114,8,30,43,90,82,57,9,22,122,12,114,137,140,11,17,34,89,97,23,62,108,133,65,18,40,53,125,116,139,41,25,5,47,68,45,131,131,43,33,43,74,138,82,107,139,42,131,31,74,93,80,84,62,17,47,77,27,144,81,58,55,20,50,98,113,108
21,34,103,65,66,50,29,53,122,87,114,32,112,0,87,84,135,20,39,92,101,143,102,126,88,123,99,134,52,90,36,45,94,116,125,75,78,2,71,76,27,90,67,130,129,100,86,44,116,140,114,106,74,95,59,42,15,41,60,117,25,16,47,37,94,125,30,134,64,138,138,55,57,124,13,131,93,104,104,134,93,55,39,99,33,143,97,141,25,65,103,52,53,36,58,110,52,56,118,5,38,81,30,55,114,138,108,98,137,127,52,124,137,144,133,7,5,15,135,109,85,92,60,112,8,29,105,55,12,43,52,130,84,119,61,128,81,70,81,94,120,118,79,74,123
64,96,30,86,121,49,133,118,59,9,48,77,22,40,69,118,91,104,30,103,79,78,137,91,126,76,26,14,134,51,2,116,71,108,32,16,20,132,125,67,77,2,12,118,116,34,102,89,9,83,26,11,74,121,131,105,65,93,132,115,85,24,131,91,19,132,9,137,50,66,54,4,135,87,59,136,124,126,79,144,85,98,9,51,94,62,112,127,112,27,20,132,49,2,15,55,74,10,137,0,81,136,13,122,143,116,77,66,69,39,108,76,63,128,130,59,111,54,58,100,55,139,12,51,58,98,73,0,114,5,128,90,94,27,69,88,141,35,118,51,15,20,53,84,104
18,92,123,57,4,61,66,28,21,111,109,107,52,101,4,127,105,13,3,116,133,12,128,129,104,49,41,133,136,38,43,104,127,65,41,103,0,62,48,122,41,45,141,63,63,9,74,29,100,45,143,45,90,13,1,139,30,70,124,50,144,13,67,123,33,129,124,109,15,82,9,129,36,84,132,63,39,103,39,36,105,140,63,133,80,86,10,144,114,92,29,112,39,18,56,123,45,105,129,44,140,129,45,30,81,62,53,39,123,38,56,78,66,2,41,118,44,122,125,88,118,22,4,59,4,29,107,119,48,73,0,34,47,135,144,13,63,80,121,0,40,29,46,96,88
29,81,76,141,26,57,125,96,57,25,135,144,109,15,93,133,55,2,80,112,124,66,75,67,121,136,0,111,100,108,77,16,133,102,123,118,126,4,98,113,113,101,8,144,14,17,96,50,41,140,123,98,84,63,71,85,138,108,9,13,134,122,136,37,1,88,55,119,74,44,74,37,62,2,85,113,35,138,132,16,8,41,58,115,50,57,139,79,135,138,62,8,37,130,58,105,138,102,99,90,104,31,102,87,66,109,136,102,114,115,65,1,99,67,124,70,17,76,31,18,137,48,49,132,95,6,20,138,122,134,47,131,93,53,79,80,79,60,91,69,103,20,119,21,81
105,51,124,44,137,60,108,43,104,115,36,131,82,141,83,7,31,29,96,75,112,68,124,37,46,92,53,86,20,136,141,40,19,7,110,87,106,27,123,46,15,60,115,7,74,107,107,1,37,5,129,113,37,75,63,15,98,51,113,135,139,61,18,13,46,115,26,96,130,30,133,99,69,83,100,120,75,142,32,94,43,96,107,92,34,71,25,13,20,93,142,119,51,54,93,90,142,7,61,115,38,42,59,102,84,92,25,104,0,11,26,43,125,85,35,140,112,37,95,8,94,128,133,107,105,100,53,76,25,66,85,35,33,120,142,83,75,60,0,10,54,72,61,102,121
5,116,85,87,32,104,47,99,47,3,49,96,104,8,21,130,34,32,115,17,16,56,16,132,10,32,91,37,139,7,14,54,137,74,121,29,54,29,42,86,109,140,22,116,108,7,138,136,14,54,7,59,83,29,60,113,117,126,101,127,35,39,85,112,136,27,67,93,54,94,128,69,38,138,16,90,142,113,92,18,68,48,109,45,133,114,16,70,55,97,126,14,96,12,61,134,15,9,42,54,48,61,19,63,90,68,95,102,140,140,105,120,23,125,115,96,74,87,35,125,131,89,80,90,129,82,120,9,47,19,113,99,26,139,3,92,80,77,102,75,39,58,130,14,102
14,23,49,138,120,53,137,133,88,101,65,18,42,5,106,99,133,73,35,118,103,103,55,129,52,105,89,104,137,87,122,75,36,132,73,141,35,132,116,122,126,138,106,19,31,117,87,26,54,67,74,141,87,0,77,110,64,96,126,37,28,113,134,133,2,140,115,118,104,104,108,105,52,128,131,106,88,43,82,20,99,77,58,132,3,67,139,15,113,143,114,107,112,74,140,12,91,21,54,26,108,119,16,45,100,137,127,39,18,33,94,116,73,37,59,141,144,50,101,35,73,108,43,122,39,15,3,13,70,86,92,61,110,125,99,66,103,14,7,53,120,38,17,133,9
117,32,39,17,80,36,100,24,58,142,60,58,25,141,127,118,133,26,66,21,65,32,134,35,33,104,106,132,121,24,108,85,14,87,76,56,106,59,138,141,14,113,23,67,92,115,2,117,23,63,95,15,54,129,64,62,9,45,14,94,28,11,128,110,108,139,28,125,95,127,49,67,40,21,137,130,50,84,118,9,84,10,139,59,63,52,22,111,99,103,107,66,61,54,96,8,112,58,24,87,1,24,9,91,141,121,1,85,11,111,39,119,21,93,53,110,24,109,45,140,76,141,84,19,119,59,108,126,127,112,89,39,138,143,112,98,127,33,90,78,86,63,47,71,7
134,105,49,125,110,107,1,63,71,51,6,140,88,43,105,15,82,86,38,24,54,62,117,93,136,43,23,75,17,144,24,113,89,135,5,100,1,25,124,67,58,63,105,93,130,49,52,114,34,2,101,8,107,78,134,75,32,38,87,118,15,120,12,85,58,46,105,106,15,104,85,130,101,140,123,92,63,119,59,44,100,45,69,79,141,99,115,24,104,132,25,82,112,35,136,62,75,109,90,39,32,20,66,7,30,30,84,47,83,88,67,86,16,108,74,5,16,97,35,70,123,127,40,3,50,119,17,113,2,127,124,78,141,25,111,8,134,62,106,31,54,14,4,45,60
127,58,66,90,134,108,123,42,14,38,121,28,78,61,97,34,121,47,74,73,46,100,117,97,139,92,29,96,73,84,10,98,89,3,105,58,26,55,137,90,99,28,10,109,27,25,69,80,87,95,0,128,82,112,70,90,44,72,51,82,130,84,125,92,54,135,129,69,58,72,100,49,118,6,115,10,8,116,5,43,80,111,16,89,33,63,68,97,116,70,105,79,142,79,88,82,56,1,73,30,19,22,123,139,113,1,24,125,4,56,133,105,85,138,71,19,52,2,96,43,70,58,71,80,27,70,64,95,80,58,113,65,121,88,123,52,69,29,97,118,118,96,127,128,6
55,24,71,6,121,126,33,14,24,42,67,82,16,126,140,144,84,2,54,113,86,85,80,84,91,58,125,33,7,75,115,28,14,108,26,5,28,32,2,118,79,36,83,103,144,131,18,18,0,78,79,119,26,135,50,86,96,14,27,35,74,103,17,28,71,89,143,96,130,61,17,143,98,118,60,137,1,85,46,118,66,95,7,85,25,136,82,21,8,30,68,113,132,51,128,41,55,78,32,44,81,137,27,79,36,83,55,89,41,130,10,0,142,139,64,91,69,86,115,129,75,128,28,10,105,56,84,109,80,58,110,128,124,68,94,119,32,85,67,137,95,120,68,38,104
31,4,139,51,101,48,76,54,142,142,117,134,65,112,24,86,49,14,71,11,132,4,8,119,110,82,137,93,90,1,122,36,137,116,123,97,115,49,41,91,87,2,132,57,62,73,53,56,23,140,88,50,16,84,114,137,32,46,135,45,22,76,131,106,92,126,84,35,124,99,70,127,19,130,40,128,90,112,112,99,108,16,5,124,48,95,9,6,133,83,2,90,120,118,19,10,71,7,75,81,138,33,95,127,67,4,95,68,15,18,132,126,94,6,103,7,19,133,142,27,113,138,95,61,115,57,123,141,14,87,122,74,83,93,131,113,90,54,98,137,64,20,81,131,83
80,11,59,25,89,54,62,20,90,123,136,41,70,17,97,129,33,14,3,5,24,28,60,18,114,108,6,73,99,94,135,12,135,13,142,143,93,67,12,131,136,60,50,113,31,84,26,0,73,98,13,81,44,36,0,128,46,55,2,4,57,106,70,134,74,62,93,115,12,0,92,141,109,11,11,46,35,19,89,82,21,56,13,74,58,10,15,80,93,103,117,108,121,56,99,81,27,71,9,16,27,28,115,128,30,46,13,68,103,134,101,97,14,7,66,69,125,40,124,29,135,33,30,0,7,141,10,72,82,105,20,50,3,54,50,97,98,66,59,67,65,1,71,88,59
142,135,24,28,118,46,132,70,93,119,130,114,62,57,72,98,136,34,80,135,27,55,138,31,24,67,140,76,22,84,99,87,10,20,78,124,137,95,135,90,120,118,15,10,10,48,48,125,8,86,50,20,13,120,74,144,84,98,73,45,9,16,86,51,59,53,99,2,54,121,45,42,95,55,29,19,38,37,77,24,40,113,65,140,75,42,42,90,99,71,100,57,11,20,70,103,10,10,26,42,70,47,40,7,102,133,110,85,59,114,49,23,43,97,38,132,4,35,49,74,54,111,74,11,50,29,58,90,135,28,61,80,133,143,92,125,43,82,58,13,17,89,119,63,46
36,58,123,25,76,127,5,31,35,78,44,71,44,16,10,130,32,129,44,73,50,50,26,23,136,124,135,127,59,141,119,86,18,6,46,103,113,141,5,76,28,15,137,38,107,77,12,65,59,115,8,70,6,5,106,49,131,58,84,134,76,26,23,61,95,143,33,91,59,121,42,100,51,119,125,82,21,59,139,23,31,42,113,62,28,30,51,50,121,103,67,21,2,58,36,117,119,70,98,63,96,78,53,29,63,3,13,127,105,129,1,87,95,88,82,57,119,76,29,129,144,45,28,4,108,116,99,84,99,42,91,119,42,136,138,1,80,33,76,45,61,141,84,4,19
132,36,115,119,115,119,140,15,17,42,100,24,38,82,141,84,34,100,134,87,69,89,48,3,2,93,20,100,2,87,83,95,89,143,18,102,144,79,7,108,9,97,79,7,58,8,103,127,121,76,15,105,126,2,54,1,97,106,120,23,136,1,50,43,135,17,97,88,65,56,68,131,17,103,77,43,101,141,125,13,11,36,60,108,128,86,2,26,44,41,89,89,124,126,98,64,97,110,23,89,18,143,130,49,107,67,40,26,32,142,128,30,18,32,52,142,4,91,25,112,24,7,33,72,21,133,37,119,40,62,143,12,35,116,86,124,47,3,88,28,76,48,103,141,15
104,131,41,81,134,59,23,106,43,68,25,16,25,19,9,98,49,89,49,10,38,95,95,130,18,0,114,61,128,70,101,27,34,37,7,98,90,133,137,84,13,24,35,3,125,141,32,5,18,64,84,67,21,62,78,44,78,52,81,2,143,38,21,9,41,65,5,24,119,71,118,135,106,107,84,13,11,86,106,122,93,33,32,16,11,75,95,79,13,85,112,134,8,80,6,139,82,113,23,54,6,77,114,77,1,103,60,104,59,90,38,142,144,126,107,97,28,98,13,18,126,82,19,78,89,74,54,53,102,59,17,122,61,99,9,6,42,137,84,82,92,80,37,42,87
26,120,16,79,81,34,59,129,42,45,53,55,139,84,102,31,105,134,131,141,57,60,55,129,63,35,86,3,7,112,97,110,71,94,65,35,51,22,27,76,38,8,84,51,0,17,13,100,123,57,92,129,55,1,120,23,62,19,17,34,80,0,60,16,97,139,65,55,101,20,32,104,106,74,42,128,6,108,130,138,139,129,64,128,70,123,143,40,46,84,124,69,55,14,38,90,41,74,108,61,72,142,126,38,103,54,57,12,22,112,37,143,122,114,23,102,0,107,99,62,136,144,67,84,3,36,23,33,34,85,7,79,133,64,94,47,30,127,35,110,40,124,143,3,33
74,76,60,5,1,98,32,138,48,26,123,132,111,85,105,37,77,46,130,108,31,139,34,17,121,21,120,144,33,14,123,75,32,73,56,53,15,34,136,88,116,119,26,72,91,85,113,8,4,27,72,80,58,105,60,72,118,83,19,31,68,4,81,15,121,34,89,21,56,17,144,23,103,21,52,87,1,63,98,33,99,41,96,18,47,59,74,114,110,76,46,71,92,3,53,1,134,7,58,114,58,138,70,144,98,47,3,84,129,28,75,113,54,125,59,38,94,53,46,10,118,19,137,94,39,47,124,117,59,20,85,88,1,124,11,63,12,130,131,61,103,73,23,30,28
46,136,73,37,79,34,18,91,26,18,125,36,25,3,4,28,87,30,5,99,111,112,1,133,82,84,69,21,93,33,90,56,84,139,114,38,137,115,113,95,36,48,44,10,135,144,49,27,90,42,131,117,35,78,98,89,22,46,16,129,87,118,97,99,7,91,65,125,64,52,0,94,30,86,55,61,39,18,137,119,8,131,79,121,25,6,1,43,43,33,142,60,12,71,98,105,0,95,89,52,59,129,129,4,95,57,47,118,130,94,8,11,125,134,30,129,23,133,65,53,47,43,43,97,32,119,3,16,52,91,39,116,57,81,7,45,8,55,27,27,140,58,92,93,118
112,77,77,66,109,17,19,61,109,113,90,118,32,57,109,138,42,86,58,71,63,37,128,53,78,74,141,103,111,96,128,27,68,89,136,22,136,132,135,125,49,67,143,11,0,117,20,42,70,136,79,94,65,89,116,86,121,90,88,46,9,130,35,42,94,18,142,109,106,83,44,56,98,21,126,120,130,139,63,24,35,67,141,77,114,63,66,92,4,21,130,74,106,26,144,104,106,111,59,125,136,19,44,12,64,10,117,12,77,99,111,55,47,137,101,5,101,4,127,112,51,14,122,38,43,35,134,7,74,32,8,53,104,135,44,104,74,45,31,37,2,30,92,58,55
40,33,83,19,141,34,63,92,140,60,103,65,101,11,86,126,129,49,30,60,106,136,41,95,104,9,106,32,0,3,34,31,53,137,81,103,126,141,31,101,113,112,76,77,124,91,23,127,105,127,110,91,44,51,1,89,49,142,117,25,119,94,133,4,42,119,131,61,17,133,80,138,67,81,117,43,37,79,77,116,141,3,18,79,89,134,18,19,19,86,111,59,39,19,139,23,92,136,13,7,124,124,64,88,52,130,143,70,102,0,37,37,39,67,21,111,111,29,37,16,38,55,89,30,98,18,122,81,78,32,142,59,24,95,119,6,84,61,27,48,120,136,134,32,22
103,17,53,95,48,135,79,36,69,3,37,109,20,63,85,96,15,20,136,78,7,107,104,130,142,25,41,73,138,73,3,51,101,0,78,91,73,125,129,8,141,13,104,46,26,88,0,128,112,57,10,10,64,72,47,72,7,81,82,127,104,91,74,4,112,117,142,124,134,18,79,25,126,21,18,26,129,76,15,42,31,76,28,116,50,64,108,107,83,21,56,3,50,98,21,2,4,43,30,21,101,19,34,29,97,55,78,53,135,63,21,46,138,17,103,75,69,25,141,114,71,70,46,27,85,23,78,123,84,85,80,118,97,19,101,43,54,40,1,22,57,96,34,25,31
99,26,142,110,18,58,43,11,67,102,26,50,79,90,57,89,133,47,113,115,20,56,46,114,69,131,70,79,46,70,28,101,131,10,57,103,110,122,82,111,24,135,83,29,131,30,140,3,120,74,99,47,46,131,43,60,11,79,130,131,122,56,130,25,81,108,68,50,52,113,134,15,44,21,131,69,89,74,136,101,62,119,106,11,89,28,98,7,0,89,79,61,45,52,133,45,22,114,130,41,137,61,86,71,135,65,58,20,119,35,104,61,105,69,103,112,77,119,63,138,110,46,101,64,92,76,31,143,4,120,25,27,13,52,91,97,44,20,24,15,144,111,139,69,17
122,29,20,19,31,130,16,48,31,22,124,133,132,3,140,9,130,4,111,133,4,76,132,17,84,14,38,73,3,87,134,100,23,3,124,117,48,35,122,122,14,143,112,37,38,39,62,56,112,66,92,56,59,93,90,2,125,4,136,11,49,86,86,105,96,106,91,49,104,98,41,80,1,135,31,75,108,4,102,27,99,38,91,18,71,111,134,7,121,63,139,90,43,136,119,114,29,91,28,96,106,126,41,70,45,1,108,141,84,43,15,87,113,52,14,0,103,45,12,53,133,130,10,20,130,93,61,21,81,44,8,136,89,108,111,133,10,101,100,100,112,15,124,104,11
31,59,44,141,123,35,56,8,130,111,99,6,34,30,82,127,136,102,75,122,80,130,61,87,2,110,87,134,95,32,59,10,119,24,138,143,129,2,60,102,6,78,135,55,96,127,125,33,94,25,87,29,61,67,133,110,130,143,75,114,93,120,64,9,10,34,64,106,121,55,45,54,137,13,97,95,10,99,130,88,21,24,77,68,139,57,140,54,13,22,51,131,72,127,64,142,4,96,36,35,92,123,96,77,96,20,34,126,71,63,68,109,127,111,89,63,100,104,136,108,59,114,44,48,102,46,15,26,78,2,101,71,88,27,90,55,58,113,92,126,6,67,66,63,126
106,84,12,3,50,36,111,3,139,89,40,79,132,18,58,12,87,57,138,121,70,64,46,15,115,114,37,80,42,81,57,141,66,14,10,144,52,122,109,135,2,55,49,4,67,100,109,68,11,29,63,38,13,139,5,59,55,32,4,60,112,104,106,105,60,21,46,76,36,100,59,94,15,100,37,113,105,102,39,51,137,44,10,42,3,80,42,2,34,74,21,103,50,133,0,6,109,36,16,136,74,57,73,68,93,2,121,75,76,136,60,74,9,143,115,117,143,117,14,33,50,68,16,82,41,136,70,11,91,139,131,90,58,51,41,79,116,9,131,128,100,95,3,78,53
63,109,23,56,88,78,60,26,135,92,111,14,57,50,133,107,17,48,3,6,8,122,70,73,32,73,36,47,135,36,48,56,57,71,134,9,58,92,58,39,123,25,107,128,32,125,92,119,28,98,111,54,35,129,3,74,99,111,68,106,51,127,22,6,38,58,20,0,62,142,56,37,88,42,16,78,66,104,108,102,77,117,22,1,88,117,96,89,63,139,142,48,88,131,77,131,83,32,103,107,51,70,106,141,1,24,136,129,68,124,0,93,123,59,55,97,34,46,73,106,110,116,103,106,130,9,36,110,38,59,82,69,114,108,91,130,29,89,49,77,6,23,20,131,26
20,35,115,64,31,69,59,59,14,96,48,37,11,1,109,72,140,144,14,121,141,131,38,4,132,107,144,16,67,87,29,118,56,37,13,71,6,128,111,7,126,65,141,75,22,117,96,131,44,85,68,80,68,60,68,15,135,98,112,36,12,133,125,30,25,4,131,68,45,44,44,72,70,122,77,78,129,13,83,90,61,75,4,138,129,111,12,83,89,70,80,96,131,84,122,133,120,87,36,102,58,116,15,91,61,83,11,42,15,4,139,56,78,89,118,110,141,87,101,1,88,16,76,69,123,132,88,103,138,93,141,15,97,72,3,95,122,135,16,39,128,4,36,17,97
111,140,127,59,86,17,139,24,102,100,133,20,24,91,144,56,115,1,39,48,94,139,7,93,0,108,20,67,101,115,118,102,77,68,3,121,46,36,30,134,103,124,138,100,108,15,32,50,103,61,11,121,34,17,93,90,8,118,104,37,140,99,2,48,112,54,12,105,108,24,21,137,98,23,134,127,18,66,86,94,69,89,28,53,114,50,16,32,18,82,47,55,44,140,30,117,85,142,47,27,59,8,67,142,133,55,143,73,42,89,7,88,48,133,36,41,47,102,74,27,90,100,69,118,68,110,12,89,123,94,113,55,12,60,131,139,140,121,115,58,101,49,21,88,25
