Iteration,PT,Effort-,Months-,Defects-,Risks-
0,random search,340.707695183916,31.7091912832099,2608.25623312074,0.536193029490617
0,random search,1704.10843006727,35.2404789807729,7016.03040056798,0
0,random search,471.68758578784,25.3512733508859,1301.27406096477,0.804289544235925
0,random search,303.228393710483,21.5369892397035,625.635048549011,1.07238605898123
0,random search,84.428509585178,14.1242562881613,233.162099424285,1.60857908847185
0,random search,1614.83811744838,28.601585556769,8984.89622137654,0.536193029490617
0,random search,1559.63116949686,35.3817539540533,14059.8172088756,0
0,random search,755.53617903229,27.0150829218228,962.912897434943,0.804289544235925
0,random search,162.546831118866,12.1535927718094,650.50540348584,1.60857908847185
0,random search,49.2726140519456,16.6828302647821,142.005555474625,1.60857908847185
0,random search,413.293561369183,18.5657428805785,1284.55875943054,1.07238605898123
0,random search,25.2748084720055,7.01525594984964,123.529472556834,6.16621983914209
0,sway,632.970953802926,22.4578811570921,4251.86368772866,2.14477211796247
0,sway,1385.80627842629,23.8611407361719,3042.82907776104,2.14477211796247
0,sway,2416.03700668807,54.4506722292085,2629.58468070478,0
0,sway,277.109065976968,17.3485067936264,4586.3961604083,2.41286863270777
0,sway,413.660142823357,24.0159839111338,1475.28390938752,0.536193029490617
0,sway,363.938197988861,31.3667847046574,4078.26440172399,2.68096514745308
0,sway,410.831586135502,31.5709802738547,3638.57367620824,1.34048257372654
0,tpe,6.43132135675602,8.98462724278491,32.0766376367282,0.804289544235925
0,tpe,58.6543447838665,12.5395920305402,324.348247281819,0.536193029490617
0,tpe,284.762202920616,20.7593519075222,275.106994964829,0
0,tpe,75.2068310811144,14.1636771556679,199.580978303294,0.536193029490617
0,tpe,30.006346741083,14.2842351696859,303.51466535707,0
0,tpe,51.3883645648357,8.72560650140899,194.303493851262,5.09383378016086
0,nsga-ii,70.2051512085927,18.1159577824256,106.093089177399,1.07238605898123
0,nsga-ii,70.2653761326279,13.6381409509325,80.8991470538549,0.268096514745308
0,nsga-ii,77.2935309482797,9.8272251870602,45.8930034912881,2.68096514745308
0,nsga-ii,49.4868126675284,8.45823716938085,430.196262227411,8.04289544235925
0,nsga-ii,87.2039777517262,12.3522162050772,81.8366318427772,1.60857908847185
0,nsga-ii,92.5475990932445,14.7977182004087,227.403027616345,0
0,nsga-ii,60.4858681725346,10.6021170071465,88.116249719018,3.75335120643432
0,nsga-ii,11.3827687260288,10.6023970698944,164.582913683076,0.268096514745308
0,nsga-ii,40.9895819877137,8.16136064548383,604.751685088658,5.09383378016086
0,nsga-ii,29.8153442162939,8.58948623573924,156.698205964254,1.34048257372654
0,nsga-iii,510.588837563429,24.2031067313293,1197.51965634795,0
0,nsga-iii,161.469290181351,23.0911406967318,205.67279751768,0.804289544235925
0,nsga-iii,1204.90430411315,45.2914015764217,1113.5027932392,0
0,nsga-iii,12.8194667045386,6.59410333818684,48.4026060487282,3.2171581769437
0,nsga-iii,221.970577029489,19.2977880311002,627.83797680812,1.87667560321716
0,nsga-iii,59.4409882934896,12.2790516628005,131.179877827583,0
0,nsga-iii,56.8459282967347,8.93227865465347,124.718532124739,2.68096514745308
0,nsga-iii,33.251080087879,11.0831954131136,35.0616306602685,0.268096514745308
0,moead,56.0234519300975,16.9534629526877,84.5595646165469,0
0,moead,19.1113451378882,8.82143907954787,115.70266785819,3.2171581769437
0,moead,20.0973660130625,7.62111083327845,94.1053919198378,4.82573726541555
0,moead,34.334949941103,10.97710466161,78.4242832050479,0
0,moead,21.9187349715099,12.5717135095002,31.2632130982719,0
0,moead,54.8630180491336,8.70517249827698,238.983299201253,4.02144772117963
0,moead,29.098010377031,7.26506771405531,93.7291557171328,5.63002680965148
0,moead,49.6296820288779,10.0564506422226,119.310957858252,2.41286863270777
0,moead,29.0408505208564,10.340967198363,39.2542763250511,1.07238605898123
1,random search,1722.47466913705,35.6319688505503,3456.41058692536,0.268096514745308
1,random search,152.401285857699,23.5556504844036,1980.30750506067,3.48525469168901
1,random search,4237.06972035906,60.2016452778802,6798.99542182988,0
1,random search,118.863773664979,11.2311598966734,949.381536459829,1.60857908847185
1,random search,400.535515985955,31.4187142977946,1365.64805900468,0.804289544235925
1,random search,98.569584686524,20.6397694053667,1926.27202194852,4.02144772117963
1,random search,147.183717462371,23.8849210070677,2151.24541526005,1.34048257372654
1,random search,163.22446465124,23.9526055746071,856.619450785794,0.536193029490617
1,sway,280.627233461074,19.6322097568281,1170.55367314857,1.07238605898123
1,sway,474.168815632281,16.9402729954486,2975.55272868247,0.804289544235925
1,sway,1619.28701463112,47.9882122110473,8635.50359069922,0.268096514745308
1,sway,4242.78457663006,47.6659815705155,37183.1160718143,0
1,tpe,30.4324331754236,8.69457520843058,68.0546285740244,2.68096514745308
1,tpe,421.153354581796,23.7295932562465,2640.41244274921,0
1,tpe,65.3162974482559,11.2410899853085,67.2602634259282,2.14477211796247
1,tpe,158.644885012978,14.1063872937359,682.298789008707,1.07238605898123
1,tpe,25.0723367186285,13.3243860217859,48.9683674161402,1.87667560321716
1,tpe,248.218675199997,13.3262252600214,280.61767663498,0.536193029490617
1,tpe,159.201414032731,17.1992205872638,380.657473759749,0
1,tpe,106.173472356511,15.3254555701754,303.132033236901,1.07238605898123
1,tpe,72.9543993151479,18.4349209552165,120.918516121137,0.536193029490617
1,tpe,93.5361756003157,14.9066550245771,677.998550371394,1.07238605898123
1,nsga-ii,756.978053937689,27.5623204107515,1620.16723284697,0
1,nsga-ii,428.186829888324,18.9836546007965,3590.38586995263,0.536193029490617
1,nsga-ii,41.6929862659341,15.2152062723571,40.7451202871188,0
1,nsga-ii,32.5432197804281,14.7509187266804,147.955042347486,2.14477211796247
1,nsga-ii,159.888073083667,12.1781939663969,149.537681888013,3.2171581769437
1,nsga-ii,51.7433177687447,10.2424561532949,208.524648201253,1.60857908847185
1,nsga-ii,54.0122393511072,12.773543970966,248.372032347518,1.07238605898123
1,nsga-ii,160.988190945163,11.8982731002889,166.371760274822,2.14477211796247
1,nsga-ii,35.2014337193659,7.59523545440485,310.964377759185,6.70241286863271
1,nsga-ii,23.798990855768,8.14834351820262,99.5949786284417,3.75335120643432
1,nsga-iii,115.049545073841,16.0408417740349,914.209279012286,0
1,nsga-iii,190.627679077054,14.7579453951146,1035.64270227594,0.536193029490617
1,nsga-iii,46.5618744009245,16.4209009552726,109.389268878791,0
1,nsga-iii,57.4658352241667,8.81143296621751,281.79665924385,3.48525469168901
1,nsga-iii,96.5517347916692,12.39910325994,742.832822205329,1.60857908847185
1,nsga-iii,41.6814828780211,11.285368701712,178.522977496967,1.87667560321716
1,nsga-iii,25.6361856124267,6.96357372504681,18.9631944272637,4.55764075067024
1,nsga-iii,72.5179371889657,9.30659408817327,169.752356694012,2.68096514745308
1,moead,33.6608710850821,7.36273534244732,17.466027077484,1.60857908847185
1,moead,85.5138962397791,20.3675746511573,220.592066811583,0.268096514745308
1,moead,272.910010706531,14.1040247059838,368.109699384818,1.07238605898123
1,moead,3.26028427802106,5.33721408108184,24.2094041029842,3.75335120643432
1,moead,179.076948313394,17.8889019221906,242.964816426252,0
1,moead,13.9326003515481,8.73011868504067,29.9183070965104,0
1,moead,27.7734914942883,8.56280715248676,259.86620580796,2.68096514745308
2,random search,4292.62486974466,40.546199593511,20006.738480047,0
2,random search,275.590327969379,14.655745150926,1794.51692208637,2.68096514745308
2,random search,250.201237990405,16.6312590164174,2587.87084795631,2.14477211796247
2,random search,8.61394535574084,5.0012804266434,57.9904106986467,4.82573726541555
2,random search,1867.87375871814,35.1187278108143,6985.97240894022,0.804289544235925
2,random search,676.269003848571,36.5799199613757,3833.83953933492,0.804289544235925
2,random search,190.272094207089,25.5143248336765,1149.33232689785,0
2,random search,188.776941124058,18.422912435332,1386.0981718869,1.60857908847185
2,sway,219.541538006782,13.3860809368474,856.411970714839,6.70241286863271
2,sway,391.510840554148,31.1440334146598,3430.48389913083,2.94906166219839
2,sway,306.868838182792,18.2335119218712,1605.06711784039,3.48525469168901
2,sway,164.969843275113,25.2275708184353,654.00464645844,3.75335120643432
2,sway,1101.71423106683,21.8295239403797,4654.41924507877,2.94906166219839
2,sway,338.359567685242,17.249189325351,2778.4565638915,5.36193029490617
2,sway,732.827884192012,23.8848871479084,1555.80852322694,0.268096514745308
2,tpe,139.336524664046,16.7296332166495,917.794607813525,0
2,tpe,295.209439738466,27.7393284498327,341.586640209129,0
2,tpe,82.9001932865317,19.1738505487042,285.53538629488,0.536193029490617
2,tpe,38.2312097269663,8.08579665183168,387.052977426867,7.50670241286863
2,tpe,59.7720861077981,12.5654619726741,100.75747495619,2.41286863270777
2,tpe,60.4255001943916,12.696818692754,80.137166727042,1.07238605898123
2,tpe,40.6814587078948,9.43182189008978,103.780124998914,2.14477211796247
2,tpe,99.8786804155601,12.6056089666336,421.04552360739,1.60857908847185
2,nsga-ii,1093.14018442768,42.4171826319247,7048.57492982622,0
2,nsga-ii,39.3122015244905,11.7379927925363,53.7179653879109,1.07238605898123
2,nsga-ii,53.4359213726691,8.59424122781785,340.521692026412,2.14477211796247
2,nsga-ii,23.1320480578092,9.79844787279426,109.92061599306,2.14477211796247
2,nsga-ii,62.1534490688707,13.5503928240851,405.909349691117,0
2,nsga-ii,196.030212625921,15.0932753686757,340.490918578962,0
2,nsga-iii,46.8995571881865,9.89003064219063,235.221262506451,1.60857908847185
2,nsga-iii,184.704212962679,18.0841730420548,487.838159979055,0.268096514745308
2,nsga-iii,258.745423974017,16.9498059462147,974.075141143087,0
2,nsga-iii,201.392516229224,15.116482294736,451.944322520786,0.536193029490617
2,nsga-iii,13.9394963182223,8.60304950693149,35.0740295226284,2.94906166219839
2,nsga-iii,103.090473182148,15.1704725151499,191.335736631493,1.60857908847185
2,nsga-iii,470.336072326443,34.2666695709035,781.100371654415,0
2,nsga-iii,66.4723971618588,13.5734735583958,249.672572455237,0.536193029490617
2,nsga-iii,61.3791081014449,18.1630039898395,228.857155869284,0.804289544235925
2,nsga-iii,336.210456425384,29.9195880482067,964.519550410887,0
2,nsga-iii,666.172779416555,26.339543231652,646.882599136102,0
2,moead,905.855554887878,28.5714571621758,3466.89867836757,0
2,moead,39.1883942558637,10.9270702419626,22.6089910173071,1.34048257372654
2,moead,538.095047311926,21.0875979676717,2142.73520041984,0.268096514745308
2,moead,23.3981018699405,6.87798023560365,208.768798019764,4.28954423592493
2,moead,44.3705014744736,9.60493342699164,135.60782624665,4.55764075067024
2,moead,48.6879676037147,9.93248414289391,193.883039725197,1.07238605898123
2,moead,71.1980872301429,9.80663131787684,559.090400859549,3.48525469168901
2,moead,62.5720363893643,9.32096283417834,768.424374136505,3.75335120643432
2,moead,67.9256319699331,13.6584222357118,47.2852940964126,1.07238605898123
2,moead,36.4846558054625,11.3365993987134,208.038817060518,0
2,moead,73.9160332605024,9.48138766943734,119.11301673512,2.68096514745308
2,moead,35.204366780622,10.6198504497591,258.696855176975,0.536193029490617
2,moead,23.0929520885661,13.3171258811373,200.078312727333,2.14477211796247
2,moead,17.3231717395625,6.10645067850488,80.1642706524971,5.89812332439678
2,moead,24.634073547992,6.85924496326165,161.487003105047,5.09383378016086
3,random search,73.7404768253938,11.5336641160287,83.9077829845632,5.36193029490617
3,random search,283.535697508662,26.7010875029783,1276.24476714089,1.60857908847185
3,random search,79.3883182353922,9.76662268526946,65.4208033522587,2.41286863270777
3,random search,449.28687902005,20.1830045304425,2055.31336071094,1.07238605898123
3,random search,243.868195103233,19.4721197411181,630.413541806268,0
3,random search,28.569893062884,10.5555400041894,232.605773043328,2.14477211796247
3,sway,848.24726613616,36.8703207839359,1857.09814877833,0.536193029490617
3,sway,4010.15685802765,63.7518475292904,26994.7304096099,0
3,sway,696.310913817241,38.363703378111,5673.37615766073,4.02144772117963
3,sway,1709.70051392806,48.7344764270988,7850.20709813762,0.268096514745308
3,sway,1349.65945263007,36.3874820425299,5416.47992706597,2.94906166219839
3,sway,3267.79516658608,36.0624657651133,14108.0824704599,2.94906166219839
3,sway,2149.75745965887,30.7975429735066,9672.0160422576,3.2171581769437
3,sway,2602.60843895487,28.6839546608757,3851.32466444819,7.23860589812333
3,sway,841.23395708134,41.2127116489026,1601.99657768478,1.07238605898123
3,sway,1242.42149647396,25.7308412740642,15519.9534334375,1.87667560321716
3,tpe,47.7869054472902,16.7376452310005,41.0024573435738,0.804289544235925
3,tpe,118.247629779821,16.075053663973,297.184936366187,0
3,tpe,39.929946090405,15.7733957417723,167.228433506656,1.60857908847185
3,tpe,12.1580700429858,10.9042766217381,201.671738502442,3.2171581769437
3,tpe,111.376329149093,15.1268536613524,200.672363885211,0.268096514745308
3,tpe,250.721622431603,13.7394955453737,2980.64414654092,1.87667560321716
3,tpe,47.6137678149857,12.3508065029712,259.721178966267,1.34048257372654
3,tpe,19.1002242662361,7.39572989263897,40.0482228445863,2.14477211796247
3,tpe,44.1364892634441,15.7633162712213,120.559774221238,1.07238605898123
3,nsga-ii,216.531228969413,14.7858116839199,144.76135417072,1.34048257372654
3,nsga-ii,34.5856849120128,14.885133936009,112.68806589168,0.536193029490617
3,nsga-ii,24.1942682699074,7.9421555396459,29.8194056850335,0.804289544235925
3,nsga-ii,51.4405488088422,12.0204744057026,248.774258301324,0.536193029490617
3,nsga-ii,19.9822767304388,12.9457736103816,60.1059458338872,1.60857908847185
3,nsga-ii,133.764677603283,13.5338075123054,382.179480063763,0
3,nsga-ii,48.5883950826773,9.92336141203782,326.533672877742,0.536193029490617
3,nsga-ii,100.064165597691,20.2956695112154,193.930836113814,0.268096514745308
3,nsga-ii,20.0435674412015,7.75890897073311,38.4399116942626,1.60857908847185
3,nsga-ii,89.0619987144304,20.6835487479077,241.882179972527,0
3,nsga-iii,6.61329891160848,5.37589694987371,45.1158692211608,1.60857908847185
3,nsga-iii,34.9072224732244,11.2220576853101,208.618824816317,0.804289544235925
3,nsga-iii,64.8540513421026,10.7851441576692,191.51112289354,0.536193029490617
3,nsga-iii,43.8937971934607,9.7468636195846,133.453154437488,0.804289544235925
3,nsga-iii,336.521876270036,28.4443552286184,366.724448122072,0
3,nsga-iii,512.138636948395,24.6510647931093,2090.40479371335,0
3,nsga-iii,251.763101397159,26.4809874170094,1416.85249300308,0
3,moead,537.274451188782,25.2422394970935,10298.3306154676,0
3,moead,585.35151975009,35.152796574615,3229.25479126695,0
3,moead,75.415284183446,19.0918659899734,434.583840274623,0
3,moead,94.4304368181344,20.1828129580807,159.825628269948,0.536193029490617
3,moead,16.0100532709968,6.93403023033998,29.318061386442,2.41286863270777
3,moead,38.6101381785601,15.260239415014,220.063903560464,0.268096514745308
3,moead,94.0248823312326,20.3821210073498,88.9407511827688,0.536193029490617
3,moead,64.5850276162614,13.2889619884007,349.588708132722,0.536193029490617
3,moead,11.1033747565781,6.33575815971805,30.1672206168879,1.07238605898123
3,moead,88.1087402139455,18.8677018989177,59.5146697909357,0.804289544235925
3,moead,166.931501370969,14.5287683344942,334.706025965417,0.536193029490617
4,random search,284.057597934007,27.2631434589818,951.831473753922,0
4,random search,224.023760275999,18.7636926397726,1000.51978872501,1.60857908847185
4,random search,268.370544262846,15.0303787834083,2643.06736924993,7.23860589812333
4,random search,326.59416358411,14.9351497578062,349.005929904539,4.02144772117963
4,random search,222.814862095332,15.9259751827415,2295.28182622409,2.14477211796247
4,sway,186.965048824284,18.9134551883534,436.065800043987,1.60857908847185
4,sway,5297.18023011453,65.8039457888228,8552.25494793783,0
4,sway,585.311630419744,24.9943906736999,2313.17203197346,1.34048257372654
4,sway,177.587168179809,12.7472739047735,1148.00201309397,4.82573726541555
4,sway,317.594887301717,22.1440201217361,1149.65222911822,0.268096514745308
4,sway,162.227692565106,17.3726866990771,1534.99449166618,2.68096514745308
4,tpe,104.72522274889,15.2832877302832,1003.38326805191,1.60857908847185
4,tpe,16.8273331361202,7.08248227219886,22.8704377658918,3.75335120643432
4,tpe,37.7752618356591,7.9438821707707,208.024696690569,3.48525469168901
4,tpe,175.984239889644,24.1701927500964,244.223814030933,1.07238605898123
4,tpe,245.340992883861,27.8355641180027,1297.80629066567,0
4,tpe,104.526894553909,15.536388067275,380.369585215663,1.07238605898123
4,tpe,100.586910417226,12.4835216150007,2027.98932926636,2.94906166219839
4,tpe,42.3986129331828,15.8296372600412,569.167631046385,1.07238605898123
4,tpe,58.6910143922496,18.5471168125901,292.730954302061,1.60857908847185
4,tpe,116.359879786163,15.4109654040703,456.330768120301,0.804289544235925
4,tpe,229.461870264041,18.6961376098755,576.858289648272,0
4,tpe,9.53227605288143,6.21162569526225,14.9289312609419,5.36193029490617
4,tpe,282.487930286808,28.3740210351714,555.113830570467,0.268096514745308
4,tpe,53.0606670364008,12.5631457873598,1045.83761454283,1.87667560321716
4,nsga-ii,145.729358632298,16.8419835844022,1067.94563265143,0.536193029490617
4,nsga-ii,386.966715527858,30.1717508836056,285.030598271619,0.804289544235925
4,nsga-ii,1376.77231956731,26.7121044328534,14013.480161699,0.268096514745308
4,nsga-ii,6.62288521671358,6.6400193741857,51.0456995490013,2.94906166219839
4,nsga-ii,38.1064606957796,9.24838486728423,411.062098283141,2.41286863270777
4,nsga-ii,213.306144469579,19.6332829273366,484.645617781577,0
4,nsga-ii,132.975430815831,16.2436207913257,1349.73390250169,0.536193029490617
4,nsga-ii,52.8364875998935,17.5270274971921,1355.32518419129,1.60857908847185
4,nsga-ii,9.80503852450492,7.54792225013018,29.9799015604057,3.2171581769437
4,nsga-ii,54.4519231527535,9.92381873199147,251.654704195452,2.41286863270777
4,nsga-ii,91.4898974972395,15.1388046751676,829.039767443137,1.34048257372654
4,nsga-ii,139.43113133521,22.268944658383,312.704082586624,0.536193029490617
4,nsga-ii,141.287181955537,15.9804379790071,74.9756327078918,1.07238605898123
4,nsga-ii,101.456190547451,12.6787318853889,196.839697625022,1.34048257372654
4,nsga-ii,10.4732299917018,6.29224304345828,116.457395722817,3.75335120643432
4,nsga-ii,31.1143826176453,10.3601051190343,79.7174435389796,1.87667560321716
4,nsga-ii,81.3402939892649,19.7706401531325,339.677829669263,0.536193029490617
4,nsga-iii,588.943402375871,24.5357173518665,1903.62007401136,0
4,nsga-iii,42.2714259080266,11.5421627667826,343.704823331652,1.87667560321716
4,nsga-iii,8.93037798244533,9.92354413589699,133.757643152279,0.536193029490617
4,nsga-iii,11.8814680821803,6.58162093371448,13.2449870289301,0
4,moead,731.122287315697,21.8932047313056,4774.66386746483,0
4,moead,344.975305118885,17.979032220719,2191.81216654972,1.87667560321716
4,moead,211.619373905907,18.2026169157,867.110568452503,2.14477211796247
4,moead,8.46052490741679,7.16299733129356,31.5359334641612,0
4,moead,26.6011708949535,7.08077873383459,123.943959156119,5.36193029490617
4,moead,32.6501375463715,10.5622628711163,26.5690267018464,0
5,random search,522.936583374535,34.9724451705776,5539.29038620088,0
5,random search,48.3461455295887,16.4939783484098,538.744329254753,1.07238605898123
5,random search,112.290470677208,15.4494914323239,1373.47102529597,2.14477211796247
5,random search,701.464017711562,21.603101525304,9338.48540910144,0.536193029490617
5,random search,998.824288865478,30.514326643536,2760.80017588077,0
5,random search,916.873402726081,40.7763057143152,5100.98252251476,0.536193029490617
5,random search,153.020814520347,18.0517536729897,118.201164957634,1.07238605898123
5,random search,296.65192363821,14.7467233706342,3274.91225849722,5.89812332439678
5,sway,157.673592275167,22.8518303690468,617.632857768486,0.536193029490617
5,sway,283.564833659938,20.9260395548437,1696.06812945206,0
5,sway,641.596224398158,35.5729099897145,1357.85580867086,0
5,sway,1005.76551930138,31.3968509622962,1677.95389462169,0
5,tpe,200.819444336725,18.363646485735,346.509264638646,0
5,tpe,162.234704480737,17.05299741626,156.966188069385,1.60857908847185
5,tpe,48.078575951296,16.075428138039,99.6327843367757,0.268096514745308
5,tpe,134.751139789398,11.5266910737567,251.836589257149,2.68096514745308
5,tpe,42.310236184259,11.6508735332659,104.308764244855,1.87667560321716
5,tpe,54.4751617326429,8.89402195641899,164.962399157779,2.94906166219839
5,tpe,97.9536410205684,15.7079636725227,1111.13288765115,0.536193029490617
5,tpe,166.214411516281,14.7502261552393,176.308261633754,0.536193029490617
5,tpe,62.6207948495597,11.0691607293483,316.852462824153,1.34048257372654
5,nsga-ii,107.501964173141,21.3195145940995,551.519424728456,0
5,nsga-ii,25.4593965181486,8.08584219517461,98.4791927274759,1.87667560321716
5,nsga-ii,137.777456115908,16.7330303635082,506.046376548302,0
5,nsga-ii,164.722270280697,22.704439162538,461.942406915608,0
5,nsga-ii,54.9898097913345,10.5641197820693,87.6502841713799,0.804289544235925
5,nsga-ii,23.4327271705352,13.5206242227978,94.8120612452416,0.536193029490617
5,nsga-iii,1003.65603192708,29.8089801376256,3197.6825837916,0
5,nsga-iii,368.03281617269,21.825131439285,817.309899574885,0.536193029490617
5,nsga-iii,250.932212929844,19.7266015451213,1778.89519406629,1.07238605898123
5,nsga-iii,23.5711661722797,6.97405324210336,94.4726362991441,5.36193029490617
5,nsga-iii,79.9119787566548,14.5115951070751,516.503957877999,0
5,nsga-iii,143.647695995191,16.4607899150295,302.120595072559,2.68096514745308
5,nsga-iii,14.9116133934413,12.0860319831722,86.7284871438019,0.536193029490617
5,nsga-iii,39.9749406860878,7.77752694142769,145.489796634081,2.68096514745308
5,moead,367.190409503697,15.3838458831571,501.517982111784,1.60857908847185
5,moead,354.0681511405,22.0158804018339,1009.1091313128,0
5,moead,117.581366686923,15.6934405847768,476.991607102455,0.804289544235925
5,moead,31.5947679223006,8.75377889947141,39.9511363457475,3.75335120643432
5,moead,69.312528674704,17.5379629510408,63.4276394699165,0.536193029490617
5,moead,9.36811938757117,5.97996721735249,40.0767165714692,2.14477211796247
5,moead,14.6669167410749,11.2663782488993,32.8660213122519,0
5,moead,23.7548697621108,9.72235343190521,17.6537311657685,1.87667560321716
5,moead,62.0782872630805,9.03948150929217,711.066185556073,1.87667560321716
6,random search,286.168080099717,15.4740738127365,6974.64065011312,9.6514745308311
6,random search,221.031428061738,18.6783995213065,830.046670082127,2.14477211796247
6,random search,435.227094982522,31.2197718879359,758.507726288023,0
6,random search,224.693820284287,19.0666568109944,468.845638584457,0.536193029490617
6,random search,454.657688876732,24.5575623651713,3028.5683563064,0
6,sway,562.148060410986,26.0389530465622,3798.99476423555,0.536193029490617
6,sway,848.169922730114,21.0579959937208,1733.86447580936,2.68096514745308
6,sway,384.514460745698,31.3265803143885,1751.15142491716,1.60857908847185
6,sway,1190.52242124577,48.0181744353997,3473.84731127748,0.536193029490617
6,sway,58.3284179544199,9.30147721090423,76.7722856064627,6.97050938337802
6,tpe,784.217052192829,22.2939785761064,504.462524380388,0
6,tpe,67.5592707100317,11.2962912714075,91.2272589490791,0.268096514745308
6,tpe,380.854720390776,31.2614469501389,449.613279450656,0
6,tpe,35.0220641482074,14.9065615070673,251.425121335615,0.268096514745308
6,tpe,158.016235955874,17.7976445796281,1297.4442110315,0
6,tpe,57.6836660733667,10.334128441143,84.7632648413508,2.68096514745308
6,tpe,48.9084649057956,12.6223071771509,203.126141707664,0.536193029490617
6,nsga-ii,396.271935831155,30.0800913803351,4607.77446671717,0
6,nsga-ii,59.1825659263801,12.8389986740537,558.387125838228,1.87667560321716
6,nsga-ii,93.8166204086115,11.9311275283054,484.71159220228,3.75335120643432
6,nsga-ii,116.923821072589,15.6254555516484,421.4723076428,0
6,nsga-ii,182.098657401276,12.0259802317829,701.120878491455,2.94906166219839
6,nsga-ii,168.986916838322,18.0713581945388,348.343898122708,1.87667560321716
6,nsga-ii,101.657376398057,20.2045605414596,240.244550170484,1.34048257372654
6,nsga-ii,117.317729898127,21.7054143561175,144.737502372529,0.268096514745308
6,nsga-ii,95.2014245582549,12.7735301094177,739.689216221065,2.68096514745308
6,nsga-ii,14.2699074540632,5.90300284438085,88.4989680018557,5.63002680965148
6,nsga-ii,125.306039015801,11.6124971496965,1283.94336135332,4.02144772117963
6,nsga-ii,19.4127655886506,12.8629648452436,63.1119995816045,2.14477211796247
6,nsga-ii,193.022932089806,12.602535330161,175.948866726157,3.75335120643432
6,nsga-ii,120.118514583524,20.7841706891249,53.158388269499,0.268096514745308
6,nsga-iii,295.472205312901,20.681701546072,4160.10258243089,2.14477211796247
6,nsga-iii,339.168426794127,21.6619161293949,1823.96605803743,0.536193029490617
6,nsga-iii,20.4741888148393,6.61256718081236,49.1644247644662,6.4343163538874
6,nsga-iii,563.160587466144,21.0592261005733,1131.32303121502,0
6,nsga-iii,203.812971304772,14.7960520297583,1119.58971851696,2.41286863270777
6,nsga-iii,420.849965063779,19.0457266560108,1210.45348684265,1.07238605898123
6,nsga-iii,121.986349387972,16.3246990684854,620.526186693028,2.41286863270777
6,nsga-iii,412.681806862639,23.1276587883728,728.84079011326,0.536193029490617
6,nsga-iii,5.12057412478425,8.18851177000736,54.0650852795146,0
6,moead,19.4549651970397,6.26176172632263,15.1165182685147,4.82573726541555
6,moead,52.9004409965262,8.45101872949488,281.76379672136,1.87667560321716
6,moead,18.9328549892024,7.50410235640807,18.4116540248524,2.41286863270777
6,moead,163.796332241507,14.3199878797796,1762.66599556242,0
6,moead,34.779869831861,14.8634584988353,86.0997019061286,0
6,moead,26.890485679295,13.1257438817031,92.4352473895681,0.268096514745308
6,moead,25.4372229757376,7.13874393724002,49.4466059602693,3.2171581769437
6,moead,22.4072893426151,9.64451513112901,31.6246055239299,0.536193029490617
7,random search,1516.07418503069,49.0055121988792,2742.87436581479,0.268096514745308
7,random search,254.440904479493,16.6723110693082,2467.65014819964,4.28954423592493
7,random search,368.837709573118,32.6348453328873,1312.0194390642,1.07238605898123
7,random search,175.511156256743,12.6552451621396,312.096118824902,6.97050938337802
7,random search,589.133490415988,25.2185505405614,647.477935477296,2.41286863270777
7,random search,394.225308000229,29.436377247448,1328.72536705025,1.87667560321716
7,random search,491.049942600571,25.2368418343184,897.283778049849,0
7,random search,952.717128866888,23.8303830713434,7332.19169678094,2.41286863270777
7,random search,897.002226952098,19.5766461812299,927.75518202343,5.09383378016086
7,random search,246.323861640102,26.8283579156799,771.297411976543,2.41286863270777
7,sway,1711.11602224281,24.4701375552088,4080.09988655783,1.60857908847185
7,sway,837.204908074918,28.1554059348128,2085.37800496056,2.14477211796247
7,sway,324.198803340034,28.9066870621424,4375.44701940186,0
7,sway,20.2907158812841,6.28674023189078,49.9786586222538,4.02144772117963
7,tpe,344.171755017684,28.3464350161402,677.627678080761,0
7,tpe,20.1878132451075,6.67987162146081,180.957672969085,3.2171581769437
7,tpe,207.743873193895,18.108379076328,311.217982571211,0
7,tpe,182.701479747017,12.7975014992141,476.350261740436,1.87667560321716
7,tpe,61.7481614110952,18.1438918195827,77.9881410988176,2.41286863270777
7,tpe,100.359105676105,20.9711865789496,238.464236819759,0.804289544235925
7,tpe,17.5743550980051,9.04375325520252,89.4752124632586,1.87667560321716
7,tpe,112.412475713825,20.1560744837856,55.5050591695048,1.60857908847185
7,tpe,146.179191371756,16.7950073496132,273.574831155925,0
7,tpe,447.552939680705,16.2267651312412,9453.39166361197,1.07238605898123
7,nsga-ii,47.1940668776256,8.42552941963267,330.145280747517,2.14477211796247
7,nsga-ii,72.2618135386352,18.8494082737122,157.851448140947,0.268096514745308
7,nsga-ii,35.3860062180443,7.77766747347857,116.334866481799,8.04289544235925
7,nsga-ii,23.7381946936555,6.97637666886586,175.382465074178,4.28954423592493
7,nsga-ii,41.6713807910984,9.37660837923665,334.724445440834,1.87667560321716
7,nsga-ii,38.4409102881079,11.6692585000033,62.2423741733086,0.804289544235925
7,nsga-ii,13.1884531295726,10.993360313011,67.8324576122395,0
7,nsga-iii,480.681700281239,24.5115325869768,1170.03355737703,0
7,nsga-iii,473.766912137485,25.6720848145465,4301.43547135083,0.268096514745308
7,nsga-iii,46.5618818916081,15.654047517108,25.9147557613836,0.804289544235925
7,nsga-iii,104.504595483596,12.1157671272872,261.899296197504,2.68096514745308
7,nsga-iii,536.970397585556,33.6090970956827,270.19538094098,0
7,nsga-iii,538.471221075842,20.314829905345,7626.01207142995,0.268096514745308
7,nsga-iii,400.168959521149,29.8914356304106,657.10102542691,0
7,nsga-iii,81.8825870505344,11.6697565987853,363.457726866437,0
7,nsga-iii,56.0844305762606,12.6100009318184,73.4599861890626,0.804289544235925
7,nsga-iii,120.036327486812,21.4323344684105,85.396317608826,0.536193029490617
7,nsga-iii,23.2899398913586,6.9320596066239,52.9862660441525,4.82573726541555
7,nsga-iii,87.3860777621613,11.8675744808742,283.263444542616,3.2171581769437
7,nsga-iii,13.7116794944518,6.90236865862248,132.028452522257,3.75335120643432
7,moead,59.4022854753846,18.043329210802,266.758947086923,1.07238605898123
7,moead,220.518974601099,18.8778737533375,449.097834348533,0
7,moead,40.816783257048,11.4320302784168,84.3703572076727,1.60857908847185
7,moead,7.76317876239163,5.77737906565374,46.220236840351,3.2171581769437
7,moead,208.634410829174,18.0365146509004,1181.82778353894,0
7,moead,173.539838261765,24.0834449432838,841.401629939134,0
7,moead,70.6662477978709,10.597871685998,122.212757510221,0.536193029490617
7,moead,51.1340653920453,16.4335239618385,204.658434459841,1.34048257372654
7,moead,81.7650946175317,14.622316375384,200.306797717193,0.268096514745308
7,moead,16.9207040371169,6.357430321419,87.245394798779,1.87667560321716
8,random search,27.7280701078712,8.38654453286262,320.603874704588,2.14477211796247
8,random search,387.742666076324,31.9565469792406,676.895942458337,0.536193029490617
8,random search,811.956962435308,37.1780704491793,526.535318778084,1.07238605898123
8,random search,897.587757253869,38.6359056419758,3084.98816781474,0
8,random search,535.620828094137,26.0583568846113,2669.19644604777,0.268096514745308
8,random search,267.794752346847,19.3551419573513,1276.04475265478,0.536193029490617
8,sway,740.623273257346,28.0697017378583,1246.48525077152,2.68096514745308
8,sway,181.538057134812,13.0169965130089,616.951355676297,4.02144772117963
8,sway,858.50196046266,40.1547563252894,4028.04226240531,0
8,sway,237.99528843047,27.3948191399804,687.237766083317,0.536193029490617
8,sway,2117.5399174287,25.8948509303225,3449.16495694581,1.60857908847185
8,tpe,257.058209142915,14.6048866225925,2174.43226864693,2.41286863270777
8,tpe,127.804837351202,17.1566234764972,1059.3559915996,0
8,tpe,23.9621262958596,9.75909282005985,113.613316854283,1.87667560321716
8,tpe,86.2048794745488,14.5158035541877,132.034337138822,0.804289544235925
8,tpe,290.447697364565,16.5888412226533,1012.38696326982,0.536193029490617
8,tpe,184.180308290172,18.0032695759148,507.895271196517,0
8,tpe,67.5864836950431,9.44148118101206,85.9804319553046,3.75335120643432
8,tpe,62.0655187784656,18.0768334073259,266.970604015623,0.804289544235925
8,tpe,236.143541099663,15.832014445355,636.739822892358,0
8,nsga-ii,224.603509710011,18.7199636218577,1112.93955139026,0.536193029490617
8,nsga-ii,38.5461095750933,8.04838166124864,81.2922985285871,3.48525469168901
8,nsga-ii,26.6364859617444,10.173910232716,161.777009331351,2.94906166219839
8,nsga-ii,228.705972463027,27.4443954992723,617.358981742851,0.536193029490617
8,nsga-ii,23.5473552406142,6.85801100404345,57.8694707317533,8.57908847184987
8,nsga-ii,36.6630110731287,8.66705277244943,68.9511841907981,1.07238605898123
8,nsga-ii,35.680044628078,14.5557659289318,26.9907531756219,0
8,nsga-ii,66.4033192443858,13.0547012898011,408.036151996154,0.804289544235925
8,nsga-ii,9.98718281658799,10.2069990114452,112.695034887055,4.82573726541555
8,nsga-iii,37.5372176465931,11.0604452584536,206.657071420107,1.60857908847185
8,nsga-iii,123.093407154772,13.0584077774997,879.379326248135,1.07238605898123
8,nsga-iii,127.392956321184,15.6526684297178,67.8874482588662,0.536193029490617
8,nsga-iii,40.5796807979871,8.0462862629526,107.902428321925,4.55764075067024
8,nsga-iii,30.6969749048002,8.69234349561134,168.151764059258,1.87667560321716
8,nsga-iii,26.521791234769,8.32620058768115,131.712861323136,4.02144772117963
8,nsga-iii,40.0245351407067,8.26546834210449,255.430094603518,7.77479892761394
8,nsga-iii,31.002434513084,10.414199100472,44.9357988329936,0
8,moead,22.1118413950411,12.3624207462282,23.9161565933197,0.804289544235925
8,moead,79.6933848930133,19.2720384691097,522.139689740975,0
8,moead,126.903673913566,16.7187016056419,553.348607429011,0.536193029490617
8,moead,115.912555698364,21.6857076598682,161.832508229191,0
8,moead,12.8626010652408,6.85273145298223,31.2961139695168,1.87667560321716
8,moead,35.8662650454322,11.1567845904069,97.5347586814358,0.804289544235925
8,moead,24.6088824781287,8.14335961881392,110.289031243559,0
8,moead,16.0315491717295,11.9217626131612,56.2422645188637,1.60857908847185
9,random search,284.934450900363,28.1095781105675,953.574130299032,1.07238605898123
9,random search,127.94854574524,16.3042027234353,317.338674228555,1.07238605898123
9,random search,132.182910083209,11.4652798192468,768.274370786764,4.02144772117963
9,random search,51.293640496652,17.0248030457206,180.306160116383,1.34048257372654
9,random search,505.940893030155,19.4855672452054,1317.13888065102,0
9,sway,2690.52662196617,41.5700710206748,13645.5204423537,0.536193029490617
9,sway,1487.46525163519,51.219344275346,3216.79631222668,2.14477211796247
9,sway,291.893097020044,14.5344750277485,2968.52823361459,9.6514745308311
9,sway,92.0700288917898,20.4274425271797,773.741733024422,2.68096514745308
9,sway,361.847117956246,18.3113074699318,1381.34594207507,1.07238605898123
9,sway,454.399437570969,16.6972813702482,2107.95508530574,2.41286863270777
9,sway,374.194611351739,16.0065277217134,2814.54066318165,5.89812332439678
9,sway,4364.3489647759,63.763168895473,17300.8068013364,0.268096514745308
9,sway,2141.0229903774,37.5011260234821,3868.0910641228,0.804289544235925
9,sway,2641.94505127927,54.0245003506643,12477.3306856006,0.536193029490617
9,tpe,20.9787820803966,6.63026011814682,217.86831433909,5.89812332439678
9,tpe,108.393379187119,11.1340280637033,585.895292065229,1.60857908847185
9,tpe,421.705165256525,22.9652715189013,3284.47016822771,0.268096514745308
9,tpe,122.106772152822,13.3536273829497,254.125216047184,2.14477211796247
9,tpe,55.4353905821081,10.3916721376761,129.409437784159,0
9,tpe,26.6176990766396,9.94470410636664,100.037365668807,2.68096514745308
9,tpe,46.8908295742287,11.9841006418703,674.540907959331,1.60857908847185
9,tpe,69.3818921623604,11.1542041552833,97.0417957252674,0.536193029490617
9,nsga-ii,37.947856703545,15.249677751786,92.0085507715404,0
9,nsga-ii,62.5184985730836,17.6067201656358,65.4949197514127,0.536193029490617
9,nsga-ii,52.6179066389716,10.573936082801,215.836044432668,0.804289544235925
9,nsga-ii,39.2149372633914,9.24026490087565,156.037271994055,0.536193029490617
9,nsga-ii,123.130552388758,13.1093408937986,128.218005632523,2.94906166219839
9,nsga-iii,12.1329273737051,5.49147692122972,14.4901845018958,1.60857908847185
9,nsga-iii,231.145559383683,24.6307021466708,133.737687588418,0.536193029490617
9,nsga-iii,137.868279485836,13.2594591674574,214.592959256662,1.07238605898123
9,nsga-iii,59.7290689219279,10.3149247512359,66.3733941960344,0
9,moead,101.813280478063,14.7972635574615,339.701082133785,0.268096514745308
9,moead,90.8291776484885,19.6830205434417,239.728652826906,0.536193029490617
9,moead,34.0841981249281,11.2528015321611,315.645665148695,1.34048257372654
9,moead,20.6187748700554,6.78122821866375,91.5229281538393,6.4343163538874
9,moead,139.970289395488,17.0617876678774,48.1686681400117,0.536193029490617
9,moead,24.6890950586286,7.1588389886594,26.7821806061701,6.16621983914209
9,moead,18.9808080512358,9.01905085843784,33.7532705766542,0.804289544235925
9,moead,31.819605060343,7.49335076311959,166.401982512211,1.60857908847185
9,moead,306.710182013703,20.8152517065998,566.945497822242,0
9,moead,198.227953389291,18.2269037198894,712.639382748911,0
9,moead,225.681533184707,25.8436097407596,234.025316020172,0
10,random search,134.617321922257,13.8161230093982,149.26606231011,1.07238605898123
10,random search,99.7993696009354,21.2087392652513,1498.17938800351,0.268096514745308
10,random search,221.796672598984,13.2140382032165,481.488100402142,1.07238605898123
10,random search,2421.84702853063,41.902366099502,16306.474401952,0
10,random search,100.614316339801,12.3192373552828,1267.82484969149,4.82573726541555
10,random search,171.62249111656,17.4205844935119,1199.32397117763,0.536193029490617
10,sway,183.298775287498,17.8882805875418,516.483459482841,0.268096514745308
10,sway,924.896766880727,30.1258807826424,5023.5835727501,0
10,sway,289.276575734058,14.1262947122095,1101.09267269677,2.41286863270777
10,sway,487.201460563968,23.5999915856458,12318.7043132798,0
10,sway,2814.24353141096,58.4060899240801,4230.24356992468,0
10,tpe,45.7447691721561,11.9256001231416,193.395208877825,0.536193029490617
10,tpe,59.9128963283301,10.806816574923,380.763559636488,5.89812332439678
10,tpe,39.2524674052104,11.8553459792508,188.533162063297,0
10,tpe,55.3397823126736,9.99113783383045,408.771306937365,0
10,tpe,27.5290351017726,14.4608434893677,137.774690173248,0.804289544235925
10,tpe,111.496042284716,10.7523304775679,144.379806781837,4.28954423592493
10,nsga-ii,76.6350839469144,18.484436228659,145.112498198468,0
10,nsga-ii,45.6009982205562,9.64750747160466,205.490457508323,2.41286863270777
10,nsga-ii,41.7019800121842,9.36596710189236,53.0237145294671,0.536193029490617
10,nsga-ii,48.7821712303915,8.56458670847701,102.574435559645,5.09383378016086
10,nsga-ii,107.023601882182,14.9254914517577,153.427894299274,0
10,nsga-ii,57.1080602545685,8.9026727242914,292.310718869233,4.28954423592493
10,nsga-ii,20.0117905397613,12.5419324399256,150.324944784034,4.28954423592493
10,nsga-ii,42.6342744137993,15.9521198918541,187.53419970926,0.268096514745308
10,nsga-ii,36.1585494897211,11.3219158391777,98.959326274262,1.87667560321716
10,nsga-iii,51.3563650954209,12.1941011596892,132.336367957481,2.14477211796247
10,nsga-iii,32.9667182856375,7.66163496350512,210.643905643944,3.2171581769437
10,nsga-iii,195.167944688964,17.9876099707345,659.653417729461,0
10,nsga-iii,72.4539525901285,13.5300105884381,627.550154125681,0
10,nsga-iii,47.0869776949604,17.0703722655594,527.370233988871,1.87667560321716
10,nsga-iii,73.5732695111549,18.5503687605015,527.355674723176,0.804289544235925
10,nsga-iii,182.640789973582,12.0811160235401,2420.58656910208,1.87667560321716
10,nsga-iii,274.151031091994,14.218608396567,365.881438988849,0.536193029490617
10,nsga-iii,174.888106275643,14.4860624691854,513.995497422568,1.60857908847185
10,nsga-iii,124.741587985564,20.864177272907,207.858369601936,0.804289544235925
10,nsga-iii,24.4327713694853,8.22805958545656,256.924047335163,3.75335120643432
10,nsga-iii,49.8062197697155,8.72780557175262,85.3588101054797,2.68096514745308
10,nsga-iii,173.610535788406,24.229486845128,271.152441908638,0
10,nsga-iii,123.011020361372,23.0079598228656,425.443191888968,1.07238605898123
10,nsga-iii,26.8242376180289,9.98789895506836,181.183272806716,2.14477211796247
10,moead,13.2989630329885,5.86727858437484,30.0350513170764,2.14477211796247
10,moead,24.3346523809149,8.08014379305776,138.935416028797,1.07238605898123
10,moead,13.1034334348557,11.0091257559008,15.2753201540446,0
10,moead,14.8390490272707,8.38046570650449,34.6605097108716,1.87667560321716
10,moead,34.2033883638343,10.4712173727336,206.23777568626,0.536193029490617
11,random search,3758.84134259559,44.5386684299081,7548.66074683253,0
11,random search,99.4281288592425,15.2317659941609,641.841681332726,1.34048257372654
11,random search,331.088946737973,21.3650527219984,992.327696068777,0
11,random search,105.189442191606,10.7093174866198,1125.87968082947,5.89812332439678
11,random search,135.952689765913,21.7229100323292,213.413163279877,0.804289544235925
11,random search,106.548804840006,15.239455187228,193.240773463462,1.07238605898123
11,sway,253.004355828582,27.4471129595166,1186.5271604065,0
11,sway,115.898566463407,20.861107993436,1295.8333658038,2.14477211796247
11,sway,596.539053629724,18.1918900602219,2904.83775433983,4.28954423592493
11,sway,593.424554435496,25.8580337999481,1549.74562863741,1.07238605898123
11,tpe,442.57979956145,23.6984093458793,677.715136383827,0
11,tpe,43.5547262213308,9.49661976990145,52.7032926478178,1.07238605898123
11,tpe,41.4532733177773,16.8616100877914,106.050985047662,1.60857908847185
11,tpe,57.7714668825165,10.582549170627,321.748398363673,0.536193029490617
11,tpe,388.31424757294,30.7496737126116,454.003641329463,0
11,tpe,40.751562576009,11.8820143132447,347.743553949965,2.14477211796247
11,nsga-ii,1054.45962492747,32.571371579885,7215.20185640544,1.60857908847185
11,nsga-ii,2085.10612907284,52.4621728673365,11125.5333814546,0.536193029490617
11,nsga-ii,173.961033966877,24.2197431353636,479.145167566914,4.02144772117963
11,nsga-ii,1458.94585347827,35.8244353403629,11825.3084791235,0.536193029490617
11,nsga-ii,1648.6057895709,34.6514770246039,13936.4771931272,0.804289544235925
11,nsga-ii,932.010805788017,29.1174726734025,2024.52095109058,1.34048257372654
11,nsga-ii,1130.83176891121,40.5234070895786,4976.98562691998,0.804289544235925
11,nsga-ii,2.54606492052348,4.1176507952411,30.6687967512847,0
11,nsga-iii,214.361039293377,19.0991539029896,273.453225779059,1.34048257372654
11,nsga-iii,269.493324624354,27.5358794642179,3517.81276501948,0
11,nsga-iii,36.7530165392769,7.78552906331181,120.545698916026,2.14477211796247
11,nsga-iii,61.2536285180016,13.5034386110173,307.372739819477,1.87667560321716
11,nsga-iii,8.61313949371908,9.86930075644057,19.125703577069,0
11,moead,29.0267646049497,10.1365399359712,105.555483771212,1.60857908847185
11,moead,334.321618813951,21.6754818779096,1456.98897002862,0
11,moead,331.956024685195,18.0825688796041,2420.03641223499,0
11,moead,10.5767986233277,10.1960906998301,34.9898329542488,2.41286863270777
11,moead,66.6719962352201,18.3254246951538,209.740838159144,0
11,moead,33.643348572775,9.0728460542376,126.280242994468,0.804289544235925
11,moead,191.067876906282,18.2626344195076,1390.84298323207,0.268096514745308
11,moead,26.2780358627132,8.56927201317728,77.6153624056817,1.34048257372654
11,moead,15.4928003516533,11.5313279975722,16.6449630699546,0.536193029490617
11,moead,25.2102542765282,8.29258897617068,109.836378780087,3.48525469168901
12,random search,760.893313881797,37.7988715261509,4357.29999804576,0
12,random search,391.434039688382,22.3795837976302,688.741772286555,1.07238605898123
12,random search,1176.08087454491,42.8325651707275,2436.7233023221,0
12,random search,549.51995759997,19.8833992260381,4177.8817093301,2.68096514745308
12,random search,907.538632110834,42.5053689955441,4076.07424597012,0.536193029490617
12,random search,552.174326320477,18.2253257382069,2706.61118583305,2.14477211796247
12,random search,382.439258842608,15.9329660604583,2374.92049329951,3.75335120643432
12,random search,691.670537481788,19.7605220521856,1713.2980531715,7.23860589812333
12,random search,741.731380460554,29.0814912108279,4955.75245713914,0.536193029490617
12,sway,1090.83995597612,30.3237184664988,2753.3040464682,0
12,sway,349.016089060248,17.6636322007723,1319.28001485364,0
12,tpe,101.72566296554,10.3935257587249,391.20757185623,3.48525469168901
12,tpe,636.16984837224,20.8201945860707,2566.650916218,0
12,tpe,119.173204702824,12.6988819816886,89.1130219798439,2.94906166219839
12,tpe,39.1039144150704,11.4605986541416,104.780992970136,1.07238605898123
12,tpe,47.7791043681596,8.46984894748383,68.2151117416099,5.09383378016086
12,tpe,217.082589589333,15.4454121486905,900.050601745949,0.536193029490617
12,tpe,58.5118597836691,10.882278264618,376.093449582131,2.94906166219839
12,tpe,155.38434878749,23.5750531896293,555.118522999239,0
12,tpe,45.6998980145613,16.0019951624867,141.289093450082,0.268096514745308
12,nsga-ii,230.299092825391,18.9115123514814,890.134955337932,1.34048257372654
12,nsga-ii,18.4564469181592,7.24167263301361,135.274794001577,3.2171581769437
12,nsga-ii,332.10825660116,22.3679963597465,2790.60825983602,0.536193029490617
12,nsga-ii,26.9964631253372,14.1135255232486,42.3642722075914,0.536193029490617
12,nsga-ii,262.927101483328,26.5187708720568,1193.3480893115,0
12,nsga-ii,41.5612153805441,11.8184655577444,422.815471496529,2.94906166219839
12,nsga-ii,366.852405560151,22.4587227519254,1056.47488529402,0
12,nsga-ii,50.1292885953152,9.9032506630472,245.120677622483,1.60857908847185
12,nsga-ii,924.879116579776,41.4605731530165,1001.72707976037,0
12,nsga-ii,536.320067005854,32.9788635660978,795.925040932986,0.268096514745308
12,nsga-iii,99.0687242784636,19.706639322214,532.014425824331,0.536193029490617
12,nsga-iii,234.655831851579,25.3149074617103,1237.79542440203,0.268096514745308
12,nsga-iii,156.663260748638,13.7154605975055,1625.75340578938,1.60857908847185
12,nsga-iii,247.680044753195,27.0340436150866,359.682397905551,0
12,nsga-iii,13.2727265024332,6.62912025601236,22.7221223386397,1.07238605898123
12,nsga-iii,234.514794075623,26.291878340736,1031.26286161312,0.268096514745308
12,nsga-iii,282.613777712445,20.86449221866,362.03605229868,0
12,nsga-iii,69.7172640245334,10.990942225017,339.133667321589,0.536193029490617
12,moead,107.849084244582,14.8608299260292,87.0918195235365,0.268096514745308
12,moead,71.466737455453,13.3333674633745,371.818314525429,0.536193029490617
12,moead,32.5967572671996,8.88356294833917,132.979866035057,1.87667560321716
12,moead,53.4141869688427,8.63809277456177,293.08900463199,3.75335120643432
12,moead,33.5904251573757,10.9776313317187,71.7265158995046,1.60857908847185
12,moead,106.560070764687,20.1162474901921,282.128235997978,0
12,moead,32.2263352131002,7.66490987393236,276.121945248487,4.55764075067024
12,moead,66.1419093440023,13.6062041486028,186.132343505666,0
12,moead,27.334722614766,10.2569763808857,84.4760124916027,0.804289544235925
13,random search,1589.97611914922,25.2264431876602,4052.01007724905,2.14477211796247
13,random search,245.167234735251,14.221108555874,2160.09769302322,2.68096514745308
13,random search,192.576646640534,25.9964448140238,719.553824989769,0.804289544235925
13,random search,359.273642237189,29.3492129024944,1380.45623110684,0
13,random search,22.0487575745832,7.7857795018278,155.224078491849,3.48525469168901
13,random search,1014.89455683632,25.827569053148,2683.15252685183,0
13,random search,34.649177349973,9.07885918443512,238.420908463879,2.94906166219839
13,sway,668.762051093747,37.0307718592502,6046.30017749923,0.536193029490617
13,sway,243.609792167468,16.2204616933793,328.075731045839,1.07238605898123
13,sway,960.071134736776,30.6754733000858,4533.06037228497,0.804289544235925
13,sway,3237.9879573892,45.5564963034159,20472.438040555,0.268096514745308
13,tpe,113.881367840336,15.8087333334982,126.951798586022,0
13,tpe,45.4561882101249,9.70019923030138,201.201410425436,4.02144772117963
13,tpe,56.41874357161,17.792778027447,513.481198116793,1.07238605898123
13,tpe,14.9749650270944,11.2730519357481,100.632878062346,1.34048257372654
13,tpe,49.7401070305818,8.87465944464322,517.918225237553,9.11528150134048
13,tpe,75.0432751139719,13.844873347007,240.666910538494,0
13,tpe,75.4031622992552,10.979152431357,567.635089373741,3.2171581769437
13,nsga-ii,28.4704245378027,8.27559665306915,76.5993271778931,1.60857908847185
13,nsga-ii,208.020178718031,25.3516156151727,331.095469990637,0
13,nsga-ii,395.628965136788,22.3362770021178,760.8035424422,0
13,nsga-ii,49.846873531373,10.147461979083,66.2132078823245,3.2171581769437
13,nsga-ii,132.777331583133,17.2606551479836,1317.75984052321,0.804289544235925
13,nsga-ii,80.7868130344533,18.3251069664177,573.53681682322,0.268096514745308
13,nsga-iii,146.010494490813,16.89665312041,379.608904496409,0.268096514745308
13,nsga-iii,16.8509553401593,6.32856923090917,65.3713169300618,5.09383378016086
13,nsga-iii,37.2431551227681,11.3844666172562,256.582258402235,1.07238605898123
13,nsga-iii,84.2537490215919,13.734776273668,149.186403750994,1.60857908847185
13,nsga-iii,9.76889932268961,7.27665162833361,14.3893364632572,1.87667560321716
13,nsga-iii,1040.16154521933,30.1615703854668,2894.36905972982,0
13,nsga-iii,418.616013610934,32.1801932515907,294.171459921865,0.536193029490617
13,nsga-iii,182.520920579986,18.1738262129211,235.954454109478,0.804289544235925
13,nsga-iii,166.067696259665,17.8790017923895,319.311084705126,0
13,moead,16.2837812155415,8.62581304013956,46.9705734522044,1.87667560321716
13,moead,33.9158856981722,8.83683319954969,35.6086436968717,2.68096514745308
13,moead,47.8821219384307,15.8041574919672,48.2477322952153,0.804289544235925
13,moead,14.0271316027619,8.25671972060497,225.942528493852,2.68096514745308
13,moead,33.089726132023,8.5579238520223,51.9230955435688,1.60857908847185
13,moead,14.8999907466299,8.71569749263606,219.934101557089,1.34048257372654
13,moead,24.8974195165141,6.89445486018063,78.1871191941939,3.48525469168901
13,moead,52.2380085002762,12.0261361394272,47.0764114129967,1.07238605898123
13,moead,10.4599248016453,6.3544032493851,156.973700070217,2.94906166219839
13,moead,23.2592612720461,9.78382610113322,55.1151509927687,0
14,random search,374.622654656911,31.2244840146542,5900.20978814043,1.60857908847185
14,random search,1802.94250130207,35.3238284625745,10263.1889793121,0.536193029490617
14,random search,1142.34885676209,43.3580820123797,5601.25052646792,1.07238605898123
14,random search,24.6706320813928,13.8801299761081,181.313403782418,2.41286863270777
14,random search,680.815037408137,26.7823429852061,841.644826033004,1.07238605898123
14,random search,1806.4963099859,30.1274803280028,1874.81269139535,0.536193029490617
14,random search,176.452326155966,13.2039902619437,2488.45447642069,4.82573726541555
14,random search,1352.06414066792,43.6437111240842,12942.7686541433,0
14,random search,495.822777569124,20.3769587894313,4858.837446073,1.60857908847185
14,random search,544.355180871312,23.5861907781723,3242.82612545205,1.87667560321716
14,sway,1321.67880961335,44.3636010974991,4374.73725786807,0.804289544235925
14,sway,1489.76844900019,48.5783557143647,20921.8483618259,0
14,sway,863.19524822201,20.1698965328649,22289.949077375,3.2171581769437
14,sway,1551.2334938269,45.1661190824067,3008.92142963167,0.536193029490617
14,sway,1675.67010096285,35.0531207342501,6367.77906528249,0.804289544235925
14,sway,1050.8399614369,25.0112135919502,6803.24273527656,2.68096514745308
14,sway,1094.65599084926,43.750285236798,7308.94245696857,1.60857908847185
14,sway,2861.31982476901,42.5215315646736,16881.6608772499,0.536193029490617
14,sway,616.840962368658,25.012864045893,2180.76112834408,1.60857908847185
14,sway,479.968698859551,17.7196659285938,1730.02684977788,5.09383378016086
14,tpe,109.872455296654,15.2857522422332,132.60507744336,2.41286863270777
14,tpe,49.375754344503,11.8716295652344,274.671785252022,0.268096514745308
14,tpe,401.315453394915,19.451609260598,3101.42815353453,0
14,tpe,459.160201418244,32.1819674900373,855.583558958633,0
14,tpe,124.253865207168,21.3361904726708,532.583040284508,0
14,tpe,46.7159110000641,8.64600635229028,409.346233109719,7.77479892761394
14,tpe,40.7376270469058,9.29405283407898,57.6337945508381,1.87667560321716
14,tpe,14.5787627699074,11.3509741612782,60.4782389972371,3.48525469168901
14,tpe,108.247247748144,21.0260875859826,1145.86944199988,0
14,tpe,55.8454918430319,8.55906026089274,289.111110802867,6.16621983914209
14,tpe,30.8375189126038,8.84868409691678,78.0632468655388,3.2171581769437
14,nsga-ii,204.48317061911,19.1681765866358,1089.86275956787,0.536193029490617
14,nsga-ii,312.957956422075,29.1517950691667,910.708462950269,0
14,nsga-ii,216.472497828039,12.9748039073028,1598.73966630028,1.07238605898123
14,nsga-ii,195.011197437298,18.3582879875856,1243.07358753288,0.536193029490617
14,nsga-ii,397.180224816551,15.6259776584452,509.729398645477,0
14,nsga-ii,182.193783476451,23.7017445720422,722.794919041137,0.536193029490617
14,nsga-ii,62.7190851731982,9.29869095196153,319.192248819586,2.68096514745308
14,nsga-ii,66.1134159862768,10.7418774182888,260.83275946893,2.68096514745308
14,nsga-ii,255.232951180965,19.9433176683362,671.619092923109,0.536193029490617
14,nsga-ii,241.311537530085,26.5975107683478,1187.17356500797,0
14,nsga-ii,26.2605775985782,10.1520455016866,63.8081968034194,1.60857908847185
14,nsga-ii,210.147205708942,18.8162315428071,772.393621272313,0.536193029490617
14,nsga-ii,41.0587269015362,7.90308590661932,119.553363500261,7.77479892761394
14,nsga-ii,29.9042941664326,8.7728034367729,161.638887181483,6.4343163538874
14,nsga-ii,39.8128808995314,15.7528753269723,210.346588651011,0.804289544235925
14,nsga-iii,237.756831161932,15.3948126781025,1193.71345678237,1.34048257372654
14,nsga-iii,230.114311736382,15.3864742025626,2736.47210955004,0.804289544235925
14,nsga-iii,87.6468874347939,19.9224743460296,368.472097484513,0
14,nsga-iii,27.764320408554,9.75998844831654,21.9554327985555,2.94906166219839
14,nsga-iii,115.473366184144,21.8412987367685,353.929769246424,0.268096514745308
14,nsga-iii,78.8340999899684,18.9001894982167,508.546872203261,0.536193029490617
14,nsga-iii,336.051235081861,16.6792543864326,1039.35689851245,1.07238605898123
14,nsga-iii,162.488696081998,23.7977422590632,133.497206330004,2.68096514745308
14,nsga-iii,60.4451715954824,11.0734098432064,239.555690157341,2.68096514745308
14,nsga-iii,49.7315095352957,17.3237503846362,165.718977858605,1.60857908847185
14,nsga-iii,146.087074334944,17.0210677647776,482.926011001386,1.07238605898123
14,nsga-iii,93.6442024903452,11.8903442051629,282.258488195101,1.60857908847185
14,nsga-iii,83.1222411634648,11.4180597278236,298.915443153337,2.14477211796247
14,nsga-iii,126.264101237245,11.1642998868447,208.230156316801,1.60857908847185
14,moead,759.110900583469,21.928730102595,1029.45704481063,0.536193029490617
14,moead,41.4782953393986,9.09245144455042,80.1275042289121,0
14,moead,16.4125096587078,7.15576792264887,34.6155959122193,2.94906166219839
14,moead,52.1922145174464,10.0512104113665,28.8380590387145,1.34048257372654
14,moead,28.9098656000724,10.2276250521838,163.661666805835,0.268096514745308
14,moead,27.0138883397715,13.958245744154,59.9374683666394,2.14477211796247
14,moead,37.1248245071431,9.22333007760646,314.855305005797,2.68096514745308
14,moead,59.4100694001889,8.72361520825328,72.298907342819,1.60857908847185
15,random search,234.319156596739,16.2561976210082,838.257615917518,0.536193029490617
15,random search,143.110996870017,13.9626073778663,609.924907110733,1.60857908847185
15,random search,100.872505833828,21.1544224240647,859.002122542637,0
15,sway,1419.42912319146,27.4249251030424,4948.25458856559,1.60857908847185
15,sway,168.624587381074,12.1454179900818,2378.62890223555,1.60857908847185
15,sway,441.021858852626,18.7047610839823,1496.31015519875,1.87667560321716
15,sway,169.34653666614,14.5334177089277,1298.23456504255,2.68096514745308
15,sway,260.780778641983,28.0673870171854,991.965140972254,0
15,sway,146.451300142549,23.0101522601699,636.161068663837,2.14477211796247
15,tpe,36.9062877415984,12.0107009813259,274.562553843675,0.536193029490617
15,tpe,81.6960962183574,19.7237803488963,150.93828753387,0.536193029490617
15,tpe,46.814089448663,12.6109005485162,203.658081114034,0.268096514745308
15,tpe,292.423826662879,21.2091194502558,944.834925572917,0
15,tpe,47.0175178486671,9.66709853081174,128.851996727993,0.536193029490617
15,tpe,251.347345239384,19.853089157387,2795.81576348956,0
15,tpe,5.63678465542083,5.29214591354839,51.2152833303161,2.94906166219839
15,nsga-ii,61.2119994398361,10.9035743999869,423.169476678756,2.14477211796247
15,nsga-ii,1424.74297796416,33.7745707527038,3595.29628571356,0
15,nsga-ii,669.211419269218,27.0472289330062,3141.98075248015,0.268096514745308
15,nsga-ii,87.2043149932521,19.2061219234959,203.708503730398,0.536193029490617
15,nsga-ii,15.0571797632316,5.97514109954441,105.278886307577,2.41286863270777
15,nsga-ii,31.6590752023228,8.75217774790132,57.1133264657975,3.48525469168901
15,nsga-ii,119.908690598577,13.0088162930115,454.87682261704,1.87667560321716
15,nsga-ii,75.0873086483655,18.9345755755018,492.116894345322,0.536193029490617
15,nsga-ii,111.684104544386,21.5244808304097,354.081457836407,0
15,nsga-ii,435.983520052191,16.273406202528,947.799033321282,0.536193029490617
15,nsga-ii,103.694893126828,20.1047025650906,194.351318121535,0.536193029490617
15,nsga-ii,242.284012261082,16.9107003780342,1026.66365064997,1.60857908847185
15,nsga-ii,264.529618819491,16.8614539966603,893.923826962354,0.536193029490617
15,nsga-iii,272.520741472369,20.2520895759926,308.49123964943,0
15,nsga-iii,148.940363596627,22.8532150080924,482.848704738228,0
15,nsga-iii,267.442693717594,20.9260839241443,2971.4692433545,0
15,nsga-iii,241.439652176201,16.044344026731,245.315159149865,2.94906166219839
15,nsga-iii,208.915908720622,18.5070446142973,225.646163352596,0.536193029490617
15,nsga-iii,16.1383213844296,8.78070607684193,215.061771597312,3.48525469168901
15,nsga-iii,41.2064272066126,8.55389646440681,393.599971432788,4.02144772117963
15,nsga-iii,13.8918273404359,7.10512174340127,62.6587592158181,5.89812332439678
15,nsga-iii,65.0104276742642,11.0330411251856,409.527440582297,3.2171581769437
15,nsga-iii,184.177934543103,12.2906178343804,140.639111493216,3.75335120643432
15,nsga-iii,123.108973495118,21.3789266817326,365.653958061218,0.536193029490617
15,nsga-iii,51.2783286587592,12.6687530005252,128.06110603269,0.536193029490617
15,moead,25.3569334424324,8.25296433878608,170.51570343113,0.804289544235925
15,moead,1817.92940424094,35.2351304797816,9101.18105216071,0
15,moead,39.999248508207,11.3319412035801,59.2470638691079,2.14477211796247
15,moead,51.4718312723454,12.2345164765392,69.2638618205589,0
15,moead,15.9164482919789,11.5490522409147,18.9451252618168,0.804289544235925
15,moead,19.543232152704,7.55054914287951,108.603620061109,3.75335120643432
15,moead,24.1221370031242,8.02398198469217,346.926638282704,1.87667560321716
15,moead,27.0935699733063,7.22919762723353,163.639824403485,4.82573726541555
15,moead,46.865244366025,8.54724661341264,126.67224789596,2.68096514745308
15,moead,38.1448352898076,15.6209642161256,336.487926745186,0
15,moead,40.2792200711984,9.37084226578129,125.291207764701,0.536193029490617
16,random search,1103.16963875001,43.6179659788122,5652.76549343625,0.536193029490617
16,random search,723.180174352676,36.9494369828613,1330.48149841318,1.07238605898123
16,random search,545.220284368343,21.8197960930231,2760.37358970343,4.28954423592493
16,random search,1749.80655322998,35.9014736629359,16741.7789895539,0.804289544235925
16,random search,84.4520810903589,19.5361512843081,443.080957037877,0.536193029490617
16,random search,2328.02530858565,53.6923473132114,3902.85433594752,0
16,random search,1578.33901168648,46.6642683360197,5105.31940306721,0
16,random search,608.039461459416,18.9950765921135,6970.58263856978,3.75335120643432
16,random search,141.740481357109,12.4334886534412,252.302355991462,4.55764075067024
16,sway,355.874177668875,15.2664165532817,1833.82600877031,4.02144772117963
16,sway,3634.02855301796,31.1390392296831,12083.1643407063,3.75335120643432
16,sway,336.759364306706,18.7669049760042,796.427896105439,0.268096514745308
16,sway,299.837407420277,15.3317262828267,465.803207987427,4.02144772117963
16,sway,763.312870855401,40.3653850910449,2940.07976900086,0
16,sway,71.6622144557723,10.0419932967971,389.445556792505,5.36193029490617
16,tpe,244.311119524923,27.3324195538362,639.961279831218,0
16,tpe,18.8962061135262,13.3057110493507,127.98131984975,0
16,tpe,8.07971910477718,9.44771352051864,23.8582684434452,2.14477211796247
16,tpe,40.4000210244876,9.41324068766137,131.314938680253,0.536193029490617
16,tpe,9.84115787199246,6.02672360896473,18.5501945937905,1.07238605898123
16,nsga-ii,12.2816462474008,8.07509030948158,120.08729712398,2.14477211796247
16,nsga-ii,41.1426567154283,11.5220853279136,195.894213594354,1.60857908847185
16,nsga-ii,68.0295890583822,14.0889653269461,238.274246000549,1.34048257372654
16,nsga-ii,152.724413736232,22.5351683424742,809.475276390309,0
16,nsga-ii,31.3359204458275,7.33450915951956,18.4357541126733,4.55764075067024
16,nsga-ii,233.489062893977,19.2018577780872,570.782273009146,0
16,nsga-ii,113.548614573525,12.8019167121351,86.6929189739594,1.07238605898123
16,nsga-ii,27.5409066731524,13.9517791566065,57.3438621178833,2.94906166219839
16,nsga-ii,70.6863779175874,13.2683127976752,265.116634357498,0
16,nsga-ii,169.597630060828,23.1444571655551,134.79237545895,0
16,nsga-iii,8.54032371267269,5.90429759035643,21.8824694489178,2.41286863270777
16,nsga-iii,279.746442685179,16.8068518019632,347.370100711895,0
16,nsga-iii,73.6801401312979,13.3291419718975,477.716619921422,1.34048257372654
16,nsga-iii,228.944689425019,15.4508035713452,425.436511966792,0
16,nsga-iii,18.477597554068,12.4703958562157,27.6577697869572,0.268096514745308
16,nsga-iii,43.3064299502844,11.7230731966576,121.331684035564,0.268096514745308
16,nsga-iii,167.939361036217,22.7376281103085,653.157871817821,0
16,moead,14.6638325513993,5.72367919370044,15.3894549893153,6.70241286863271
16,moead,26.3429650299004,9.72078065184861,93.5791997205924,0
16,moead,35.2264288480658,14.6046410548508,39.1747062095969,0.536193029490617
16,moead,20.0406681744265,7.52584525230854,82.9092289419286,2.14477211796247
16,moead,30.3691551371107,13.7666123084807,40.8463900638287,0.804289544235925
16,moead,26.6602428763936,8.49354072161186,31.2913798027533,0.804289544235925
16,moead,39.6450537960419,10.9829836443655,33.9146272774735,0
17,random search,618.197900235066,26.4387920673024,1771.49267030388,0
17,random search,579.825602297253,24.8830298802146,3264.04890540537,0
17,random search,602.358351126564,21.2907152975477,2564.48514140097,1.87667560321716
17,random search,167.962051782121,12.4679438731692,944.318283928741,2.14477211796247
17,random search,386.072291341836,22.5977124496069,3657.35411022349,1.34048257372654
17,random search,135.667265066971,22.9217893266764,804.451113967357,3.2171581769437
17,random search,187.39108176955,24.2497746285776,707.254746564423,0.268096514745308
17,random search,285.948661263006,17.3629800068613,583.265615901113,2.41286863270777
17,random search,160.743012205956,15.0541595967062,509.904712390712,4.02144772117963
17,sway,234.58216383512,13.8266718518532,4451.0227739794,5.36193029490617
17,sway,550.098975616134,23.6959157091733,2331.4130183492,0.804289544235925
17,sway,471.344444081295,31.5006305065718,4597.43638106082,0.536193029490617
17,sway,1348.58510421141,26.418879989785,1329.0349257053,1.60857908847185
17,sway,279.884802297195,17.2295530871559,1696.41751797436,1.87667560321716
17,tpe,417.114523166162,33.2267074588482,1598.70666110712,0
17,tpe,54.9474263060597,10.0565578638444,97.045650911015,0
17,tpe,33.8193798210391,7.52145219457334,150.931502284279,6.4343163538874
17,tpe,36.1349830978975,15.1803620283118,234.686350168721,1.07238605898123
17,tpe,41.0245196834469,11.6388884010225,189.68389828561,0
17,tpe,53.4112535004535,16.6767374422163,44.1645864314207,0
17,nsga-ii,234.602706469234,27.1761852423122,613.641536822962,0.268096514745308
17,nsga-ii,141.510226149392,14.0462670219083,257.463905029531,3.75335120643432
17,nsga-ii,130.037060117688,11.6592081214727,1369.19351841353,9.6514745308311
17,nsga-ii,48.2557680209416,12.1340215832842,270.337140219452,2.14477211796247
17,nsga-ii,35.7050746432921,15.3551178592258,83.9686051724397,3.48525469168901
17,nsga-ii,171.299786426489,24.6443361338632,660.815039220779,0
17,nsga-ii,160.263035661998,16.9586978978487,1305.77148826927,0.268096514745308
17,nsga-ii,141.007357455447,13.1830114668075,338.769803222395,1.07238605898123
17,nsga-ii,510.153986347934,35.1840948801155,503.056802329336,0.804289544235925
17,nsga-ii,874.195787134162,24.3465575029713,5940.46492064357,0
17,nsga-ii,148.500677769324,22.1615617556882,119.000909887249,1.34048257372654
17,nsga-ii,80.0948687544707,13.4958942748828,338.738060643924,1.60857908847185
17,nsga-ii,82.8356361102031,11.8064147581757,440.247683350272,1.34048257372654
17,nsga-ii,74.7153921807467,14.1909176379074,652.528431506778,0.536193029490617
17,nsga-ii,78.2249142742739,13.9668165104326,1092.97687380692,0.804289544235925
17,nsga-iii,187.945848392227,23.6945508327374,165.955650831793,0.268096514745308
17,nsga-iii,17.1837856487364,6.3022890009836,144.660358184637,6.16621983914209
17,nsga-iii,559.778473127495,19.7767080979421,3120.37933069751,0.268096514745308
17,nsga-iii,56.3701072908289,9.12751285418209,424.739233406324,5.63002680965148
17,nsga-iii,26.8226716429091,8.43598337021081,150.725542362816,2.68096514745308
17,nsga-iii,551.762327197236,25.6120303396376,467.176844946845,0
17,nsga-iii,49.7216422719487,10.0048229900841,164.612436710798,1.60857908847185
17,nsga-iii,338.854639062565,22.0752295850649,2349.96338203544,0
17,nsga-iii,45.3245417004114,11.4292763859488,60.227030919107,1.07238605898123
17,nsga-iii,36.9901225189938,11.1180999498897,211.859619422927,1.34048257372654
17,nsga-iii,21.4642880243971,13.1313544341477,96.6610642665183,0.536193029490617
17,nsga-iii,294.76980733321,21.0024171839253,2593.44961206491,0.268096514745308
17,nsga-iii,365.434180681942,28.5346378684813,686.944830110137,0
17,moead,120.285586716325,13.3286751339569,647.563637308292,1.07238605898123
17,moead,1133.41882944585,24.5418824854522,2884.72475525326,0
17,moead,239.124635319621,26.9205077646706,738.651394438887,0
17,moead,8.34646731374444,9.54635009297357,23.4067411331474,0
17,moead,20.8952762967691,6.70621859562654,92.1618841026729,3.48525469168901
17,moead,51.0268607602432,8.37134591809343,73.4243281852169,2.41286863270777
17,moead,35.4008078734907,9.05915633188309,113.27599039027,2.41286863270777
18,random search,114.249324185027,10.779707605362,1276.97392489946,4.02144772117963
18,random search,341.120403814315,22.0480625200257,2785.23340933135,2.68096514745308
18,random search,314.140645135371,21.3065501847129,1148.18333437886,0
18,random search,245.20346318001,28.2179905336857,1027.1924898443,1.34048257372654
18,random search,37.2261764432856,11.4928341468786,106.239421571559,0.804289544235925
18,random search,269.365620594714,17.1733304895281,2987.94708463857,0.536193029490617
18,sway,118.672277962464,21.5228118772601,65.6313718704513,0
18,sway,20.4140793765686,7.85213383514923,62.3837577352973,3.2171581769437
18,tpe,69.8612698863505,18.5263987083273,163.480579096503,1.60857908847185
18,tpe,110.791157545456,12.8105105739776,249.008877035202,1.07238605898123
18,tpe,36.9326702610476,7.87379211319697,68.1318936412911,3.75335120643432
18,tpe,231.743788502673,26.4762621923524,439.556399705336,0
18,tpe,161.386209837961,17.5140943594534,354.548916033667,0.268096514745308
18,tpe,312.037158680697,21.2379275370544,1383.07176064866,0
18,tpe,176.732728699882,12.5018275898508,410.886062225334,1.87667560321716
18,tpe,396.553667239221,23.067123420481,1237.85842323563,0
18,tpe,150.826076183489,23.0100489874757,471.042261783867,0.536193029490617
18,tpe,278.603013325624,16.6594868323215,1454.91505319588,0.536193029490617
18,tpe,188.543499142768,24.6844474577049,725.803970026614,0
18,nsga-ii,470.859580633538,19.5781785498511,1328.95166909382,0.536193029490617
18,nsga-ii,46.4742660808593,16.6007836310967,64.1764562868712,1.34048257372654
18,nsga-ii,67.8145191671942,9.63759557564686,451.887812778646,6.4343163538874
18,nsga-ii,156.16274287032,23.7794041312287,337.976736644725,0.268096514745308
18,nsga-ii,142.635902582544,22.893876094415,363.665476230595,0
18,nsga-ii,70.3421070805093,14.1280489961162,433.576746452107,0.268096514745308
18,nsga-ii,67.5165771066732,10.6716853471082,408.941766841489,1.87667560321716
18,nsga-ii,128.65048349661,21.8579479838718,408.749333821469,0
18,nsga-ii,32.7506586902345,10.6374037471707,68.3226735316788,2.41286863270777
18,nsga-ii,92.8548893018885,20.2164368455767,367.458885434594,1.07238605898123
18,nsga-ii,95.6673570339988,15.1718414853417,97.3798820251995,1.87667560321716
18,nsga-ii,70.4820927101245,9.79097442481025,318.683551860712,5.89812332439678
18,nsga-iii,157.60227254499,17.5931776053962,606.796960463559,0.268096514745308
18,nsga-iii,104.828824748766,20.1638369314176,230.344154853743,0
18,nsga-iii,11.2834801493641,10.9607970828406,37.1802765992824,0.536193029490617
18,nsga-iii,19.4059274180639,9.12791568664872,195.799186928725,2.14477211796247
18,nsga-iii,26.2462167845504,7.14294889932512,130.033148304438,5.63002680965148
18,nsga-iii,100.226550321008,20.2482380848257,666.668019837728,0
18,nsga-iii,170.002815329455,17.4721015613672,1025.01102505068,0.268096514745308
18,nsga-iii,76.8345506200828,9.68815089163561,181.280737975528,5.36193029490617
18,moead,36.1420947742077,11.5509945534358,187.083685924808,1.34048257372654
18,moead,17.9269489731042,9.09544217508515,91.5431498543204,0
18,moead,19.3757953726139,9.18725862656233,42.0074126841404,2.94906166219839
18,moead,81.8336345711372,18.7015578816252,41.9063677054499,0
18,moead,38.1582260124365,11.5437685256856,60.8820303940725,0.536193029490617
18,moead,31.2688230708609,7.45888219016124,66.6663354226937,4.55764075067024
19,random search,243.546633565237,27.3540889805554,578.942461059953,1.87667560321716
19,random search,799.709695857715,37.6171124667568,3597.04547485833,0
19,random search,92.6038180126286,12.4503669061595,821.135300208416,1.34048257372654
19,random search,1754.84489506273,44.1660123928951,1811.86951419652,0.804289544235925
19,random search,1539.4320661983,34.7343504313461,11943.2112914035,0
19,random search,201.74982864421,18.2157706460441,583.39245658019,1.07238605898123
19,random search,936.534113589665,28.9919350188088,1896.43368857522,0.536193029490617
19,random search,838.741440051737,37.7032395331051,2304.95577493748,0.268096514745308
19,random search,908.443146912304,37.3965203475648,3453.88980763163,0.536193029490617
19,random search,74.6193175010072,18.7205177485594,505.431273140161,2.14477211796247
19,random search,88.9862009140111,10.2836085137638,117.825298518056,3.75335120643432
19,sway,644.786451163957,26.9576839848034,3748.41003470771,0.804289544235925
19,sway,1612.2699340376,35.241709234716,13849.800229287,0
19,sway,418.930311860553,23.4341851816476,4035.93351605843,2.14477211796247
19,sway,1042.14219705848,25.1591609894008,10406.4010638532,1.34048257372654
19,sway,531.079315723667,17.4169181455696,3935.1129490622,6.16621983914209
19,sway,1507.19595246373,22.9931348413025,2850.17560993853,5.63002680965148
19,tpe,23.1658497112471,9.82054886083805,282.217103950173,2.14477211796247
19,tpe,56.0606322386783,8.74199619357436,109.080896541665,5.36193029490617
19,tpe,193.598433328163,23.117992488171,288.436230501433,0.804289544235925
19,tpe,138.141177433293,16.7218883964608,289.316941123084,0.804289544235925
19,tpe,98.4768067493036,15.1862219234895,460.946477933443,1.34048257372654
19,tpe,661.305137875464,35.689832814706,481.161529030946,0
19,tpe,598.64493702524,25.82605298358,1062.81679108537,0.536193029490617
19,tpe,6.80320128119812,6.7625410758144,131.658225618398,1.87667560321716
19,tpe,572.773242437462,26.0074836268205,3460.84627241934,0.268096514745308
19,tpe,63.1405206060376,10.8331714308958,122.014020747606,3.75335120643432
19,tpe,147.409820303702,23.1581206764647,214.430811780595,1.60857908847185
19,tpe,805.756603593362,27.3331288310135,1198.98825029631,0
19,tpe,674.344990388157,26.4632845768175,1213.19870593748,0
19,tpe,76.2044392031582,18.8703047200736,583.188928419582,0.536193029490617
19,nsga-ii,13.7446687583432,11.1744532309348,131.786211466102,0.268096514745308
19,nsga-ii,92.0405003553634,20.4790005644072,836.73654283776,0
19,nsga-ii,58.7271961444761,10.512907902309,335.051996611954,2.14477211796247
19,nsga-ii,43.2734494790973,8.03232206381251,125.353540739038,3.2171581769437
19,nsga-ii,92.8430858831445,20.7637689675981,463.645499881757,0
19,nsga-ii,125.134480351771,13.0327805298811,129.771715899367,0.536193029490617
19,nsga-iii,784.485278156222,27.4276438852727,2724.73009994599,0
19,nsga-iii,32.3372963829889,7.74700807198454,396.288055266865,5.09383378016086
19,nsga-iii,39.782936125106,8.15562894454113,71.5100342269837,3.75335120643432
19,nsga-iii,18.994809730845,12.1973706712541,36.5526926278939,0.804289544235925
19,nsga-iii,512.65283364395,25.2964600949112,3911.34079602619,0
19,nsga-iii,382.772370889084,31.8497470108778,1302.86562053171,0
19,nsga-iii,149.296278034005,16.2923445799159,474.707464921007,0.536193029490617
19,nsga-iii,46.9286568784297,9.68100354022025,77.8696854872854,1.60857908847185
19,nsga-iii,34.9012425190172,10.969894298524,262.889312501628,1.34048257372654
19,nsga-iii,35.4030504570604,9.16734889104168,579.873066707598,4.02144772117963
19,nsga-iii,223.818996681146,19.5668718839126,417.660317452147,0.268096514745308
19,moead,32.1146806636656,14.3931837730651,18.623828637809,1.34048257372654
19,moead,10.5362177146482,6.21587013735681,44.998071026024,4.02144772117963
19,moead,176.585146014083,12.2230002475724,989.699876950952,2.68096514745308
19,moead,22.3791696468509,12.9683125406471,265.325825582878,1.34048257372654
19,moead,233.009853825323,16.078646259456,764.619161169347,0
19,moead,34.5218251009669,15.4341675265108,38.2119784435895,0.804289544235925
19,moead,16.7349389693348,7.36621153420544,130.620117557685,2.94906166219839
19,moead,277.518365152859,19.9918428207561,478.577414137975,0
19,moead,39.4970455581651,9.27412539202327,116.836066175366,0.536193029490617
19,moead,62.0822243113189,13.5143929765333,268.669307913785,0
