pt,m,val,rank
default,Delta+,0.171190135928126,3.0
default,Delta+,0.171190135928126,2.0
default,Delta+,0.234016263920443,3.0
default,Delta+,0.234016263920443,2.0
default,Delta+,0.239770593118442,3.0
default,Delta+,0.239770593118442,2.0
default,Delta+,0.283652197469568,3.0
default,Delta+,0.283652197469568,2.0
default,Delta+,0.249065454115213,3.0
default,Delta+,0.249065454115213,2.0
default,Delta+,0.252471450828538,3.0
default,Delta+,0.252471450828538,2.0
default,Delta+,0.307927443819506,3.0
default,Delta+,0.307927443819506,2.0
default,Delta+,0.289537248786736,3.0
default,Delta+,0.289537248786736,2.0
default,Delta+,0.298141612295697,3.0
default,Delta+,0.298141612295697,2.0
default,Delta+,0.291709317931225,3.0
default,Delta+,0.291709317931225,2.0
default,Delta+,0.303444771071205,3.0
default,Delta+,0.303444771071205,2.0
default,Delta+,0.209034569849467,3.0
default,Delta+,0.209034569849467,2.0
default,Delta+,0.312591872611989,3.0
default,Delta+,0.312591872611989,2.0
default,Delta+,0.26114485306872,3.0
default,Delta+,0.26114485306872,2.0
default,Delta+,0.289170883741419,3.0
default,Delta+,0.289170883741419,2.0
default,Delta+,0.299669587048535,3.0
default,Delta+,0.299669587048535,2.0
default,Delta+,0.300231929696654,3.0
default,Delta+,0.300231929696654,2.0
default,Delta+,0.2849626865522,3.0
default,Delta+,0.2849626865522,2.0
default,Delta+,0.285014076040584,3.0
default,Delta+,0.285014076040584,2.0
default,Delta+,0.309569961281683,3.0
default,Delta+,0.309569961281683,2.0
default,Delta+,0.310486707933659,3.0
default,Delta+,0.310486707933659,2.0
default,Duration,0.503422021865845,1.0
default,Duration,0.492000579833984,1.0
default,Duration,0.487000703811646,1.0
default,Duration,0.4739990234375,1.0
default,Duration,0.482999801635742,1.0
default,Duration,0.484008073806763,1.0
default,Duration,0.490339994430542,1.0
default,Duration,0.485999345779419,1.0
default,Duration,0.495999097824097,1.0
default,Duration,0.470999717712402,1.0
default,Duration,0.479998350143433,1.0
default,Duration,0.5,1.0
default,Duration,0.47100043296814,1.0
default,Duration,0.478003025054932,1.0
default,Duration,0.50999903678894,1.0
default,Duration,0.476999998092651,1.0
default,Duration,0.597859144210815,1.0
default,Duration,0.476999044418335,1.0
default,Duration,0.507041692733765,1.0
default,Duration,0.509000062942505,1.0
default,Duration,0.505000829696655,1.0
default,Iteration,0.0,
default,Iteration,1.0,
default,Iteration,2.0,
default,Iteration,3.0,
default,Iteration,4.0,
default,Iteration,5.0,
default,Iteration,6.0,
default,Iteration,7.0,
default,Iteration,8.0,
default,Iteration,9.0,
default,Iteration,10.0,
default,Iteration,11.0,
default,Iteration,12.0,
default,Iteration,13.0,
default,Iteration,14.0,
default,Iteration,15.0,
default,Iteration,16.0,
default,Iteration,17.0,
default,Iteration,18.0,
default,Iteration,19.0,
default,Iteration,20.0,
default,MAR-,3136.66164267124,2.0
default,MAR-,3136.66164267124,1.0
default,MAR-,2331.87162856087,2.0
default,MAR-,2331.87162856087,1.0
default,MAR-,1534.80669756829,2.0
default,MAR-,1534.80669756829,1.0
default,MAR-,3858.76675741018,2.0
default,MAR-,3858.76675741018,1.0
default,MAR-,2049.06776340319,2.0
default,MAR-,2049.06776340319,1.0
default,MAR-,657.196391134008,2.0
default,MAR-,657.196391134008,1.0
default,MAR-,1768.521449707,2.0
default,MAR-,1768.521449707,1.0
default,MAR-,3051.46287106796,2.0
default,MAR-,3051.46287106796,1.0
default,MAR-,1932.51746908789,2.0
default,MAR-,1932.51746908789,1.0
default,MAR-,2654.99512891282,2.0
default,MAR-,2654.99512891282,1.0
default,MAR-,2857.76049108442,2.0
default,MAR-,2857.76049108442,1.0
default,MAR-,1197.46226694344,2.0
default,MAR-,1197.46226694344,1.0
default,MAR-,3108.74941560026,2.0
default,MAR-,3108.74941560026,1.0
default,MAR-,1916.16639518664,2.0
default,MAR-,1916.16639518664,1.0
default,MAR-,1625.52946414161,2.0
default,MAR-,1625.52946414161,1.0
default,MAR-,2257.60193650771,2.0
default,MAR-,2257.60193650771,1.0
default,MAR-,1314.47241079531,2.0
default,MAR-,1314.47241079531,1.0
default,MAR-,3046.23280811632,2.0
default,MAR-,3046.23280811632,1.0
default,MAR-,1697.4909983493,2.0
default,MAR-,1697.4909983493,1.0
default,MAR-,1940.52997603055,2.0
default,MAR-,1940.52997603055,1.0
default,MAR-,3067.39432252746,2.0
default,MAR-,3067.39432252746,1.0
default,MMRE-,1.34429521678114,2.0
default,MMRE-,1.34429521678114,1.0
default,MMRE-,1.6432543003802,2.0
default,MMRE-,1.6432543003802,1.0
default,MMRE-,3.6528149330795,2.0
default,MMRE-,3.6528149330795,1.0
default,MMRE-,3.10158723750459,2.0
default,MMRE-,3.10158723750459,1.0
default,MMRE-,2.76638808342816,2.0
default,MMRE-,2.76638808342816,1.0
default,MMRE-,0.419088542375325,2.0
default,MMRE-,0.419088542375325,1.0
default,MMRE-,2.01022488099914,2.0
default,MMRE-,2.01022488099914,1.0
default,MMRE-,2.49235512751841,2.0
default,MMRE-,2.49235512751841,1.0
default,MMRE-,1.84623491464653,2.0
default,MMRE-,1.84623491464653,1.0
default,MMRE-,2.10268582119793,2.0
default,MMRE-,2.10268582119793,1.0
default,MMRE-,3.46409713529634,2.0
default,MMRE-,3.46409713529634,1.0
default,MMRE-,1.08044410336601,2.0
default,MMRE-,1.08044410336601,1.0
default,MMRE-,1.63291226307624,2.0
default,MMRE-,1.63291226307624,1.0
default,MMRE-,4.04926580644313,2.0
default,MMRE-,4.04926580644313,1.0
default,MMRE-,0.962623874157851,2.0
default,MMRE-,0.962623874157851,1.0
default,MMRE-,2.02859516007566,2.0
default,MMRE-,2.02859516007566,1.0
default,MMRE-,2.92463665998059,2.0
default,MMRE-,2.92463665998059,1.0
default,MMRE-,1.18128596772782,2.0
default,MMRE-,1.18128596772782,1.0
default,MMRE-,0.810658778081847,2.0
default,MMRE-,0.810658778081847,1.0
default,MMRE-,2.23456686529893,2.0
default,MMRE-,2.23456686529893,1.0
default,MMRE-,3.51901359527854,2.0
default,MMRE-,3.51901359527854,1.0
default,PRED25+,0.153846153846154,2.0
default,PRED25+,0.153846153846154,1.0
default,PRED25+,0.166666666666667,2.0
default,PRED25+,0.166666666666667,1.0
default,PRED25+,0.25,2.0
default,PRED25+,0.25,1.0
default,PRED25+,0.153846153846154,2.0
default,PRED25+,0.153846153846154,1.0
default,PRED25+,0.0833333333333333,2.0
default,PRED25+,0.0833333333333333,1.0
default,PRED25+,0.583333333333333,2.0
default,PRED25+,0.583333333333333,1.0
default,PRED25+,0.153846153846154,2.0
default,PRED25+,0.153846153846154,1.0
default,PRED25+,0.166666666666667,2.0
default,PRED25+,0.166666666666667,1.0
default,PRED25+,0.333333333333333,2.0
default,PRED25+,0.333333333333333,1.0
default,PRED25+,0.0769230769230769,2.0
default,PRED25+,0.0769230769230769,1.0
default,PRED25+,0.333333333333333,2.0
default,PRED25+,0.333333333333333,1.0
default,PRED25+,0.25,2.0
default,PRED25+,0.25,1.0
default,PRED25+,0.384615384615385,2.0
default,PRED25+,0.384615384615385,1.0
default,PRED25+,0.166666666666667,2.0
default,PRED25+,0.166666666666667,1.0
default,PRED25+,0.166666666666667,2.0
default,PRED25+,0.166666666666667,1.0
default,PRED25+,0.230769230769231,2.0
default,PRED25+,0.230769230769231,1.0
default,PRED25+,0.416666666666667,2.0
default,PRED25+,0.416666666666667,1.0
default,PRED25+,0.166666666666667,2.0
default,PRED25+,0.166666666666667,1.0
default,PRED25+,0.307692307692308,2.0
default,PRED25+,0.307692307692308,1.0
default,PRED25+,0.0833333333333333,2.0
default,PRED25+,0.0833333333333333,1.0
default,PRED25+,0.25,2.0
default,PRED25+,0.25,1.0
default,SA+,0.16972744163857,3.0
default,SA+,0.16972744163857,1.0
default,SA+,0.277822313551114,3.0
default,SA+,0.277822313551114,1.0
default,SA+,0.317733132729617,3.0
default,SA+,0.317733132729617,1.0
default,SA+,0.236437103071526,3.0
default,SA+,0.236437103071526,1.0
default,SA+,0.245857593594899,3.0
default,SA+,0.245857593594899,1.0
default,SA+,0.323098246714801,3.0
default,SA+,0.323098246714801,1.0
default,SA+,0.24201354017549,3.0
default,SA+,0.24201354017549,1.0
default,SA+,0.304122186729887,3.0
default,SA+,0.304122186729887,1.0
default,SA+,0.360434748872346,3.0
default,SA+,0.360434748872346,1.0
default,SA+,0.239176433347351,3.0
default,SA+,0.239176433347351,1.0
default,SA+,0.337076833446382,3.0
default,SA+,0.337076833446382,1.0
default,SA+,0.263559631854244,3.0
default,SA+,0.263559631854244,1.0
default,SA+,0.324473403130585,3.0
default,SA+,0.324473403130585,1.0
default,SA+,0.273931108315458,3.0
default,SA+,0.273931108315458,1.0
default,SA+,0.238548629715585,3.0
default,SA+,0.238548629715585,1.0
default,SA+,0.326524357176491,3.0
default,SA+,0.326524357176491,1.0
default,SA+,0.347759773559041,3.0
default,SA+,0.347759773559041,1.0
default,SA+,0.280063147269407,3.0
default,SA+,0.280063147269407,1.0
default,SA+,0.306701132182416,3.0
default,SA+,0.306701132182416,1.0
default,SA+,0.292412230135171,3.0
default,SA+,0.292412230135171,1.0
default,SA+,0.328060535592547,3.0
default,SA+,0.328060535592547,1.0
default,SD+,0.0234837721114457,3.0
default,SD+,0.0234837721114457,3.0
default,SD+,0.273133050881697,3.0
default,SD+,0.273133050881697,3.0
default,SD+,0.285419340760446,3.0
default,SD+,0.285419340760446,3.0
default,SD+,0.033938433450343,3.0
default,SD+,0.033938433450343,3.0
default,SD+,0.30593193806691,3.0
default,SD+,0.30593193806691,3.0
default,SD+,0.290400637193407,3.0
default,SD+,0.290400637193407,3.0
default,SD+,0.165487848354296,3.0
default,SD+,0.165487848354296,3.0
default,SD+,0.187472675458497,3.0
default,SD+,0.187472675458497,3.0
default,SD+,0.17216803011083,3.0
default,SD+,0.17216803011083,3.0
default,SD+,0.0819792507494702,3.0
default,SD+,0.0819792507494702,3.0
default,SD+,0.157004441471898,3.0
default,SD+,0.157004441471898,3.0
default,SD+,0.316633849143594,3.0
default,SD+,0.316633849143594,3.0
default,SD+,0.0990534231884558,3.0
default,SD+,0.0990534231884558,3.0
default,SD+,0.291046719296979,3.0
default,SD+,0.291046719296979,3.0
default,SD+,0.131997354543127,3.0
default,SD+,0.131997354543127,3.0
default,SD+,0.187047030956876,3.0
default,SD+,0.187047030956876,3.0
default,SD+,0.219100057597066,3.0
default,SD+,0.219100057597066,3.0
default,SD+,0.112858845180261,3.0
default,SD+,0.112858845180261,3.0
default,SD+,0.165953220703044,3.0
default,SD+,0.165953220703044,3.0
default,SD+,0.190718028987815,3.0
default,SD+,0.190718028987815,3.0
default,SD+,0.159738825043151,3.0
default,SD+,0.159738825043151,3.0
default,SDAR-,3629.2347424309,2.0
default,SDAR-,3629.2347424309,2.0
default,SDAR-,2792.52400877722,2.0
default,SDAR-,2792.52400877722,2.0
default,SDAR-,2121.13208209716,2.0
default,SDAR-,2121.13208209716,2.0
default,SDAR-,4098.24218399435,2.0
default,SDAR-,4098.24218399435,2.0
default,SDAR-,1872.6567426282,2.0
default,SDAR-,1872.6567426282,2.0
default,SDAR-,895.712449613986,2.0
default,SDAR-,895.712449613986,2.0
default,SDAR-,1527.98961971038,2.0
default,SDAR-,1527.98961971038,2.0
default,SDAR-,3793.09079107135,2.0
default,SDAR-,3793.09079107135,2.0
default,SDAR-,3015.55436138977,2.0
default,SDAR-,3015.55436138977,2.0
default,SDAR-,2603.52729103556,2.0
default,SDAR-,2603.52729103556,2.0
default,SDAR-,4001.39473173674,2.0
default,SDAR-,4001.39473173674,2.0
default,SDAR-,1386.00013590474,2.0
default,SDAR-,1386.00013590474,2.0
default,SDAR-,4338.41906055339,2.0
default,SDAR-,4338.41906055339,2.0
default,SDAR-,1944.98059361542,2.0
default,SDAR-,1944.98059361542,2.0
default,SDAR-,1514.48479960283,2.0
default,SDAR-,1514.48479960283,2.0
default,SDAR-,2954.32756027841,2.0
default,SDAR-,2954.32756027841,2.0
default,SDAR-,1810.31158777329,2.0
default,SDAR-,1810.31158777329,2.0
default,SDAR-,3717.59863306191,2.0
default,SDAR-,3717.59863306191,2.0
default,SDAR-,2203.78697796992,2.0
default,SDAR-,2203.78697796992,2.0
default,SDAR-,2118.01951850745,2.0
default,SDAR-,2118.01951850745,2.0
default,SDAR-,4057.00440365986,2.0
default,SDAR-,4057.00440365986,2.0
moead,Delta+,0.182805914166417,1.0
moead,Delta+,0.182805914166417,2.0
moead,Delta+,0.163147201911773,1.0
moead,Delta+,0.163147201911773,2.0
moead,Delta+,0.0992053471470943,1.0
moead,Delta+,0.0992053471470943,2.0
moead,Delta+,0.297376745489198,1.0
moead,Delta+,0.297376745489198,2.0
moead,Delta+,0.26798078011559,1.0
moead,Delta+,0.26798078011559,2.0
moead,Delta+,1.03106605415819,1.0
moead,Delta+,1.03106605415819,2.0
moead,Delta+,0.459210103594096,1.0
moead,Delta+,0.459210103594096,2.0
moead,Delta+,0.352632432802029,1.0
moead,Delta+,0.352632432802029,2.0
moead,Delta+,0.258969707365457,1.0
moead,Delta+,0.258969707365457,2.0
moead,Delta+,0.310236271733568,1.0
moead,Delta+,0.310236271733568,2.0
moead,Delta+,0.330385351904239,1.0
moead,Delta+,0.330385351904239,2.0
moead,Delta+,0.0931986649517578,1.0
moead,Delta+,0.0931986649517578,2.0
moead,Delta+,0.0323501168997716,1.0
moead,Delta+,0.0323501168997716,2.0
moead,Delta+,0.273231156466444,1.0
moead,Delta+,0.273231156466444,2.0
moead,Delta+,0.215384862433028,1.0
moead,Delta+,0.215384862433028,2.0
moead,Delta+,0.17748189477163,1.0
moead,Delta+,0.17748189477163,2.0
moead,Delta+,0.542234120016119,1.0
moead,Delta+,0.542234120016119,2.0
moead,Delta+,0.315685067985301,1.0
moead,Delta+,0.315685067985301,2.0
moead,Delta+,0.240278140096256,1.0
moead,Delta+,0.240278140096256,2.0
moead,Delta+,0.44251376449965,1.0
moead,Delta+,0.44251376449965,2.0
moead,Delta+,0.310327899153089,1.0
moead,Delta+,0.310327899153089,2.0
moead,Duration,115.758837938309,7.0
moead,Duration,118.726393222809,7.0
moead,Duration,119.467577934265,7.0
moead,Duration,117.728642940521,7.0
moead,Duration,118.932987928391,7.0
moead,Duration,116.348572254181,7.0
moead,Duration,115.256407260895,7.0
moead,Duration,118.25710773468,7.0
moead,Duration,121.529222726822,7.0
moead,Duration,114.887441396713,7.0
moead,Duration,112.303447961807,7.0
moead,Duration,118.476472854614,7.0
moead,Duration,117.348417758942,7.0
moead,Duration,124.312135457993,7.0
moead,Duration,120.195176839829,7.0
moead,Duration,119.654103755951,7.0
moead,Duration,128.695812225342,7.0
moead,Duration,124.898136138916,7.0
moead,Duration,125.659935951233,7.0
moead,Duration,121.5579662323,7.0
moead,Duration,124.26314496994,7.0
moead,Iteration,0.0,
moead,Iteration,1.0,
moead,Iteration,2.0,
moead,Iteration,3.0,
moead,Iteration,4.0,
moead,Iteration,5.0,
moead,Iteration,6.0,
moead,Iteration,7.0,
moead,Iteration,8.0,
moead,Iteration,9.0,
moead,Iteration,10.0,
moead,Iteration,11.0,
moead,Iteration,12.0,
moead,Iteration,13.0,
moead,Iteration,14.0,
moead,Iteration,15.0,
moead,Iteration,16.0,
moead,Iteration,17.0,
moead,Iteration,18.0,
moead,Iteration,19.0,
moead,Iteration,20.0,
moead,MAR-,3093.62420983344,1.0
moead,MAR-,3093.62420983344,1.0
moead,MAR-,2596.02439034906,1.0
moead,MAR-,2596.02439034906,1.0
moead,MAR-,1954.80226959856,1.0
moead,MAR-,1954.80226959856,1.0
moead,MAR-,3804.54205511724,1.0
moead,MAR-,3804.54205511724,1.0
moead,MAR-,1998.30025572315,1.0
moead,MAR-,1998.30025572315,1.0
moead,MAR-,2248.47183612491,1.0
moead,MAR-,2248.47183612491,1.0
moead,MAR-,1483.70068035922,1.0
moead,MAR-,1483.70068035922,1.0
moead,MAR-,2743.28686880303,1.0
moead,MAR-,2743.28686880303,1.0
moead,MAR-,2081.55931720577,1.0
moead,MAR-,2081.55931720577,1.0
moead,MAR-,2609.88234716656,1.0
moead,MAR-,2609.88234716656,1.0
moead,MAR-,2739.29737240054,1.0
moead,MAR-,2739.29737240054,1.0
moead,MAR-,1815.7469447588,1.0
moead,MAR-,1815.7469447588,1.0
moead,MAR-,4445.81674140268,1.0
moead,MAR-,4445.81674140268,1.0
moead,MAR-,1893.90905540096,1.0
moead,MAR-,1893.90905540096,1.0
moead,MAR-,1758.12428177043,1.0
moead,MAR-,1758.12428177043,1.0
moead,MAR-,2705.74715365573,1.0
moead,MAR-,2705.74715365573,1.0
moead,MAR-,778.801863939869,1.0
moead,MAR-,778.801863939869,1.0
moead,MAR-,2921.34899658604,1.0
moead,MAR-,2921.34899658604,1.0
moead,MAR-,1814.32960078266,1.0
moead,MAR-,1814.32960078266,1.0
moead,MAR-,1597.12294402927,1.0
moead,MAR-,1597.12294402927,1.0
moead,MAR-,3069.82794878671,1.0
moead,MAR-,3069.82794878671,1.0
moead,MMRE-,1.05087904645756,1.0
moead,MMRE-,1.05087904645756,1.0
moead,MMRE-,2.22780130650599,1.0
moead,MMRE-,2.22780130650599,1.0
moead,MMRE-,2.26567796429223,1.0
moead,MMRE-,2.26567796429223,1.0
moead,MMRE-,3.23958734988997,1.0
moead,MMRE-,3.23958734988997,1.0
moead,MMRE-,2.51902779153781,1.0
moead,MMRE-,2.51902779153781,1.0
moead,MMRE-,1.65279686588237,1.0
moead,MMRE-,1.65279686588237,1.0
moead,MMRE-,2.87303386887632,1.0
moead,MMRE-,2.87303386887632,1.0
moead,MMRE-,1.77012499295234,1.0
moead,MMRE-,1.77012499295234,1.0
moead,MMRE-,2.17004844067757,1.0
moead,MMRE-,2.17004844067757,1.0
moead,MMRE-,1.88356718924325,1.0
moead,MMRE-,1.88356718924325,1.0
moead,MMRE-,1.12665552702034,1.0
moead,MMRE-,1.12665552702034,1.0
moead,MMRE-,1.38759500172915,1.0
moead,MMRE-,1.38759500172915,1.0
moead,MMRE-,3.14240974427617,1.0
moead,MMRE-,3.14240974427617,1.0
moead,MMRE-,3.8917742340292,1.0
moead,MMRE-,3.8917742340292,1.0
moead,MMRE-,2.00068894756186,1.0
moead,MMRE-,2.00068894756186,1.0
moead,MMRE-,3.12458565580003,1.0
moead,MMRE-,3.12458565580003,1.0
moead,MMRE-,1.05310057039262,1.0
moead,MMRE-,1.05310057039262,1.0
moead,MMRE-,1.10096494796526,1.0
moead,MMRE-,1.10096494796526,1.0
moead,MMRE-,1.64607951660375,1.0
moead,MMRE-,1.64607951660375,1.0
moead,MMRE-,1.20459918889484,1.0
moead,MMRE-,1.20459918889484,1.0
moead,MMRE-,2.32651832886478,1.0
moead,MMRE-,2.32651832886478,1.0
moead,PRED25+,0.0769230769230769,1.0
moead,PRED25+,0.0769230769230769,3.0
moead,PRED25+,0.0,1.0
moead,PRED25+,0.0,3.0
moead,PRED25+,0.0,1.0
moead,PRED25+,0.0,3.0
moead,PRED25+,0.153846153846154,1.0
moead,PRED25+,0.153846153846154,3.0
moead,PRED25+,0.0,1.0
moead,PRED25+,0.0,3.0
moead,PRED25+,0.166666666666667,1.0
moead,PRED25+,0.166666666666667,3.0
moead,PRED25+,0.153846153846154,1.0
moead,PRED25+,0.153846153846154,3.0
moead,PRED25+,0.0833333333333333,1.0
moead,PRED25+,0.0833333333333333,3.0
moead,PRED25+,0.0833333333333333,1.0
moead,PRED25+,0.0833333333333333,3.0
moead,PRED25+,0.0769230769230769,1.0
moead,PRED25+,0.0769230769230769,3.0
moead,PRED25+,0.0,1.0
moead,PRED25+,0.0,3.0
moead,PRED25+,0.0833333333333333,1.0
moead,PRED25+,0.0833333333333333,3.0
moead,PRED25+,0.153846153846154,1.0
moead,PRED25+,0.153846153846154,3.0
moead,PRED25+,0.166666666666667,1.0
moead,PRED25+,0.166666666666667,3.0
moead,PRED25+,0.25,1.0
moead,PRED25+,0.25,3.0
moead,PRED25+,0.0,1.0
moead,PRED25+,0.0,3.0
moead,PRED25+,0.333333333333333,1.0
moead,PRED25+,0.333333333333333,3.0
moead,PRED25+,0.166666666666667,1.0
moead,PRED25+,0.166666666666667,3.0
moead,PRED25+,0.153846153846154,1.0
moead,PRED25+,0.153846153846154,3.0
moead,PRED25+,0.0833333333333333,1.0
moead,PRED25+,0.0833333333333333,3.0
moead,PRED25+,0.0833333333333333,1.0
moead,PRED25+,0.0833333333333333,3.0
moead,SA+,0.181119425708969,1.0
moead,SA+,0.181119425708969,1.0
moead,SA+,0.196014538182704,1.0
moead,SA+,0.196014538182704,1.0
moead,SA+,0.1310327074249,1.0
moead,SA+,0.1310327074249,1.0
moead,SA+,0.247166948478318,1.0
moead,SA+,0.247166948478318,1.0
moead,SA+,0.26454215400467,1.0
moead,SA+,0.26454215400467,1.0
moead,SA+,-1.31588996625363,1.0
moead,SA+,-1.31588996625363,1.0
moead,SA+,0.364087426629162,1.0
moead,SA+,0.364087426629162,1.0
moead,SA+,0.374400886363349,1.0
moead,SA+,0.374400886363349,1.0
moead,SA+,0.311109457616359,1.0
moead,SA+,0.311109457616359,1.0
moead,SA+,0.2521040907792,1.0
moead,SA+,0.2521040907792,1.0
moead,SA+,0.364557074006337,1.0
moead,SA+,0.364557074006337,1.0
moead,SA+,-0.116685999527076,1.0
moead,SA+,-0.116685999527076,1.0
moead,SA+,0.033930673680582,1.0
moead,SA+,0.033930673680582,1.0
moead,SA+,0.282364802837307,1.0
moead,SA+,0.282364802837307,1.0
moead,SA+,0.176436863793584,1.0
moead,SA+,0.176436863793584,1.0
moead,SA+,0.19283609118221,1.0
moead,SA+,0.19283609118221,1.0
moead,SA+,0.613559097994731,1.0
moead,SA+,0.613559097994731,1.0
moead,SA+,0.309577785149534,1.0
moead,SA+,0.309577785149534,1.0
moead,SA+,0.258981249801176,1.0
moead,SA+,0.258981249801176,1.0
moead,SA+,0.417630917262455,1.0
moead,SA+,0.417630917262455,1.0
moead,SA+,0.32752742854687,1.0
moead,SA+,0.32752742854687,1.0
moead,SD+,0.0438118925709259,1.0
moead,SD+,0.0438118925709259,1.0
moead,SD+,0.424899903633737,1.0
moead,SD+,0.424899903633737,1.0
moead,SD+,0.349219111749413,1.0
moead,SD+,0.349219111749413,1.0
moead,SD+,0.0384980128459935,1.0
moead,SD+,0.0384980128459935,1.0
moead,SD+,0.29424112423925,1.0
moead,SD+,0.29424112423925,1.0
moead,SD+,0.138764359554729,1.0
moead,SD+,0.138764359554729,1.0
moead,SD+,0.454526255150537,1.0
moead,SD+,0.454526255150537,1.0
moead,SD+,0.30650952914826,1.0
moead,SD+,0.30650952914826,1.0
moead,SD+,0.659670223052022,1.0
moead,SD+,0.659670223052022,1.0
moead,SD+,0.0809019234115219,1.0
moead,SD+,0.0809019234115219,1.0
moead,SD+,0.179455358562792,1.0
moead,SD+,0.179455358562792,1.0
moead,SD+,0.0527326196185985,1.0
moead,SD+,0.0527326196185985,1.0
moead,SD+,0.0893689140077691,1.0
moead,SD+,0.0893689140077691,1.0
moead,SD+,0.298214636909149,1.0
moead,SD+,0.298214636909149,1.0
moead,SD+,0.373253570423719,1.0
moead,SD+,0.373253570423719,1.0
moead,SD+,0.58592635431529,1.0
moead,SD+,0.58592635431529,1.0
moead,SD+,0.722563447466679,1.0
moead,SD+,0.722563447466679,1.0
moead,SD+,0.154765972601697,1.0
moead,SD+,0.154765972601697,1.0
moead,SD+,0.556311635585981,1.0
moead,SD+,0.556311635585981,1.0
moead,SD+,0.587012342960926,1.0
moead,SD+,0.587012342960926,1.0
moead,SD+,0.0841809061315896,1.0
moead,SD+,0.0841809061315896,1.0
moead,SDAR-,3607.2210818328,1.0
moead,SDAR-,3607.2210818328,1.0
moead,SDAR-,2208.23271795718,1.0
moead,SDAR-,2208.23271795718,1.0
moead,SDAR-,1957.71011658682,1.0
moead,SDAR-,1957.71011658682,1.0
moead,SDAR-,4050.45590241188,1.0
moead,SDAR-,4050.45590241188,1.0
moead,SDAR-,1910.32872668686,1.0
moead,SDAR-,1910.32872668686,1.0
moead,SDAR-,1077.89422235857,1.0
moead,SDAR-,1077.89422235857,1.0
moead,SDAR-,995.318299736049,1.0
moead,SDAR-,995.318299736049,1.0
moead,SDAR-,3229.54041510243,1.0
moead,SDAR-,3229.54041510243,1.0
moead,SDAR-,1234.21735209951,1.0
moead,SDAR-,1234.21735209951,1.0
moead,SDAR-,2632.87356159114,1.0
moead,SDAR-,2632.87356159114,1.0
moead,SDAR-,3909.23221451529,1.0
moead,SDAR-,3909.23221451529,1.0
moead,SDAR-,1925.66936084134,1.0
moead,SDAR-,1925.66936084134,1.0
moead,SDAR-,4374.1207971152,1.0
moead,SDAR-,4374.1207971152,1.0
moead,SDAR-,1932.44389900979,1.0
moead,SDAR-,1932.44389900979,1.0
moead,SDAR-,1111.37790140555,1.0
moead,SDAR-,1111.37790140555,1.0
moead,SDAR-,1511.78486739718,1.0
moead,SDAR-,1511.78486739718,1.0
moead,SDAR-,640.134328539586,1.0
moead,SDAR-,640.134328539586,1.0
moead,SDAR-,3524.59024792811,1.0
moead,SDAR-,3524.59024792811,1.0
moead,SDAR-,1161.07427507453,1.0
moead,SDAR-,1161.07427507453,1.0
moead,SDAR-,1073.90634466117,1.0
moead,SDAR-,1073.90634466117,1.0
moead,SDAR-,4381.1922948645,1.0
moead,SDAR-,4381.1922948645,1.0
nsga-ii,Delta+,0.204401382730798,1.0
nsga-ii,Delta+,0.204401382730798,1.0
nsga-ii,Delta+,0.194657441667241,1.0
nsga-ii,Delta+,0.194657441667241,1.0
nsga-ii,Delta+,0.441393726839646,1.0
nsga-ii,Delta+,0.441393726839646,1.0
nsga-ii,Delta+,0.332598342773886,1.0
nsga-ii,Delta+,0.332598342773886,1.0
nsga-ii,Delta+,0.282801484576596,1.0
nsga-ii,Delta+,0.282801484576596,1.0
nsga-ii,Delta+,1.26124551295013,1.0
nsga-ii,Delta+,1.26124551295013,1.0
nsga-ii,Delta+,0.352146869043492,1.0
nsga-ii,Delta+,0.352146869043492,1.0
nsga-ii,Delta+,0.330448509754152,1.0
nsga-ii,Delta+,0.330448509754152,1.0
nsga-ii,Delta+,0.296974681961132,1.0
nsga-ii,Delta+,0.296974681961132,1.0
nsga-ii,Delta+,0.345891362919166,1.0
nsga-ii,Delta+,0.345891362919166,1.0
nsga-ii,Delta+,0.285717717052923,1.0
nsga-ii,Delta+,0.285717717052923,1.0
nsga-ii,Delta+,0.136236665411805,1.0
nsga-ii,Delta+,0.136236665411805,1.0
nsga-ii,Delta+,0.148670186692784,1.0
nsga-ii,Delta+,0.148670186692784,1.0
nsga-ii,Delta+,0.301887575525058,1.0
nsga-ii,Delta+,0.301887575525058,1.0
nsga-ii,Delta+,0.362863726222846,1.0
nsga-ii,Delta+,0.362863726222846,1.0
nsga-ii,Delta+,0.335155136334061,1.0
nsga-ii,Delta+,0.335155136334061,1.0
nsga-ii,Delta+,0.264279272050635,1.0
nsga-ii,Delta+,0.264279272050635,1.0
nsga-ii,Delta+,0.333992173465001,1.0
nsga-ii,Delta+,0.333992173465001,1.0
nsga-ii,Delta+,0.218344893372444,1.0
nsga-ii,Delta+,0.218344893372444,1.0
nsga-ii,Delta+,0.312012080998599,1.0
nsga-ii,Delta+,0.312012080998599,1.0
nsga-ii,Delta+,0.349825470997055,1.0
nsga-ii,Delta+,0.349825470997055,1.0
nsga-ii,Duration,79.5932004451752,5.0
nsga-ii,Duration,81.0787515640259,5.0
nsga-ii,Duration,81.1978936195374,5.0
nsga-ii,Duration,80.4665386676788,5.0
nsga-ii,Duration,81.4042162895203,5.0
nsga-ii,Duration,82.2997453212738,5.0
nsga-ii,Duration,79.0848941802979,5.0
nsga-ii,Duration,80.4028749465942,5.0
nsga-ii,Duration,79.7557151317596,5.0
nsga-ii,Duration,79.2035446166992,5.0
nsga-ii,Duration,83.2451748847961,5.0
nsga-ii,Duration,80.8797609806061,5.0
nsga-ii,Duration,81.2973575592041,5.0
nsga-ii,Duration,81.0314431190491,5.0
nsga-ii,Duration,84.1142201423645,5.0
nsga-ii,Duration,83.2805633544922,5.0
nsga-ii,Duration,87.9813923835754,5.0
nsga-ii,Duration,83.5142600536346,5.0
nsga-ii,Duration,83.0472629070282,5.0
nsga-ii,Duration,82.3457837104797,5.0
nsga-ii,Duration,86.2513480186462,5.0
nsga-ii,Iteration,0.0,
nsga-ii,Iteration,1.0,
nsga-ii,Iteration,2.0,
nsga-ii,Iteration,3.0,
nsga-ii,Iteration,4.0,
nsga-ii,Iteration,5.0,
nsga-ii,Iteration,6.0,
nsga-ii,Iteration,7.0,
nsga-ii,Iteration,8.0,
nsga-ii,Iteration,9.0,
nsga-ii,Iteration,10.0,
nsga-ii,Iteration,11.0,
nsga-ii,Iteration,12.0,
nsga-ii,Iteration,13.0,
nsga-ii,Iteration,14.0,
nsga-ii,Iteration,15.0,
nsga-ii,Iteration,16.0,
nsga-ii,Iteration,17.0,
nsga-ii,Iteration,18.0,
nsga-ii,Iteration,19.0,
nsga-ii,Iteration,20.0,
nsga-ii,MAR-,3002.92928819633,1.0
nsga-ii,MAR-,3002.92928819633,1.0
nsga-ii,MAR-,2481.24932983265,1.0
nsga-ii,MAR-,2481.24932983265,1.0
nsga-ii,MAR-,946.523653208379,1.0
nsga-ii,MAR-,946.523653208379,1.0
nsga-ii,MAR-,3656.42176309402,1.0
nsga-ii,MAR-,3656.42176309402,1.0
nsga-ii,MAR-,1957.14082312601,1.0
nsga-ii,MAR-,1957.14082312601,1.0
nsga-ii,MAR-,2562.36102882653,1.0
nsga-ii,MAR-,2562.36102882653,1.0
nsga-ii,MAR-,1686.9578676011,1.0
nsga-ii,MAR-,1686.9578676011,1.0
nsga-ii,MAR-,2843.15363010211,1.0
nsga-ii,MAR-,2843.15363010211,1.0
nsga-ii,MAR-,1937.21828803058,1.0
nsga-ii,MAR-,1937.21828803058,1.0
nsga-ii,MAR-,2498.51685753357,1.0
nsga-ii,MAR-,2498.51685753357,1.0
nsga-ii,MAR-,2946.96491554279,1.0
nsga-ii,MAR-,2946.96491554279,1.0
nsga-ii,MAR-,1344.68751984053,1.0
nsga-ii,MAR-,1344.68751984053,1.0
nsga-ii,MAR-,3889.85488795573,1.0
nsga-ii,MAR-,3889.85488795573,1.0
nsga-ii,MAR-,1816.31150087293,1.0
nsga-ii,MAR-,1816.31150087293,1.0
nsga-ii,MAR-,1497.85991715563,1.0
nsga-ii,MAR-,1497.85991715563,1.0
nsga-ii,MAR-,2127.08957120027,1.0
nsga-ii,MAR-,2127.08957120027,1.0
nsga-ii,MAR-,1406.27255272498,1.0
nsga-ii,MAR-,1406.27255272498,1.0
nsga-ii,MAR-,2840.28402867124,1.0
nsga-ii,MAR-,2840.28402867124,1.0
nsga-ii,MAR-,1869.27119205823,1.0
nsga-ii,MAR-,1869.27119205823,1.0
nsga-ii,MAR-,1935.65704087062,1.0
nsga-ii,MAR-,1935.65704087062,1.0
nsga-ii,MAR-,2865.03768878145,1.0
nsga-ii,MAR-,2865.03768878145,1.0
nsga-ii,MMRE-,1.00963107758674,1.0
nsga-ii,MMRE-,1.00963107758674,1.0
nsga-ii,MMRE-,1.97165776545749,1.0
nsga-ii,MMRE-,1.97165776545749,1.0
nsga-ii,MMRE-,1.30347514313759,1.0
nsga-ii,MMRE-,1.30347514313759,1.0
nsga-ii,MMRE-,1.69249227820483,1.0
nsga-ii,MMRE-,1.69249227820483,1.0
nsga-ii,MMRE-,2.44280600877786,1.0
nsga-ii,MMRE-,2.44280600877786,1.0
nsga-ii,MMRE-,1.93948743961154,1.0
nsga-ii,MMRE-,1.93948743961154,1.0
nsga-ii,MMRE-,3.68794250813856,1.0
nsga-ii,MMRE-,3.68794250813856,1.0
nsga-ii,MMRE-,1.71070110602616,1.0
nsga-ii,MMRE-,1.71070110602616,1.0
nsga-ii,MMRE-,2.07099279573753,1.0
nsga-ii,MMRE-,2.07099279573753,1.0
nsga-ii,MMRE-,1.55932259301434,1.0
nsga-ii,MMRE-,1.55932259301434,1.0
nsga-ii,MMRE-,2.87605101261319,1.0
nsga-ii,MMRE-,2.87605101261319,1.0
nsga-ii,MMRE-,0.958252288601832,1.0
nsga-ii,MMRE-,0.958252288601832,1.0
nsga-ii,MMRE-,2.36598119825061,1.0
nsga-ii,MMRE-,2.36598119825061,1.0
nsga-ii,MMRE-,3.34916860039169,1.0
nsga-ii,MMRE-,3.34916860039169,1.0
nsga-ii,MMRE-,1.32290314310133,1.0
nsga-ii,MMRE-,1.32290314310133,1.0
nsga-ii,MMRE-,1.51351136004838,1.0
nsga-ii,MMRE-,1.51351136004838,1.0
nsga-ii,MMRE-,1.98882684648064,1.0
nsga-ii,MMRE-,1.98882684648064,1.0
nsga-ii,MMRE-,0.622665720450638,1.0
nsga-ii,MMRE-,0.622665720450638,1.0
nsga-ii,MMRE-,1.70098506252269,1.0
nsga-ii,MMRE-,1.70098506252269,1.0
nsga-ii,MMRE-,2.99699376403574,1.0
nsga-ii,MMRE-,2.99699376403574,1.0
nsga-ii,MMRE-,2.28657082913981,1.0
nsga-ii,MMRE-,2.28657082913981,1.0
nsga-ii,PRED25+,0.0769230769230769,1.0
nsga-ii,PRED25+,0.0769230769230769,1.0
nsga-ii,PRED25+,0.0833333333333333,1.0
nsga-ii,PRED25+,0.0833333333333333,1.0
nsga-ii,PRED25+,0.166666666666667,1.0
nsga-ii,PRED25+,0.166666666666667,1.0
nsga-ii,PRED25+,0.153846153846154,1.0
nsga-ii,PRED25+,0.153846153846154,1.0
nsga-ii,PRED25+,0.0,1.0
nsga-ii,PRED25+,0.0,1.0
nsga-ii,PRED25+,0.166666666666667,1.0
nsga-ii,PRED25+,0.166666666666667,1.0
nsga-ii,PRED25+,0.230769230769231,1.0
nsga-ii,PRED25+,0.230769230769231,1.0
nsga-ii,PRED25+,0.0833333333333333,1.0
nsga-ii,PRED25+,0.0833333333333333,1.0
nsga-ii,PRED25+,0.0833333333333333,1.0
nsga-ii,PRED25+,0.0833333333333333,1.0
nsga-ii,PRED25+,0.153846153846154,1.0
nsga-ii,PRED25+,0.153846153846154,1.0
nsga-ii,PRED25+,0.0,1.0
nsga-ii,PRED25+,0.0,1.0
nsga-ii,PRED25+,0.166666666666667,1.0
nsga-ii,PRED25+,0.166666666666667,1.0
nsga-ii,PRED25+,0.153846153846154,1.0
nsga-ii,PRED25+,0.153846153846154,1.0
nsga-ii,PRED25+,0.0833333333333333,1.0
nsga-ii,PRED25+,0.0833333333333333,1.0
nsga-ii,PRED25+,0.25,1.0
nsga-ii,PRED25+,0.25,1.0
nsga-ii,PRED25+,0.230769230769231,1.0
nsga-ii,PRED25+,0.230769230769231,1.0
nsga-ii,PRED25+,0.166666666666667,1.0
nsga-ii,PRED25+,0.166666666666667,1.0
nsga-ii,PRED25+,0.25,1.0
nsga-ii,PRED25+,0.25,1.0
nsga-ii,PRED25+,0.230769230769231,1.0
nsga-ii,PRED25+,0.230769230769231,1.0
nsga-ii,PRED25+,0.166666666666667,1.0
nsga-ii,PRED25+,0.166666666666667,1.0
nsga-ii,PRED25+,0.166666666666667,1.0
nsga-ii,PRED25+,0.166666666666667,1.0
nsga-ii,SA+,0.20512632004326,2.0
nsga-ii,SA+,0.20512632004326,1.0
nsga-ii,SA+,0.231560228884781,2.0
nsga-ii,SA+,0.231560228884781,1.0
nsga-ii,SA+,0.57924230543497,2.0
nsga-ii,SA+,0.57924230543497,1.0
nsga-ii,SA+,0.276476613037325,2.0
nsga-ii,SA+,0.276476613037325,1.0
nsga-ii,SA+,0.279690542017722,2.0
nsga-ii,SA+,0.279690542017722,1.0
nsga-ii,SA+,-1.63919080561213,2.0
nsga-ii,SA+,-1.63919080561213,1.0
nsga-ii,SA+,0.27697160690479,2.0
nsga-ii,SA+,0.27697160690479,1.0
nsga-ii,SA+,0.351626542906614,2.0
nsga-ii,SA+,0.351626542906614,1.0
nsga-ii,SA+,0.358879016261551,2.0
nsga-ii,SA+,0.358879016261551,1.0
nsga-ii,SA+,0.284017327870254,2.0
nsga-ii,SA+,0.284017327870254,1.0
nsga-ii,SA+,0.316383818857853,2.0
nsga-ii,SA+,0.316383818857853,1.0
nsga-ii,SA+,0.173015969279695,2.0
nsga-ii,SA+,0.173015969279695,1.0
nsga-ii,SA+,0.154740352634945,2.0
nsga-ii,SA+,0.154740352634945,1.0
nsga-ii,SA+,0.311767870626786,2.0
nsga-ii,SA+,0.311767870626786,1.0
nsga-ii,SA+,0.298353237162303,2.0
nsga-ii,SA+,0.298353237162303,1.0
nsga-ii,SA+,0.365458102625795,2.0
nsga-ii,SA+,0.365458102625795,1.0
nsga-ii,SA+,0.302208611839874,2.0
nsga-ii,SA+,0.302208611839874,1.0
nsga-ii,SA+,0.328736418630134,2.0
nsga-ii,SA+,0.328736418630134,1.0
nsga-ii,SA+,0.23654169456083,2.0
nsga-ii,SA+,0.23654169456083,1.0
nsga-ii,SA+,0.294189079431548,2.0
nsga-ii,SA+,0.294189079431548,1.0
nsga-ii,SA+,0.37238852012978,2.0
nsga-ii,SA+,0.37238852012978,1.0
nsga-ii,SD+,0.0535025935043282,2.0
nsga-ii,SD+,0.0535025935043282,1.0
nsga-ii,SD+,0.426512297747492,2.0
nsga-ii,SD+,0.426512297747492,1.0
nsga-ii,SD+,0.625298401785504,2.0
nsga-ii,SD+,0.625298401785504,1.0
nsga-ii,SD+,0.0048585712064902,2.0
nsga-ii,SD+,0.0048585712064902,1.0
nsga-ii,SD+,0.29653288688539,2.0
nsga-ii,SD+,0.29653288688539,1.0
nsga-ii,SD+,0.146172358206433,2.0
nsga-ii,SD+,0.146172358206433,1.0
nsga-ii,SD+,0.430438673133608,2.0
nsga-ii,SD+,0.430438673133608,1.0
nsga-ii,SD+,0.204933073922809,2.0
nsga-ii,SD+,0.204933073922809,1.0
nsga-ii,SD+,0.711962343324934,2.0
nsga-ii,SD+,0.711962343324934,1.0
nsga-ii,SD+,0.0720907914644099,2.0
nsga-ii,SD+,0.0720907914644099,1.0
nsga-ii,SD+,0.427016402280828,2.0
nsga-ii,SD+,0.427016402280828,1.0
nsga-ii,SD+,0.473667506524907,2.0
nsga-ii,SD+,0.473667506524907,1.0
nsga-ii,SD+,0.240615277682087,2.0
nsga-ii,SD+,0.240615277682087,1.0
nsga-ii,SD+,0.300040395293534,2.0
nsga-ii,SD+,0.300040395293534,1.0
nsga-ii,SD+,0.284507122645387,2.0
nsga-ii,SD+,0.284507122645387,1.0
nsga-ii,SD+,0.408921298433808,2.0
nsga-ii,SD+,0.408921298433808,1.0
nsga-ii,SD+,0.566826983929411,2.0
nsga-ii,SD+,0.566826983929411,1.0
nsga-ii,SD+,0.075681205638876,2.0
nsga-ii,SD+,0.075681205638876,1.0
nsga-ii,SD+,0.501534204223765,2.0
nsga-ii,SD+,0.501534204223765,1.0
nsga-ii,SD+,0.447451491779918,2.0
nsga-ii,SD+,0.447451491779918,1.0
nsga-ii,SD+,0.112003050194053,2.0
nsga-ii,SD+,0.112003050194053,1.0
nsga-ii,SDAR-,3570.55749879091,1.0
nsga-ii,SDAR-,3570.55749879091,1.0
nsga-ii,SDAR-,2207.5943788193,1.0
nsga-ii,SDAR-,2207.5943788193,1.0
nsga-ii,SDAR-,1123.09156316681,1.0
nsga-ii,SDAR-,1123.09156316681,1.0
nsga-ii,SDAR-,4207.79545525474,1.0
nsga-ii,SDAR-,4207.79545525474,1.0
nsga-ii,SDAR-,1885.259875139,1.0
nsga-ii,SDAR-,1885.259875139,1.0
nsga-ii,SDAR-,1061.07449106561,1.0
nsga-ii,SDAR-,1061.07449106561,1.0
nsga-ii,SDAR-,1039.99472128048,1.0
nsga-ii,SDAR-,1039.99472128048,1.0
nsga-ii,SDAR-,3707.59847589831,1.0
nsga-ii,SDAR-,3707.59847589831,1.0
nsga-ii,SDAR-,1060.15387854335,1.0
nsga-ii,SDAR-,1060.15387854335,1.0
nsga-ii,SDAR-,2648.71870012921,1.0
nsga-ii,SDAR-,2648.71870012921,1.0
nsga-ii,SDAR-,2730.52354360272,1.0
nsga-ii,SDAR-,2730.52354360272,1.0
nsga-ii,SDAR-,1071.18813047909,1.0
nsga-ii,SDAR-,1071.18813047909,1.0
nsga-ii,SDAR-,3661.16231794706,1.0
nsga-ii,SDAR-,3661.16231794706,1.0
nsga-ii,SDAR-,1912.76219386762,1.0
nsga-ii,SDAR-,1912.76219386762,1.0
nsga-ii,SDAR-,1246.08921355927,1.0
nsga-ii,SDAR-,1246.08921355927,1.0
nsga-ii,SDAR-,2166.9293788262,1.0
nsga-ii,SDAR-,2166.9293788262,1.0
nsga-ii,SDAR-,1005.60644819192,1.0
nsga-ii,SDAR-,1005.60644819192,1.0
nsga-ii,SDAR-,3810.15851454843,1.0
nsga-ii,SDAR-,3810.15851454843,1.0
nsga-ii,SDAR-,1315.87610896963,1.0
nsga-ii,SDAR-,1315.87610896963,1.0
nsga-ii,SDAR-,1438.54144744116,1.0
nsga-ii,SDAR-,1438.54144744116,1.0
nsga-ii,SDAR-,4248.51117735626,1.0
nsga-ii,SDAR-,4248.51117735626,1.0
nsga-iii,Delta+,0.21252809864387,1.0
nsga-iii,Delta+,0.21252809864387,1.0
nsga-iii,Delta+,0.192260912974305,1.0
nsga-iii,Delta+,0.192260912974305,1.0
nsga-iii,Delta+,0.436523123397876,1.0
nsga-iii,Delta+,0.436523123397876,1.0
nsga-iii,Delta+,0.331793599764965,1.0
nsga-iii,Delta+,0.331793599764965,1.0
nsga-iii,Delta+,0.253252028380338,1.0
nsga-iii,Delta+,0.253252028380338,1.0
nsga-iii,Delta+,0.938133950143998,1.0
nsga-iii,Delta+,0.938133950143998,1.0
nsga-iii,Delta+,0.511355041475806,1.0
nsga-iii,Delta+,0.511355041475806,1.0
nsga-iii,Delta+,0.357665931668535,1.0
nsga-iii,Delta+,0.357665931668535,1.0
nsga-iii,Delta+,0.256358421650136,1.0
nsga-iii,Delta+,0.256358421650136,1.0
nsga-iii,Delta+,0.350557735092051,1.0
nsga-iii,Delta+,0.350557735092051,1.0
nsga-iii,Delta+,0.282409728266814,1.0
nsga-iii,Delta+,0.282409728266814,1.0
nsga-iii,Delta+,0.0243174072655932,1.0
nsga-iii,Delta+,0.0243174072655932,1.0
nsga-iii,Delta+,0.0423888206093836,1.0
nsga-iii,Delta+,0.0423888206093836,1.0
nsga-iii,Delta+,0.291902077249408,1.0
nsga-iii,Delta+,0.291902077249408,1.0
nsga-iii,Delta+,0.228118138156839,1.0
nsga-iii,Delta+,0.228118138156839,1.0
nsga-iii,Delta+,0.339005518336558,1.0
nsga-iii,Delta+,0.339005518336558,1.0
nsga-iii,Delta+,0.264821293581626,1.0
nsga-iii,Delta+,0.264821293581626,1.0
nsga-iii,Delta+,0.318368728802969,1.0
nsga-iii,Delta+,0.318368728802969,1.0
nsga-iii,Delta+,0.245417587349018,1.0
nsga-iii,Delta+,0.245417587349018,1.0
nsga-iii,Delta+,0.354312619431118,1.0
nsga-iii,Delta+,0.354312619431118,1.0
nsga-iii,Delta+,0.369169953792229,1.0
nsga-iii,Delta+,0.369169953792229,1.0
nsga-iii,Duration,80.259938955307,4.0
nsga-iii,Duration,80.6639940738678,4.0
nsga-iii,Duration,80.6518170833588,4.0
nsga-iii,Duration,80.2312536239624,4.0
nsga-iii,Duration,81.4887688159943,4.0
nsga-iii,Duration,79.8972399234772,4.0
nsga-iii,Duration,78.5073189735413,4.0
nsga-iii,Duration,81.1182198524475,4.0
nsga-iii,Duration,80.446670293808,4.0
nsga-iii,Duration,78.7991161346436,4.0
nsga-iii,Duration,76.3457179069519,4.0
nsga-iii,Duration,80.2323672771454,4.0
nsga-iii,Duration,80.6460201740265,4.0
nsga-iii,Duration,81.2815492153168,4.0
nsga-iii,Duration,83.0915262699127,4.0
nsga-iii,Duration,82.3745460510254,4.0
nsga-iii,Duration,87.7577877044678,4.0
nsga-iii,Duration,83.7985694408417,4.0
nsga-iii,Duration,82.3751842975616,4.0
nsga-iii,Duration,81.8836998939514,4.0
nsga-iii,Duration,85.3204183578491,4.0
nsga-iii,Iteration,0.0,
nsga-iii,Iteration,1.0,
nsga-iii,Iteration,2.0,
nsga-iii,Iteration,3.0,
nsga-iii,Iteration,4.0,
nsga-iii,Iteration,5.0,
nsga-iii,Iteration,6.0,
nsga-iii,Iteration,7.0,
nsga-iii,Iteration,8.0,
nsga-iii,Iteration,9.0,
nsga-iii,Iteration,10.0,
nsga-iii,Iteration,11.0,
nsga-iii,Iteration,12.0,
nsga-iii,Iteration,13.0,
nsga-iii,Iteration,14.0,
nsga-iii,Iteration,15.0,
nsga-iii,Iteration,16.0,
nsga-iii,Iteration,17.0,
nsga-iii,Iteration,18.0,
nsga-iii,Iteration,19.0,
nsga-iii,Iteration,20.0,
nsga-iii,MAR-,2972.89906355964,1.0
nsga-iii,MAR-,2972.89906355964,1.0
nsga-iii,MAR-,2489.3890071816,1.0
nsga-iii,MAR-,2489.3890071816,1.0
nsga-iii,MAR-,946.729184985913,1.0
nsga-iii,MAR-,946.729184985913,1.0
nsga-iii,MAR-,3655.12961927354,1.0
nsga-iii,MAR-,3655.12961927354,1.0
nsga-iii,MAR-,2038.35849283947,1.0
nsga-iii,MAR-,2038.35849283947,1.0
nsga-iii,MAR-,2145.39464470306,1.0
nsga-iii,MAR-,2145.39464470306,1.0
nsga-iii,MAR-,1388.68791136055,1.0
nsga-iii,MAR-,1388.68791136055,1.0
nsga-iii,MAR-,2720.62660049922,1.0
nsga-iii,MAR-,2720.62660049922,1.0
nsga-iii,MAR-,2075.69670461992,1.0
nsga-iii,MAR-,2075.69670461992,1.0
nsga-iii,MAR-,2489.97224450144,1.0
nsga-iii,MAR-,2489.97224450144,1.0
nsga-iii,MAR-,2969.53307134067,1.0
nsga-iii,MAR-,2969.53307134067,1.0
nsga-iii,MAR-,1576.65637731444,1.0
nsga-iii,MAR-,1576.65637731444,1.0
nsga-iii,MAR-,4398.6063838864,1.0
nsga-iii,MAR-,4398.6063838864,1.0
nsga-iii,MAR-,1838.56781892946,1.0
nsga-iii,MAR-,1838.56781892946,1.0
nsga-iii,MAR-,1736.77566071333,1.0
nsga-iii,MAR-,1736.77566071333,1.0
nsga-iii,MAR-,2115.51579615242,1.0
nsga-iii,MAR-,2115.51579615242,1.0
nsga-iii,MAR-,1399.2536143499,1.0
nsga-iii,MAR-,1399.2536143499,1.0
nsga-iii,MAR-,2911.70229775797,1.0
nsga-iii,MAR-,2911.70229775797,1.0
nsga-iii,MAR-,1797.16327787598,1.0
nsga-iii,MAR-,1797.16327787598,1.0
nsga-iii,MAR-,3666.42573677948,1.0
nsga-iii,MAR-,3666.42573677948,1.0
nsga-iii,MAR-,2796.68129553588,1.0
nsga-iii,MAR-,2796.68129553588,1.0
nsga-iii,MMRE-,0.910181835827846,1.0
nsga-iii,MMRE-,0.910181835827846,1.0
nsga-iii,MMRE-,1.99249518880532,1.0
nsga-iii,MMRE-,1.99249518880532,1.0
nsga-iii,MMRE-,1.29981682188112,1.0
nsga-iii,MMRE-,1.29981682188112,1.0
nsga-iii,MMRE-,1.86759944703039,1.0
nsga-iii,MMRE-,1.86759944703039,1.0
nsga-iii,MMRE-,2.72871970396965,1.0
nsga-iii,MMRE-,2.72871970396965,1.0
nsga-iii,MMRE-,1.55049040775741,1.0
nsga-iii,MMRE-,1.55049040775741,1.0
nsga-iii,MMRE-,2.55428443333521,1.0
nsga-iii,MMRE-,2.55428443333521,1.0
nsga-iii,MMRE-,1.68017539670336,1.0
nsga-iii,MMRE-,1.68017539670336,1.0
nsga-iii,MMRE-,2.48937556376337,1.0
nsga-iii,MMRE-,2.48937556376337,1.0
nsga-iii,MMRE-,1.5280008723583,1.0
nsga-iii,MMRE-,1.5280008723583,1.0
nsga-iii,MMRE-,2.98560369528009,1.0
nsga-iii,MMRE-,2.98560369528009,1.0
nsga-iii,MMRE-,1.12437942677905,1.0
nsga-iii,MMRE-,1.12437942677905,1.0
nsga-iii,MMRE-,3.11853986413294,1.0
nsga-iii,MMRE-,3.11853986413294,1.0
nsga-iii,MMRE-,3.4963827661352,1.0
nsga-iii,MMRE-,3.4963827661352,1.0
nsga-iii,MMRE-,2.03796441657847,1.0
nsga-iii,MMRE-,2.03796441657847,1.0
nsga-iii,MMRE-,1.49237601870207,1.0
nsga-iii,MMRE-,1.49237601870207,1.0
nsga-iii,MMRE-,1.8059447311782,1.0
nsga-iii,MMRE-,1.8059447311782,1.0
nsga-iii,MMRE-,0.847664775587606,1.0
nsga-iii,MMRE-,0.847664775587606,1.0
nsga-iii,MMRE-,1.64813379539323,1.0
nsga-iii,MMRE-,1.64813379539323,1.0
nsga-iii,MMRE-,3.33536317909108,1.0
nsga-iii,MMRE-,3.33536317909108,1.0
nsga-iii,MMRE-,2.02255118411162,1.0
nsga-iii,MMRE-,2.02255118411162,1.0
nsga-iii,PRED25+,0.0769230769230769,1.0
nsga-iii,PRED25+,0.0769230769230769,2.0
nsga-iii,PRED25+,0.0833333333333333,1.0
nsga-iii,PRED25+,0.0833333333333333,2.0
nsga-iii,PRED25+,0.166666666666667,1.0
nsga-iii,PRED25+,0.166666666666667,2.0
nsga-iii,PRED25+,0.153846153846154,1.0
nsga-iii,PRED25+,0.153846153846154,2.0
nsga-iii,PRED25+,0.0833333333333333,1.0
nsga-iii,PRED25+,0.0833333333333333,2.0
nsga-iii,PRED25+,0.166666666666667,1.0
nsga-iii,PRED25+,0.166666666666667,2.0
nsga-iii,PRED25+,0.153846153846154,1.0
nsga-iii,PRED25+,0.153846153846154,2.0
nsga-iii,PRED25+,0.0,1.0
nsga-iii,PRED25+,0.0,2.0
nsga-iii,PRED25+,0.0,1.0
nsga-iii,PRED25+,0.0,2.0
nsga-iii,PRED25+,0.153846153846154,1.0
nsga-iii,PRED25+,0.153846153846154,2.0
nsga-iii,PRED25+,0.0,1.0
nsga-iii,PRED25+,0.0,2.0
nsga-iii,PRED25+,0.0,1.0
nsga-iii,PRED25+,0.0,2.0
nsga-iii,PRED25+,0.153846153846154,1.0
nsga-iii,PRED25+,0.153846153846154,2.0
nsga-iii,PRED25+,0.0833333333333333,1.0
nsga-iii,PRED25+,0.0833333333333333,2.0
nsga-iii,PRED25+,0.25,1.0
nsga-iii,PRED25+,0.25,2.0
nsga-iii,PRED25+,0.153846153846154,1.0
nsga-iii,PRED25+,0.153846153846154,2.0
nsga-iii,PRED25+,0.25,1.0
nsga-iii,PRED25+,0.25,2.0
nsga-iii,PRED25+,0.166666666666667,1.0
nsga-iii,PRED25+,0.166666666666667,2.0
nsga-iii,PRED25+,0.153846153846154,1.0
nsga-iii,PRED25+,0.153846153846154,2.0
nsga-iii,PRED25+,0.166666666666667,1.0
nsga-iii,PRED25+,0.166666666666667,2.0
nsga-iii,PRED25+,0.166666666666667,1.0
nsga-iii,PRED25+,0.166666666666667,2.0
nsga-iii,SA+,0.213075303477776,1.0
nsga-iii,SA+,0.213075303477776,1.0
nsga-iii,SA+,0.229039381131282,1.0
nsga-iii,SA+,0.229039381131282,1.0
nsga-iii,SA+,0.579150940494874,1.0
nsga-iii,SA+,0.579150940494874,1.0
nsga-iii,SA+,0.276732299151786,1.0
nsga-iii,SA+,0.276732299151786,1.0
nsga-iii,SA+,0.249799051860952,1.0
nsga-iii,SA+,0.249799051860952,1.0
nsga-iii,SA+,-1.2097221105891,1.0
nsga-iii,SA+,-1.2097221105891,1.0
nsga-iii,SA+,0.40480980091722,1.0
nsga-iii,SA+,0.40480980091722,1.0
nsga-iii,SA+,0.379568498954962,1.0
nsga-iii,SA+,0.379568498954962,1.0
nsga-iii,SA+,0.313049684988534,1.0
nsga-iii,SA+,0.313049684988534,1.0
nsga-iii,SA+,0.286465898450281,1.0
nsga-iii,SA+,0.286465898450281,1.0
nsga-iii,SA+,0.311148616904616,1.0
nsga-iii,SA+,0.311148616904616,1.0
nsga-iii,SA+,0.0303549138858701,1.0
nsga-iii,SA+,0.0303549138858701,1.0
nsga-iii,SA+,0.0441894137353208,1.0
nsga-iii,SA+,0.0441894137353208,1.0
nsga-iii,SA+,0.303334563255948,1.0
nsga-iii,SA+,0.303334563255948,1.0
nsga-iii,SA+,0.186437258813306,1.0
nsga-iii,SA+,0.186437258813306,1.0
nsga-iii,SA+,0.368910728823618,1.0
nsga-iii,SA+,0.368910728823618,1.0
nsga-iii,SA+,0.305691403808378,1.0
nsga-iii,SA+,0.305691403808378,1.0
nsga-iii,SA+,0.311857654887335,1.0
nsga-iii,SA+,0.311857654887335,1.0
nsga-iii,SA+,0.265992416427312,1.0
nsga-iii,SA+,0.265992416427312,1.0
nsga-iii,SA+,-0.336912102625496,1.0
nsga-iii,SA+,-0.336912102625496,1.0
nsga-iii,SA+,0.387362583923574,1.0
nsga-iii,SA+,0.387362583923574,1.0
nsga-iii,SD+,0.0655686267102297,1.0
nsga-iii,SD+,0.0655686267102297,1.0
nsga-iii,SD+,0.424375877075346,1.0
nsga-iii,SD+,0.424375877075346,1.0
nsga-iii,SD+,0.618794356024115,1.0
nsga-iii,SD+,0.618794356024115,1.0
nsga-iii,SD+,0.0058099889822287,1.0
nsga-iii,SD+,0.0058099889822287,1.0
nsga-iii,SD+,0.302401406543508,1.0
nsga-iii,SD+,0.302401406543508,1.0
nsga-iii,SD+,0.0891099186671495,1.0
nsga-iii,SD+,0.0891099186671495,1.0
nsga-iii,SD+,0.460580437179141,1.0
nsga-iii,SD+,0.460580437179141,1.0
nsga-iii,SD+,0.340296812865789,1.0
nsga-iii,SD+,0.340296812865789,1.0
nsga-iii,SD+,0.736386425771815,1.0
nsga-iii,SD+,0.736386425771815,1.0
nsga-iii,SD+,0.0623521891945004,1.0
nsga-iii,SD+,0.0623521891945004,1.0
nsga-iii,SD+,0.431466657482331,1.0
nsga-iii,SD+,0.431466657482331,1.0
nsga-iii,SD+,0.274419629854459,1.0
nsga-iii,SD+,0.274419629854459,1.0
nsga-iii,SD+,0.104559341488483,1.0
nsga-iii,SD+,0.104559341488483,1.0
nsga-iii,SD+,0.29976536951403,1.0
nsga-iii,SD+,0.29976536951403,1.0
nsga-iii,SD+,0.349650207590158,1.0
nsga-iii,SD+,0.349650207590158,1.0
nsga-iii,SD+,0.409244007869631,1.0
nsga-iii,SD+,0.409244007869631,1.0
nsga-iii,SD+,0.521296766379356,1.0
nsga-iii,SD+,0.521296766379356,1.0
nsga-iii,SD+,0.0982155097003313,1.0
nsga-iii,SD+,0.0982155097003313,1.0
nsga-iii,SD+,0.573143245932963,1.0
nsga-iii,SD+,0.573143245932963,1.0
nsga-iii,SD+,-0.582948349156578,1.0
nsga-iii,SD+,-0.582948349156578,1.0
nsga-iii,SD+,0.133438597295724,1.0
nsga-iii,SD+,0.133438597295724,1.0
nsga-iii,SDAR-,3503.09288631528,1.0
nsga-iii,SDAR-,3503.09288631528,1.0
nsga-iii,SDAR-,2211.52023990512,1.0
nsga-iii,SDAR-,2211.52023990512,1.0
nsga-iii,SDAR-,1122.59384730561,1.0
nsga-iii,SDAR-,1122.59384730561,1.0
nsga-iii,SDAR-,4182.05262935661,1.0
nsga-iii,SDAR-,4182.05262935661,1.0
nsga-iii,SDAR-,1869.24119217146,1.0
nsga-iii,SDAR-,1869.24119217146,1.0
nsga-iii,SDAR-,1150.53415103713,1.0
nsga-iii,SDAR-,1150.53415103713,1.0
nsga-iii,SDAR-,987.46107467322,1.0
nsga-iii,SDAR-,987.46107467322,1.0
nsga-iii,SDAR-,3073.41178183235,1.0
nsga-iii,SDAR-,3073.41178183235,1.0
nsga-iii,SDAR-,968.534818970585,1.0
nsga-iii,SDAR-,968.534818970585,1.0
nsga-iii,SDAR-,2653.9140573772,1.0
nsga-iii,SDAR-,2653.9140573772,1.0
nsga-iii,SDAR-,2702.19815456067,1.0
nsga-iii,SDAR-,2702.19815456067,1.0
nsga-iii,SDAR-,1491.78891894629,1.0
nsga-iii,SDAR-,1491.78891894629,1.0
nsga-iii,SDAR-,4296.44056557898,1.0
nsga-iii,SDAR-,4296.44056557898,1.0
nsga-iii,SDAR-,1916.72212519696,1.0
nsga-iii,SDAR-,1916.72212519696,1.0
nsga-iii,SDAR-,1140.44976036584,1.0
nsga-iii,SDAR-,1140.44976036584,1.0
nsga-iii,SDAR-,2167.53093863258,1.0
nsga-iii,SDAR-,2167.53093863258,1.0
nsga-iii,SDAR-,1100.32720232247,1.0
nsga-iii,SDAR-,1100.32720232247,1.0
nsga-iii,SDAR-,3754.27235355276,1.0
nsga-iii,SDAR-,3754.27235355276,1.0
nsga-iii,SDAR-,1128.49303046833,1.0
nsga-iii,SDAR-,1128.49303046833,1.0
nsga-iii,SDAR-,4153.61665551535,1.0
nsga-iii,SDAR-,4153.61665551535,1.0
nsga-iii,SDAR-,4201.10534873308,1.0
nsga-iii,SDAR-,4201.10534873308,1.0
random search,Delta+,0.180369006775524,
random search,Delta+,0.172425886212918,
random search,Delta+,0.442356108395595,
random search,Delta+,0.336306808921143,
random search,Delta+,0.247737142245795,
random search,Delta+,0.952632770791016,
random search,Delta+,0.440336249448726,
random search,Delta+,0.359445018178795,
random search,Delta+,0.271535494174513,
random search,Delta+,0.621552646740154,
random search,Delta+,0.335794023166916,
random search,Delta+,0.17845541870739,
random search,Delta+,0.187528990033695,
random search,Delta+,0.289671873600173,
random search,Delta+,0.201281211961358,
random search,Delta+,0.258628909984313,
random search,Delta+,0.232511048392881,
random search,Delta+,0.294354163916925,
random search,Delta+,0.188151426648315,
random search,Delta+,0.448798338701187,
random search,Delta+,0.356120254900691,
random search,Duration,2.00599932670593,
random search,Duration,2.04596376419067,
random search,Duration,1.97329068183899,
random search,Duration,1.9660005569458,
random search,Duration,2.02708339691162,
random search,Duration,2.0099983215332,
random search,Duration,2.00063848495483,
random search,Duration,1.98599934577942,
random search,Duration,2.18970441818237,
random search,Duration,2.00699877738953,
random search,Duration,1.99638772010803,
random search,Duration,1.98299813270569,
random search,Duration,2.20800995826721,
random search,Duration,2.05406403541565,
random search,Duration,2.21003460884094,
random search,Duration,1.98856997489929,
random search,Duration,2.1250376701355,
random search,Duration,1.97999978065491,
random search,Duration,2.23999714851379,
random search,Duration,2.31599998474121,
random search,Duration,2.21599984169006,
random search,Iteration,0.0,
random search,Iteration,1.0,
random search,Iteration,2.0,
random search,Iteration,3.0,
random search,Iteration,4.0,
random search,Iteration,5.0,
random search,Iteration,6.0,
random search,Iteration,7.0,
random search,Iteration,8.0,
random search,Iteration,9.0,
random search,Iteration,10.0,
random search,Iteration,11.0,
random search,Iteration,12.0,
random search,Iteration,13.0,
random search,Iteration,14.0,
random search,Iteration,15.0,
random search,Iteration,16.0,
random search,Iteration,17.0,
random search,Iteration,18.0,
random search,Iteration,19.0,
random search,Iteration,20.0,
random search,MAR-,3105.84688169103,
random search,MAR-,2560.09881632237,
random search,MAR-,950.189367671731,
random search,MAR-,3643.95227820855,
random search,MAR-,2047.65883760994,
random search,MAR-,2175.60543888498,
random search,MAR-,1522.19126574998,
random search,MAR-,2721.36206917608,
random search,MAR-,2024.8389088964,
random search,MAR-,1707.05371712907,
random search,MAR-,2706.45486800437,
random search,MAR-,1263.64507107639,
random search,MAR-,3704.04475004179,
random search,MAR-,1843.46460958899,
random search,MAR-,1783.29589790112,
random search,MAR-,4298.1404541534,
random search,MAR-,1478.29738446483,
random search,MAR-,3004.18727117517,
random search,MAR-,1954.47488859773,
random search,MAR-,1577.25869596927,
random search,MAR-,2847.25665036436,
random search,MMRE-,1.05759375080489,
random search,MMRE-,2.15881240990381,
random search,MMRE-,1.24788331268081,
random search,MMRE-,1.89532083957742,
random search,MMRE-,2.75913223406102,
random search,MMRE-,1.59236462574391,
random search,MMRE-,3.01777414885088,
random search,MMRE-,1.6841477722728,
random search,MMRE-,2.41399331842835,
random search,MMRE-,0.69012959412133,
random search,MMRE-,1.33223635068667,
random search,MMRE-,0.886272490565144,
random search,MMRE-,1.97888795202335,
random search,MMRE-,3.53121019321225,
random search,MMRE-,2.04956739011393,
random search,MMRE-,4.69454001580676,
random search,MMRE-,1.83302600026336,
random search,MMRE-,1.19775979638526,
random search,MMRE-,1.97454245616314,
random search,MMRE-,1.17599549608082,
random search,MMRE-,2.25579169701711,
random search,PRED25+,0.0769230769230769,
random search,PRED25+,0.0833333333333333,
random search,PRED25+,0.166666666666667,
random search,PRED25+,0.153846153846154,
random search,PRED25+,0.0833333333333333,
random search,PRED25+,0.166666666666667,
random search,PRED25+,0.153846153846154,
random search,PRED25+,0.0,
random search,PRED25+,0.0,
random search,PRED25+,0.0769230769230769,
random search,PRED25+,0.0,
random search,PRED25+,0.0833333333333333,
random search,PRED25+,0.153846153846154,
random search,PRED25+,0.0833333333333333,
random search,PRED25+,0.25,
random search,PRED25+,0.0769230769230769,
random search,PRED25+,0.166666666666667,
random search,PRED25+,0.166666666666667,
random search,PRED25+,0.307692307692308,
random search,PRED25+,0.166666666666667,
random search,PRED25+,0.166666666666667,
random search,SA+,0.177884091398389,
random search,SA+,0.207140642903552,
random search,SA+,0.57761278718542,
random search,SA+,0.278944042815005,
random search,SA+,0.246376137055075,
random search,SA+,-1.24083874455995,
random search,SA+,0.347590401635913,
random search,SA+,0.379400777322352,
random search,SA+,0.329881035501016,
random search,SA+,0.510821438657167,
random search,SA+,0.372175647039238,
random search,SA+,0.222857147954695,
random search,SA+,0.195116617604698,
random search,SA+,0.301479083807028,
random search,SA+,0.164645652365061,
random search,SA+,-0.282198096350189,
random search,SA+,0.266469944236384,
random search,SA+,0.290000054079723,
random search,SA+,0.201742319246233,
random search,SA+,0.424874144194496,
random search,SA+,0.376283611589928,
random search,SD+,0.0401712798690688,
random search,SD+,0.459255980969602,
random search,SD+,0.621257704432721,
random search,SD+,0.0107594182126257,
random search,SD+,0.306484199897153,
random search,SD+,0.072720489895396,
random search,SD+,0.452545693991387,
random search,SD+,0.339317405284132,
random search,SD+,0.741456022310463,
random search,SD+,0.385392235399511,
random search,SD+,0.188533429261199,
random search,SD+,0.519713310132837,
random search,SD+,0.261114650470809,
random search,SD+,0.305746266580388,
random search,SD+,0.359425778815718,
random search,SD+,-0.229889081119668,
random search,SD+,0.498379558650209,
random search,SD+,0.117011889066619,
random search,SD+,0.396083607991453,
random search,SD+,0.588668571143672,
random search,SD+,0.130638452770219,
random search,SDAR-,3612.29250672498,
random search,SDAR-,2085.02647630225,
random search,SDAR-,1116.15226811673,
random search,SDAR-,4170.39998405516,
random search,SDAR-,1873.32185804533,
random search,SDAR-,1157.93997382732,
random search,SDAR-,999.456856837914,
random search,SDAR-,3078.39546883866,
random search,SDAR-,944.469966067535,
random search,SDAR-,1751.84803365635,
random search,SDAR-,3892.55825636739,
random search,SDAR-,979.490367056665,
random search,SDAR-,3568.09292518565,
random search,SDAR-,1917.82919007236,
random search,SDAR-,1115.97422312917,
random search,SDAR-,4484.41355090469,
random search,SDAR-,1171.91701568516,
random search,SDAR-,3647.86162030124,
random search,SDAR-,1603.81159857973,
random search,SDAR-,1075.70956457103,
random search,SDAR-,4192.73942675782,
sway,Delta+,0.22807538238862,1.0
sway,Delta+,0.22807538238862,1.0
sway,Delta+,0.257231476041912,1.0
sway,Delta+,0.257231476041912,1.0
sway,Delta+,0.342567727831489,1.0
sway,Delta+,0.342567727831489,1.0
sway,Delta+,0.29206850575455,1.0
sway,Delta+,0.29206850575455,1.0
sway,Delta+,0.251268584211529,1.0
sway,Delta+,0.251268584211529,1.0
sway,Delta+,1.20634240963588,1.0
sway,Delta+,1.20634240963588,1.0
sway,Delta+,0.390362521378177,1.0
sway,Delta+,0.390362521378177,1.0
sway,Delta+,0.344365927501209,1.0
sway,Delta+,0.344365927501209,1.0
sway,Delta+,0.306503013511995,1.0
sway,Delta+,0.306503013511995,1.0
sway,Delta+,0.360110291863391,1.0
sway,Delta+,0.360110291863391,1.0
sway,Delta+,0.326745779823643,1.0
sway,Delta+,0.326745779823643,1.0
sway,Delta+,0.0787410693232552,1.0
sway,Delta+,0.0787410693232552,1.0
sway,Delta+,0.331839684254283,1.0
sway,Delta+,0.331839684254283,1.0
sway,Delta+,0.304293685424492,1.0
sway,Delta+,0.304293685424492,1.0
sway,Delta+,0.231957488382029,1.0
sway,Delta+,0.231957488382029,1.0
sway,Delta+,0.0834382602408067,1.0
sway,Delta+,0.0834382602408067,1.0
sway,Delta+,0.464317670232981,1.0
sway,Delta+,0.464317670232981,1.0
sway,Delta+,0.312638973935476,1.0
sway,Delta+,0.312638973935476,1.0
sway,Delta+,0.219052731376422,1.0
sway,Delta+,0.219052731376422,1.0
sway,Delta+,0.423948972508098,1.0
sway,Delta+,0.423948972508098,1.0
sway,Delta+,0.324593714247087,1.0
sway,Delta+,0.324593714247087,1.0
sway,Duration,67.5960080623627,3.0
sway,Duration,68.6929206848145,3.0
sway,Duration,66.3330073356628,3.0
sway,Duration,63.850291967392,3.0
sway,Duration,63.4381875991821,3.0
sway,Duration,63.3180570602417,3.0
sway,Duration,63.3902318477631,3.0
sway,Duration,64.538449048996,3.0
sway,Duration,63.3266229629517,3.0
sway,Duration,67.2485902309418,3.0
sway,Duration,64.1987376213074,3.0
sway,Duration,63.8945350646973,3.0
sway,Duration,64.0723206996918,3.0
sway,Duration,63.2112863063812,3.0
sway,Duration,64.6384534835815,3.0
sway,Duration,63.7445683479309,3.0
sway,Duration,64.9257807731628,3.0
sway,Duration,66.1503570079803,3.0
sway,Duration,65.3062236309052,3.0
sway,Duration,64.7753484249115,3.0
sway,Duration,64.0591444969177,3.0
sway,Iteration,0.0,
sway,Iteration,1.0,
sway,Iteration,2.0,
sway,Iteration,3.0,
sway,Iteration,4.0,
sway,Iteration,5.0,
sway,Iteration,6.0,
sway,Iteration,7.0,
sway,Iteration,8.0,
sway,Iteration,9.0,
sway,Iteration,10.0,
sway,Iteration,11.0,
sway,Iteration,12.0,
sway,Iteration,13.0,
sway,Iteration,14.0,
sway,Iteration,15.0,
sway,Iteration,16.0,
sway,Iteration,17.0,
sway,Iteration,18.0,
sway,Iteration,19.0,
sway,Iteration,20.0,
sway,MAR-,2928.22697353815,1.0
sway,MAR-,2928.22697353815,1.0
sway,MAR-,2233.7696278057,1.0
sway,MAR-,2233.7696278057,1.0
sway,MAR-,1225.54480141535,1.0
sway,MAR-,1225.54480141535,1.0
sway,MAR-,3822.228877085,1.0
sway,MAR-,3822.228877085,1.0
sway,MAR-,2039.70162146589,1.0
sway,MAR-,2039.70162146589,1.0
sway,MAR-,2487.88077807534,1.0
sway,MAR-,2487.88077807534,1.0
sway,MAR-,1615.38384506081,1.0
sway,MAR-,1615.38384506081,1.0
sway,MAR-,2786.44917396108,1.0
sway,MAR-,2786.44917396108,1.0
sway,MAR-,1907.84764886404,1.0
sway,MAR-,1907.84764886404,1.0
sway,MAR-,2464.35773784108,1.0
sway,MAR-,2464.35773784108,1.0
sway,MAR-,2765.59904782167,1.0
sway,MAR-,2765.59904782167,1.0
sway,MAR-,1786.748159977,1.0
sway,MAR-,1786.748159977,1.0
sway,MAR-,3010.39893177426,1.0
sway,MAR-,3010.39893177426,1.0
sway,MAR-,1799.56896904947,1.0
sway,MAR-,1799.56896904947,1.0
sway,MAR-,1730.35647328307,1.0
sway,MAR-,1730.35647328307,1.0
sway,MAR-,3655.83683447102,1.0
sway,MAR-,3655.83683447102,1.0
sway,MAR-,943.58724666337,1.0
sway,MAR-,943.58724666337,1.0
sway,MAR-,2930.84467338347,1.0
sway,MAR-,2930.84467338347,1.0
sway,MAR-,1870.80034740053,1.0
sway,MAR-,1870.80034740053,1.0
sway,MAR-,1637.66624547138,1.0
sway,MAR-,1637.66624547138,1.0
sway,MAR-,3002.98422845932,1.0
sway,MAR-,3002.98422845932,1.0
sway,MMRE-,0.978364035873133,1.0
sway,MMRE-,0.978364035873133,1.0
sway,MMRE-,1.69193803899328,1.0
sway,MMRE-,1.69193803899328,1.0
sway,MMRE-,2.76484216058549,1.0
sway,MMRE-,2.76484216058549,1.0
sway,MMRE-,2.96166723638011,1.0
sway,MMRE-,2.96166723638011,1.0
sway,MMRE-,2.73400482520315,1.0
sway,MMRE-,2.73400482520315,1.0
sway,MMRE-,1.88295586021246,1.0
sway,MMRE-,1.88295586021246,1.0
sway,MMRE-,3.31071430085619,1.0
sway,MMRE-,3.31071430085619,1.0
sway,MMRE-,2.22764219069468,1.0
sway,MMRE-,2.22764219069468,1.0
sway,MMRE-,1.46007349130577,1.0
sway,MMRE-,1.46007349130577,1.0
sway,MMRE-,1.55930353472381,1.0
sway,MMRE-,1.55930353472381,1.0
sway,MMRE-,1.2408050971399,1.0
sway,MMRE-,1.2408050971399,1.0
sway,MMRE-,1.89684439512863,1.0
sway,MMRE-,1.89684439512863,1.0
sway,MMRE-,1.75105567516205,1.0
sway,MMRE-,1.75105567516205,1.0
sway,MMRE-,3.26710430541243,1.0
sway,MMRE-,3.26710430541243,1.0
sway,MMRE-,2.03476876864399,1.0
sway,MMRE-,2.03476876864399,1.0
sway,MMRE-,3.84548198766899,1.0
sway,MMRE-,3.84548198766899,1.0
sway,MMRE-,1.23572516012023,1.0
sway,MMRE-,1.23572516012023,1.0
sway,MMRE-,0.876461293505849,1.0
sway,MMRE-,0.876461293505849,1.0
sway,MMRE-,1.70347754100624,1.0
sway,MMRE-,1.70347754100624,1.0
sway,MMRE-,1.11723267751149,1.0
sway,MMRE-,1.11723267751149,1.0
sway,MMRE-,2.99929219415643,1.0
sway,MMRE-,2.99929219415643,1.0
sway,PRED25+,0.153846153846154,1.0
sway,PRED25+,0.153846153846154,1.0
sway,PRED25+,0.0833333333333333,1.0
sway,PRED25+,0.0833333333333333,1.0
sway,PRED25+,0.166666666666667,1.0
sway,PRED25+,0.166666666666667,1.0
sway,PRED25+,0.153846153846154,1.0
sway,PRED25+,0.153846153846154,1.0
sway,PRED25+,0.0833333333333333,1.0
sway,PRED25+,0.0833333333333333,1.0
sway,PRED25+,0.0833333333333333,1.0
sway,PRED25+,0.0833333333333333,1.0
sway,PRED25+,0.230769230769231,1.0
sway,PRED25+,0.230769230769231,1.0
sway,PRED25+,0.166666666666667,1.0
sway,PRED25+,0.166666666666667,1.0
sway,PRED25+,0.25,1.0
sway,PRED25+,0.25,1.0
sway,PRED25+,0.153846153846154,1.0
sway,PRED25+,0.153846153846154,1.0
sway,PRED25+,0.166666666666667,1.0
sway,PRED25+,0.166666666666667,1.0
sway,PRED25+,0.25,1.0
sway,PRED25+,0.25,1.0
sway,PRED25+,0.230769230769231,1.0
sway,PRED25+,0.230769230769231,1.0
sway,PRED25+,0.0,1.0
sway,PRED25+,0.0,1.0
sway,PRED25+,0.25,1.0
sway,PRED25+,0.25,1.0
sway,PRED25+,0.0769230769230769,1.0
sway,PRED25+,0.0769230769230769,1.0
sway,PRED25+,0.166666666666667,1.0
sway,PRED25+,0.166666666666667,1.0
sway,PRED25+,0.166666666666667,1.0
sway,PRED25+,0.166666666666667,1.0
sway,PRED25+,0.230769230769231,1.0
sway,PRED25+,0.230769230769231,1.0
sway,PRED25+,0.0,1.0
sway,PRED25+,0.0,1.0
sway,PRED25+,0.0833333333333333,1.0
sway,PRED25+,0.0833333333333333,1.0
sway,SA+,0.224899980377866,1.0
sway,SA+,0.224899980377866,1.0
sway,SA+,0.308204378787314,1.0
sway,SA+,0.308204378787314,1.0
sway,SA+,0.455209171496363,1.0
sway,SA+,0.455209171496363,1.0
sway,SA+,0.243667125382447,1.0
sway,SA+,0.243667125382447,1.0
sway,SA+,0.249304724502662,1.0
sway,SA+,0.249304724502662,1.0
sway,SA+,-1.56247734065896,1.0
sway,SA+,-1.56247734065896,1.0
sway,SA+,0.307648158760975,1.0
sway,SA+,0.307648158760975,1.0
sway,SA+,0.3645578399957,1.0
sway,SA+,0.3645578399957,1.0
sway,SA+,0.368599207936297,1.0
sway,SA+,0.368599207936297,1.0
sway,SA+,0.293806070228058,1.0
sway,SA+,0.293806070228058,1.0
sway,SA+,0.35845579644643,1.0
sway,SA+,0.35845579644643,1.0
sway,SA+,-0.098851720877946,1.0
sway,SA+,-0.098851720877946,1.0
sway,SA+,0.34584481611937,1.0
sway,SA+,0.34584481611937,1.0
sway,SA+,0.318111908156924,1.0
sway,SA+,0.318111908156924,1.0
sway,SA+,0.189444216959995,1.0
sway,SA+,0.189444216959995,1.0
sway,SA+,-0.0905895420881355,1.0
sway,SA+,-0.0905895420881355,1.0
sway,SA+,0.531792714418292,1.0
sway,SA+,0.531792714418292,1.0
sway,SA+,0.307333607472148,1.0
sway,SA+,0.307333607472148,1.0
sway,SA+,0.235917148293096,1.0
sway,SA+,0.235917148293096,1.0
sway,SA+,0.402847355758776,1.0
sway,SA+,0.402847355758776,1.0
sway,SA+,0.342170128152176,1.0
sway,SA+,0.342170128152176,1.0
sway,SD+,0.0635228480609369,2.0
sway,SD+,0.0635228480609369,2.0
sway,SD+,0.443515044006495,2.0
sway,SD+,0.443515044006495,2.0
sway,SD+,0.594118455449732,2.0
sway,SD+,0.594118455449732,2.0
sway,SD+,0.0242878662686322,2.0
sway,SD+,0.0242878662686322,2.0
sway,SD+,0.30401645771452,2.0
sway,SD+,0.30401645771452,2.0
sway,SD+,0.165553209061514,2.0
sway,SD+,0.165553209061514,2.0
sway,SD+,0.447805021323924,2.0
sway,SD+,0.447805021323924,2.0
sway,SD+,0.284444323718612,2.0
sway,SD+,0.284444323718612,2.0
sway,SD+,0.191297851122614,2.0
sway,SD+,0.191297851122614,2.0
sway,SD+,0.0697834944375426,2.0
sway,SD+,0.0697834944375426,2.0
sway,SD+,0.147048155536966,2.0
sway,SD+,0.147048155536966,2.0
sway,SD+,0.281658356044338,2.0
sway,SD+,0.281658356044338,2.0
sway,SD+,0.304279433194464,2.0
sway,SD+,0.304279433194464,2.0
sway,SD+,0.319667980625833,2.0
sway,SD+,0.319667980625833,2.0
sway,SD+,0.352082908216531,2.0
sway,SD+,0.352082908216531,2.0
sway,SD+,0.131238834317815,2.0
sway,SD+,0.131238834317815,2.0
sway,SD+,0.684588880697652,2.0
sway,SD+,0.684588880697652,2.0
sway,SD+,0.0949653894925895,2.0
sway,SD+,0.0949653894925895,2.0
sway,SD+,0.501793067758779,2.0
sway,SD+,0.501793067758779,2.0
sway,SD+,0.604963120761642,2.0
sway,SD+,0.604963120761642,2.0
sway,SD+,0.16344097284289,2.0
sway,SD+,0.16344097284289,2.0
sway,SDAR-,3533.04890174894,1.0
sway,SDAR-,3533.04890174894,1.0
sway,SDAR-,2159.96594178787,1.0
sway,SDAR-,2159.96594178787,1.0
sway,SDAR-,1207.96962381376,1.0
sway,SDAR-,1207.96962381376,1.0
sway,SDAR-,4095.91653709039,1.0
sway,SDAR-,4095.91653709039,1.0
sway,SDAR-,1869.31958789724,1.0
sway,SDAR-,1869.31958789724,1.0
sway,SDAR-,1045.69340154777,1.0
sway,SDAR-,1045.69340154777,1.0
sway,SDAR-,1013.15046433431,1.0
sway,SDAR-,1013.15046433431,1.0
sway,SDAR-,3334.53247737709,1.0
sway,SDAR-,3334.53247737709,1.0
sway,SDAR-,2983.83846523553,1.0
sway,SDAR-,2983.83846523553,1.0
sway,SDAR-,2642.08349024617,1.0
sway,SDAR-,2642.08349024617,1.0
sway,SDAR-,4054.11246426955,1.0
sway,SDAR-,4054.11246426955,1.0
sway,SDAR-,1463.41662346291,1.0
sway,SDAR-,1463.41662346291,1.0
sway,SDAR-,3342.54062493774,1.0
sway,SDAR-,3342.54062493774,1.0
sway,SDAR-,1867.1159053456,1.0
sway,SDAR-,1867.1159053456,1.0
sway,SDAR-,1143.39184927728,1.0
sway,SDAR-,1143.39184927728,1.0
sway,SDAR-,3176.67796614302,1.0
sway,SDAR-,3176.67796614302,1.0
sway,SDAR-,722.564479776764,1.0
sway,SDAR-,722.564479776764,1.0
sway,SDAR-,3765.65250171147,1.0
sway,SDAR-,3765.65250171147,1.0
sway,SDAR-,1315.06963916425,1.0
sway,SDAR-,1315.06963916425,1.0
sway,SDAR-,1031.66497086557,1.0
sway,SDAR-,1031.66497086557,1.0
sway,SDAR-,4040.50413801912,1.0
sway,SDAR-,4040.50413801912,1.0
tpe,Delta+,0.172072899098162,2.0
tpe,Delta+,0.172072899098162,2.0
tpe,Delta+,0.235761829042593,2.0
tpe,Delta+,0.235761829042593,2.0
tpe,Delta+,0.287206418211499,2.0
tpe,Delta+,0.287206418211499,2.0
tpe,Delta+,0.363487100879385,2.0
tpe,Delta+,0.363487100879385,2.0
tpe,Delta+,0.248214584126047,2.0
tpe,Delta+,0.248214584126047,2.0
tpe,Delta+,1.27628544690903,2.0
tpe,Delta+,1.27628544690903,2.0
tpe,Delta+,0.33969329876758,2.0
tpe,Delta+,0.33969329876758,2.0
tpe,Delta+,0.286037304288961,2.0
tpe,Delta+,0.286037304288961,2.0
tpe,Delta+,0.297339828314485,2.0
tpe,Delta+,0.297339828314485,2.0
tpe,Delta+,0.294852686560675,2.0
tpe,Delta+,0.294852686560675,2.0
tpe,Delta+,0.305227918593654,2.0
tpe,Delta+,0.305227918593654,2.0
tpe,Delta+,0.189853098051209,2.0
tpe,Delta+,0.189853098051209,2.0
tpe,Delta+,0.430541562236182,2.0
tpe,Delta+,0.430541562236182,2.0
tpe,Delta+,0.266100581401761,2.0
tpe,Delta+,0.266100581401761,2.0
tpe,Delta+,0.235011776398843,2.0
tpe,Delta+,0.235011776398843,2.0
tpe,Delta+,0.286447731962615,2.0
tpe,Delta+,0.286447731962615,2.0
tpe,Delta+,0.268837729389614,2.0
tpe,Delta+,0.268837729389614,2.0
tpe,Delta+,0.286948777003826,2.0
tpe,Delta+,0.286948777003826,2.0
tpe,Delta+,0.183359628441991,2.0
tpe,Delta+,0.183359628441991,2.0
tpe,Delta+,0.378933652493753,2.0
tpe,Delta+,0.378933652493753,2.0
tpe,Delta+,0.309948155406859,2.0
tpe,Delta+,0.309948155406859,2.0
tpe,Duration,89.8458316326141,6.0
tpe,Duration,91.0918276309967,6.0
tpe,Duration,91.8570766448975,6.0
tpe,Duration,91.2242791652679,6.0
tpe,Duration,91.2472767829895,6.0
tpe,Duration,92.4093463420868,6.0
tpe,Duration,90.6359372138977,6.0
tpe,Duration,90.9142444133759,6.0
tpe,Duration,93.7347416877747,6.0
tpe,Duration,92.1334037780762,6.0
tpe,Duration,92.9786841869354,6.0
tpe,Duration,92.3666315078735,6.0
tpe,Duration,93.1612195968628,6.0
tpe,Duration,92.0444183349609,6.0
tpe,Duration,96.2817053794861,6.0
tpe,Duration,94.0030903816223,6.0
tpe,Duration,96.0233001708984,6.0
tpe,Duration,94.9365985393524,6.0
tpe,Duration,92.8122227191925,6.0
tpe,Duration,93.5066587924957,6.0
tpe,Duration,95.0662686824799,6.0
tpe,Iteration,0.0,
tpe,Iteration,1.0,
tpe,Iteration,2.0,
tpe,Iteration,3.0,
tpe,Iteration,4.0,
tpe,Iteration,5.0,
tpe,Iteration,6.0,
tpe,Iteration,7.0,
tpe,Iteration,8.0,
tpe,Iteration,9.0,
tpe,Iteration,10.0,
tpe,Iteration,11.0,
tpe,Iteration,12.0,
tpe,Iteration,13.0,
tpe,Iteration,14.0,
tpe,Iteration,15.0,
tpe,Iteration,16.0,
tpe,Iteration,17.0,
tpe,Iteration,18.0,
tpe,Iteration,19.0,
tpe,Iteration,20.0,
tpe,MAR-,3131.12596483733,1.0
tpe,MAR-,3131.12596483733,1.0
tpe,MAR-,2327.57465958979,1.0
tpe,MAR-,2327.57465958979,1.0
tpe,MAR-,1400.15579048408,1.0
tpe,MAR-,1400.15579048408,1.0
tpe,MAR-,3520.43654905519,1.0
tpe,MAR-,3520.43654905519,1.0
tpe,MAR-,2049.72202911667,1.0
tpe,MAR-,2049.72202911667,1.0
tpe,MAR-,2575.38709760773,1.0
tpe,MAR-,2575.38709760773,1.0
tpe,MAR-,1710.72682414004,1.0
tpe,MAR-,1710.72682414004,1.0
tpe,MAR-,3048.61508809386,1.0
tpe,MAR-,3048.61508809386,1.0
tpe,MAR-,1928.76113310771,1.0
tpe,MAR-,1928.76113310771,1.0
tpe,MAR-,2652.6310617579,1.0
tpe,MAR-,2652.6310617579,1.0
tpe,MAR-,2858.20098737189,1.0
tpe,MAR-,2858.20098737189,1.0
tpe,MAR-,2014.16408625653,1.0
tpe,MAR-,2014.16408625653,1.0
tpe,MAR-,2542.0301229199,1.0
tpe,MAR-,2542.0301229199,1.0
tpe,MAR-,1911.23017800608,1.0
tpe,MAR-,1911.23017800608,1.0
tpe,MAR-,1722.55132860145,1.0
tpe,MAR-,1722.55132860145,1.0
tpe,MAR-,2310.19232331211,1.0
tpe,MAR-,2310.19232331211,1.0
tpe,MAR-,1398.58012644708,1.0
tpe,MAR-,1398.58012644708,1.0
tpe,MAR-,3042.88173267733,1.0
tpe,MAR-,3042.88173267733,1.0
tpe,MAR-,1965.73738163434,1.0
tpe,MAR-,1965.73738163434,1.0
tpe,MAR-,1755.2827689429,1.0
tpe,MAR-,1755.2827689429,1.0
tpe,MAR-,3068.08333332318,1.0
tpe,MAR-,3068.08333332318,1.0
tpe,MMRE-,1.33823759859798,1.0
tpe,MMRE-,1.33823759859798,2.0
tpe,MMRE-,1.63428371968773,1.0
tpe,MMRE-,1.63428371968773,2.0
tpe,MMRE-,3.44202497233509,1.0
tpe,MMRE-,3.44202497233509,2.0
tpe,MMRE-,1.31558073011345,1.0
tpe,MMRE-,1.31558073011345,2.0
tpe,MMRE-,2.76958339606671,1.0
tpe,MMRE-,2.76958339606671,2.0
tpe,MMRE-,1.94837836934623,1.0
tpe,MMRE-,1.94837836934623,2.0
tpe,MMRE-,3.7902594586207,1.0
tpe,MMRE-,3.7902594586207,2.0
tpe,MMRE-,2.48210700160791,1.0
tpe,MMRE-,2.48210700160791,2.0
tpe,MMRE-,1.84521087774975,1.0
tpe,MMRE-,1.84521087774975,2.0
tpe,MMRE-,2.10460471318908,1.0
tpe,MMRE-,2.10460471318908,2.0
tpe,MMRE-,3.46826319763252,1.0
tpe,MMRE-,3.46826319763252,2.0
tpe,MMRE-,2.25380532670121,1.0
tpe,MMRE-,2.25380532670121,2.0
tpe,MMRE-,1.33336538298765,1.0
tpe,MMRE-,1.33336538298765,2.0
tpe,MMRE-,4.01605770467929,1.0
tpe,MMRE-,4.01605770467929,2.0
tpe,MMRE-,2.03076598314282,1.0
tpe,MMRE-,2.03076598314282,2.0
tpe,MMRE-,2.59522572506059,1.0
tpe,MMRE-,2.59522572506059,2.0
tpe,MMRE-,1.6061441700047,1.0
tpe,MMRE-,1.6061441700047,2.0
tpe,MMRE-,1.17729690496064,1.0
tpe,MMRE-,1.17729690496064,2.0
tpe,MMRE-,1.98125226694437,1.0
tpe,MMRE-,1.98125226694437,2.0
tpe,MMRE-,1.82094801378806,1.0
tpe,MMRE-,1.82094801378806,2.0
tpe,MMRE-,3.52267263902357,1.0
tpe,MMRE-,3.52267263902357,2.0
tpe,PRED25+,0.0769230769230769,1.0
tpe,PRED25+,0.0769230769230769,1.0
tpe,PRED25+,0.166666666666667,1.0
tpe,PRED25+,0.166666666666667,1.0
tpe,PRED25+,0.166666666666667,1.0
tpe,PRED25+,0.166666666666667,1.0
tpe,PRED25+,0.153846153846154,1.0
tpe,PRED25+,0.153846153846154,1.0
tpe,PRED25+,0.0833333333333333,1.0
tpe,PRED25+,0.0833333333333333,1.0
tpe,PRED25+,0.166666666666667,1.0
tpe,PRED25+,0.166666666666667,1.0
tpe,PRED25+,0.230769230769231,1.0
tpe,PRED25+,0.230769230769231,1.0
tpe,PRED25+,0.166666666666667,1.0
tpe,PRED25+,0.166666666666667,1.0
tpe,PRED25+,0.333333333333333,1.0
tpe,PRED25+,0.333333333333333,1.0
tpe,PRED25+,0.0769230769230769,1.0
tpe,PRED25+,0.0769230769230769,1.0
tpe,PRED25+,0.333333333333333,1.0
tpe,PRED25+,0.333333333333333,1.0
tpe,PRED25+,0.0833333333333333,1.0
tpe,PRED25+,0.0833333333333333,1.0
tpe,PRED25+,0.230769230769231,1.0
tpe,PRED25+,0.230769230769231,1.0
tpe,PRED25+,0.166666666666667,1.0
tpe,PRED25+,0.166666666666667,1.0
tpe,PRED25+,0.25,1.0
tpe,PRED25+,0.25,1.0
tpe,PRED25+,0.0769230769230769,1.0
tpe,PRED25+,0.0769230769230769,1.0
tpe,PRED25+,0.0833333333333333,1.0
tpe,PRED25+,0.0833333333333333,1.0
tpe,PRED25+,0.166666666666667,1.0
tpe,PRED25+,0.166666666666667,1.0
tpe,PRED25+,0.307692307692308,1.0
tpe,PRED25+,0.307692307692308,1.0
tpe,PRED25+,0.0833333333333333,1.0
tpe,PRED25+,0.0833333333333333,1.0
tpe,PRED25+,0.25,1.0
tpe,PRED25+,0.25,1.0
tpe,SA+,0.171192732422534,1.0
tpe,SA+,0.171192732422534,1.0
tpe,SA+,0.279153079392711,1.0
tpe,SA+,0.279153079392711,1.0
tpe,SA+,0.377589434306233,1.0
tpe,SA+,0.377589434306233,1.0
tpe,SA+,0.303385019400972,1.0
tpe,SA+,0.303385019400972,1.0
tpe,SA+,0.245616796522004,1.0
tpe,SA+,0.245616796522004,1.0
tpe,SA+,-1.65260744775344,1.0
tpe,SA+,-1.65260744775344,1.0
tpe,SA+,0.266784256774738,1.0
tpe,SA+,0.266784256774738,1.0
tpe,SA+,0.304771615896295,1.0
tpe,SA+,0.304771615896295,1.0
tpe,SA+,0.361677905533494,1.0
tpe,SA+,0.361677905533494,1.0
tpe,SA+,0.239853887699347,1.0
tpe,SA+,0.239853887699347,1.0
tpe,SA+,0.336974650217713,1.0
tpe,SA+,0.336974650217713,1.0
tpe,SA+,-0.238712719503816,1.0
tpe,SA+,-0.238712719503816,1.0
tpe,SA+,0.447620657535676,1.0
tpe,SA+,0.447620657535676,1.0
tpe,SA+,0.27580152716134,1.0
tpe,SA+,0.27580152716134,1.0
tpe,SA+,0.193100402986881,1.0
tpe,SA+,0.193100402986881,1.0
tpe,SA+,0.310835876409941,1.0
tpe,SA+,0.310835876409941,1.0
tpe,SA+,0.306025588001698,1.0
tpe,SA+,0.306025588001698,1.0
tpe,SA+,0.280855129647899,1.0
tpe,SA+,0.280855129647899,1.0
tpe,SA+,0.197142428184261,1.0
tpe,SA+,0.197142428184261,1.0
tpe,SA+,0.359960095798634,1.0
tpe,SA+,0.359960095798634,1.0
tpe,SA+,0.327909601771733,1.0
tpe,SA+,0.327909601771733,1.0
tpe,SD+,0.0331078132646562,1.0
tpe,SD+,0.0331078132646562,2.0
tpe,SD+,0.27763836453017,1.0
tpe,SD+,0.27763836453017,2.0
tpe,SD+,0.572133725575185,1.0
tpe,SD+,0.572133725575185,2.0
tpe,SD+,0.012245961688932,1.0
tpe,SD+,0.012245961688932,2.0
tpe,SD+,0.30440593403625,1.0
tpe,SD+,0.30440593403625,2.0
tpe,SD+,0.156073662276766,1.0
tpe,SD+,0.156073662276766,2.0
tpe,SD+,0.428765642492156,1.0
tpe,SD+,0.428765642492156,2.0
tpe,SD+,0.183098540410355,1.0
tpe,SD+,0.183098540410355,2.0
tpe,SD+,0.182990759955331,1.0
tpe,SD+,0.182990759955331,2.0
tpe,SD+,0.0972248179192746,1.0
tpe,SD+,0.0972248179192746,2.0
tpe,SD+,0.162606821851828,1.0
tpe,SD+,0.162606821851828,2.0
tpe,SD+,0.477005268065224,1.0
tpe,SD+,0.477005268065224,2.0
tpe,SD+,0.357085094835452,1.0
tpe,SD+,0.357085094835452,2.0
tpe,SD+,0.294113101793394,1.0
tpe,SD+,0.294113101793394,2.0
tpe,SD+,0.347302582595773,1.0
tpe,SD+,0.347302582595773,2.0
tpe,SD+,0.43961109495372,1.0
tpe,SD+,0.43961109495372,2.0
tpe,SD+,0.373282790553875,1.0
tpe,SD+,0.373282790553875,2.0
tpe,SD+,0.104481488302644,1.0
tpe,SD+,0.104481488302644,2.0
tpe,SD+,0.383800791429742,1.0
tpe,SD+,0.383800791429742,2.0
tpe,SD+,0.562832149614743,1.0
tpe,SD+,0.562832149614743,2.0
tpe,SD+,0.157901757218089,1.0
tpe,SD+,0.157901757218089,2.0
tpe,SDAR-,3624.37145655048,1.0
tpe,SDAR-,3624.37145655048,1.0
tpe,SDAR-,2790.93475414016,1.0
tpe,SDAR-,2790.93475414016,1.0
tpe,SDAR-,1269.7268805935,1.0
tpe,SDAR-,1269.7268805935,1.0
tpe,SDAR-,4144.37792933626,1.0
tpe,SDAR-,4144.37792933626,1.0
tpe,SDAR-,1872.50704304097,1.0
tpe,SDAR-,1872.50704304097,1.0
tpe,SDAR-,1066.31468797318,1.0
tpe,SDAR-,1066.31468797318,1.0
tpe,SDAR-,1050.85876172454,1.0
tpe,SDAR-,1050.85876172454,1.0
tpe,SDAR-,3794.32864836859,1.0
tpe,SDAR-,3794.32864836859,1.0
tpe,SDAR-,3009.24029874967,1.0
tpe,SDAR-,3009.24029874967,1.0
tpe,SDAR-,2600.14718228247,1.0
tpe,SDAR-,2600.14718228247,1.0
tpe,SDAR-,4001.44394786034,1.0
tpe,SDAR-,4001.44394786034,1.0
tpe,SDAR-,1075.95752119545,1.0
tpe,SDAR-,1075.95752119545,1.0
tpe,SDAR-,3093.34975389818,1.0
tpe,SDAR-,3093.34975389818,1.0
tpe,SDAR-,1942.80382981458,1.0
tpe,SDAR-,1942.80382981458,1.0
tpe,SDAR-,1146.27339991963,1.0
tpe,SDAR-,1146.27339991963,1.0
tpe,SDAR-,2041.88254322377,1.0
tpe,SDAR-,2041.88254322377,1.0
tpe,SDAR-,1438.25733482105,1.0
tpe,SDAR-,1438.25733482105,1.0
tpe,SDAR-,3716.95374928414,1.0
tpe,SDAR-,3716.95374928414,1.0
tpe,SDAR-,1623.74879892544,1.0
tpe,SDAR-,1623.74879892544,1.0
tpe,SDAR-,1139.20691261303,1.0
tpe,SDAR-,1139.20691261303,1.0
tpe,SDAR-,4056.79535796729,1.0
tpe,SDAR-,4056.79535796729,1.0
