DS,PT,accuracy,aod-race,aod-sex,d2h1,d2h2,d2h3,di-race,di-sex,eod-race,eod-sex,f1,fr-race,fr-sex,precision,recall,spd-race,spd-sex
fairness/compas-scores-two-years_processed.csv,default,0.6203742203742204,0.0017167776519575,0.047382618104145,0.3478028325707626,0.1638274094083488,0.2318037103905388,0.0381313645887216,0.0988099320941078,0.0075205232972223,0.0128726981436115,0.6634721710283817,0.3592515592515592,0.3484407484407484,0.6564551422319475,0.6706408345752608,0.022292886620297,0.0611298768533526
fairness/compas-scores-two-years_processed.csv,random,0.558004158004158,0.0,0.0,0.3432210365053685,0.0,0.1834593609337886,0.0,0.0,0.0,0.0,0.7163063784360821,0.0,0.0,0.558004158004158,1.0,0.0,0.0
fairness/compas-scores-two-years_processed.csv,tpe,0.5,0.0,0.0,0.6265396775971591,0.2236067977499789,0.3997002449331714,0.5,0.5,0.0,0.0,0.358153189218041,0.0,0.0,0.279002079002079,0.5,0.0,0.0
fairness/compas-scores-two-years_processed.csv,nsga-ii,0.441995841995842,0.0,0.0,0.9098583186889496,0.4472135954999579,0.6159411289325541,1.0,1.0,0.0,0.0,0.0,0.0,0.0,0.0,0.0,0.0,0.0
fairness/compas-scores-two-years_processed.csv,nsga-iii,0.5,0.0,0.0,0.6265396775971591,0.2236067977499789,0.3997002449331714,0.5,0.5,0.0,0.0,0.358153189218041,0.0,0.0,0.279002079002079,0.5,0.0,0.0
fairness/compas-scores-two-years_processed.csv,moead,0.441995841995842,0.0,0.0,0.9098583186889496,0.4472135954999579,0.6159411289325541,1.0,1.0,0.0,0.0,0.0,0.0,0.0,0.0,0.0,0.0,0.0
fairness/compas-scores-two-years_processed.csv,default,0.6303534303534304,0.0619094879489561,0.0190950701659597,0.3409689762274834,0.1594609713863236,0.2266711565482932,0.1319517013414399,0.0097357911150712,0.0607039968709022,0.0543794304938123,0.6691477484183104,0.3218295218295218,0.3397089397089397,0.6490974729241877,0.6904761904761905,0.0832113402141037,0.0056516157039869
fairness/compas-scores-two-years_processed.csv,random,0.5,0.0,0.0,0.6320691560928294,0.2236067977499789,0.4027976126729088,0.5,0.5,0.0,0.0,0.3512274076072295,0.0,0.0,0.2706860706860707,0.5,0.0,0.0
fairness/compas-scores-two-years_processed.csv,tpe,0.4862092862092862,0.0,0.0,0.7238270359535787,0.2981423969999719,0.4734917416629431,0.6666666666666666,0.6666666666666666,0.0,0.0,0.2341516050714863,0.0,0.0,0.1804573804573804,0.3333333333333333,0.0,0.0
fairness/compas-scores-two-years_processed.csv,nsga-ii,0.5413721413721414,0.0,0.0,0.356795516510582,0.0,0.1907152257028061,0.0,0.0,0.0,0.0,0.7024548152144591,0.0,0.0,0.5413721413721414,1.0,0.0,0.0
fairness/compas-scores-two-years_processed.csv,nsga-iii,0.5413721413721414,0.0,0.0,0.3567955165105819,0.0,0.1907152257028061,0.0,0.0,0.0,0.0,0.7024548152144591,0.0,0.0,0.5413721413721414,1.0,0.0,0.0
fairness/compas-scores-two-years_processed.csv,moead,0.5413721413721414,0.0,0.0,0.3567955165105819,0.0,0.1907152257028061,0.0,0.0,0.0,0.0,0.7024548152144591,0.0,0.0,0.5413721413721414,1.0,0.0,0.0
fairness/compas-scores-two-years_processed.csv,default,0.6318635607321131,0.0620028558540203,0.0002708704788803,0.3451521352017201,0.1369606526398053,0.2177977747250285,0.1220265107541633,0.040875372836258,0.0045165498936843,0.0299768724426259,0.6628571428571429,0.2795341098169717,0.2870216306156406,0.666156202143951,0.6595905989385898,0.0721760815488284,0.0229646888602838
fairness/compas-scores-two-years_processed.csv,random,0.5486688851913477,0.0,0.0,0.3508318514089039,0.0,0.1875275126199576,0.0,0.0,0.0,0.0,0.7085683588503895,0.0,0.0,0.5486688851913477,1.0,0.0,0.0
fairness/compas-scores-two-years_processed.csv,tpe,0.5,0.0,0.0,0.6296348669635872,0.2236067977499789,0.4014346596181215,0.5,0.5,0.0,0.0,0.3542841794251947,0.0,0.0,0.2743344425956738,0.5,0.0,0.0
fairness/compas-scores-two-years_processed.csv,nsga-ii,0.5486688851913477,0.0,0.0,0.3508318514089039,0.0,0.1875275126199576,0.0,0.0,0.0,0.0,0.7085683588503895,0.0,0.0,0.5486688851913477,1.0,0.0,0.0
fairness/compas-scores-two-years_processed.csv,nsga-iii,0.5486688851913477,0.0,0.0,0.3508318514089039,0.0,0.1875275126199576,0.0,0.0,0.0,0.0,0.7085683588503895,0.0,0.0,0.5486688851913477,1.0,0.0,0.0
fairness/compas-scores-two-years_processed.csv,moead,0.4513311148086522,0.0,0.0,0.9084378825182704,0.4472135954999579,0.6153418066162855,1.0,1.0,0.0,0.0,0.0,0.0,0.0,0.0,0.0,0.0,0.0
fairness/compas-scores-two-years_processed.csv,default,0.6228690228690229,0.0533208548698739,0.0201316912545638,0.3482327091083093,0.1536000025962862,0.2269351208019345,0.107753581423388,0.0738294261261015,0.0035775629386073,0.0101980230320034,0.6619455833022735,0.3413721413721414,0.3043659043659044,0.6500732064421669,0.6742596810933941,0.0658934278557238,0.0445792085719045
fairness/compas-scores-two-years_processed.csv,random,0.5,0.0,0.0,0.6299875883879151,0.2236067977499789,0.4016322085206572,0.5,0.5,0.0,0.0,0.3538420204191295,0.0,0.0,0.2738045738045738,0.5,0.0,0.0
fairness/compas-scores-two-years_processed.csv,tpe,0.4841302841302841,0.0,0.0,0.7227510624763746,0.2981423969999719,0.4728462637642167,0.6666666666666666,0.6666666666666666,0.0,0.0,0.2358946802794196,0.0,0.0,0.1825363825363825,0.3333333333333333,0.0,0.0
fairness/compas-scores-two-years_processed.csv,nsga-ii,0.5476091476091476,0.0,0.0,0.3516971661225367,0.0,0.1879900427899787,0.0,0.0,0.0,0.0,0.707684040838259,0.0,0.0,0.5476091476091476,1.0,0.0,0.0
fairness/compas-scores-two-years_processed.csv,nsga-iii,0.4841302841302841,0.0,0.0,0.7227510624763746,0.2981423969999719,0.4728462637642167,0.6666666666666666,0.6666666666666666,0.0,0.0,0.2358946802794196,0.0,0.0,0.1825363825363825,0.3333333333333333,0.0,0.0
fairness/compas-scores-two-years_processed.csv,moead,0.4523908523908524,0.0,0.0,0.9082780106532936,0.4472135954999579,0.6152743742513357,1.0,1.0,0.0,0.0,0.0,0.0,0.0,0.0,0.0,0.0,0.0
fairness/compas-scores-two-years_processed.csv,default,0.6374220374220374,0.0349871681350816,0.0745408707944494,0.3331526636822691,0.1507486174290403,0.2189608976575557,0.0886119530534327,0.1536754443408147,0.0250280035331329,0.0502504031915796,0.6772760917838637,0.2686070686070686,0.3168399168399168,0.6559139784946236,0.7000765110941086,0.0545224134669944,0.1016922073544925
fairness/compas-scores-two-years_processed.csv,random,0.5434511434511434,0.0,0.0,0.3550949967398954,0.0,0.1898062596511854,0.0,0.0,0.0,0.0,0.7042025862068965,0.0,0.0,0.5434511434511434,1.0,0.0,0.0
fairness/compas-scores-two-years_processed.csv,tpe,0.5434511434511434,0.0,0.0,0.3550949967398954,0.0,0.1898062596511854,0.0,0.0,0.0,0.0,0.7042025862068965,0.0,0.0,0.5434511434511434,1.0,0.0,0.0
fairness/compas-scores-two-years_processed.csv,nsga-ii,0.5,0.0,0.0,0.6313742236543862,0.2236067977499789,0.4024086218008916,0.5,0.5,0.0,0.0,0.3521012931034482,0.0,0.0,0.2717255717255717,0.5,0.0,0.0
fairness/compas-scores-two-years_processed.csv,nsga-iii,0.5,0.0,0.0,0.6313742236543862,0.2236067977499789,0.4024086218008916,0.5,0.5,0.0,0.0,0.3521012931034482,0.0,0.0,0.2717255717255717,0.5,0.0,0.0
fairness/compas-scores-two-years_processed.csv,moead,0.4565488565488566,0.0,0.0,0.907653450568877,0.4472135954999579,0.6150109839505978,1.0,1.0,0.0,0.0,0.0,0.0,0.0,0.0,0.0,0.0,0.0
fairness/compas-scores-two-years_processed.csv,default,0.6397670549084858,0.0373177607631154,0.0198436782313133,0.3347475842236336,0.16360084742881,0.2261283063990256,0.0984752902936081,0.0753100785752926,0.0208817209493228,0.0027088482451803,0.6741911211437172,0.3490016638935108,0.3506655574043261,0.6793025018953753,0.6691560866318148,0.0578604814796199,0.0440145570340043
fairness/compas-scores-two-years_processed.csv,random,0.4430116472545757,0.0,0.0,0.9097027021359864,0.4472135954999579,0.6158754526858531,1.0,1.0,0.0,0.0,0.0,0.0,0.0,0.0,0.0,0.0,0.0
fairness/compas-scores-two-years_processed.csv,tpe,0.5189961175818081,0.0,0.0,0.5325996872628624,0.1490711984999859,0.3278928093193992,0.3333333333333333,0.3333333333333333,0.0,0.0,0.4769792501558464,0.0,0.0,0.3713255684969495,0.6666666666666666,0.0,0.0
fairness/compas-scores-two-years_processed.csv,nsga-ii,0.4810038824181918,0.0,0.0,0.7211511946994245,0.2981423969999719,0.4718841310026262,0.6666666666666666,0.6666666666666666,0.0,0.0,0.2384896250779232,0.0,0.0,0.1856627842484747,0.3333333333333333,0.0,0.0
fairness/compas-scores-two-years_processed.csv,nsga-iii,0.5,0.0,0.0,0.6268754409811435,0.2236067977499789,0.3998884701610127,0.5,0.5,0.0,0.0,0.3577344376168848,0.0,0.0,0.2784941763727121,0.5,0.0,0.0
fairness/compas-scores-two-years_processed.csv,moead,0.5189961175818081,0.0,0.0,0.5325996872628624,0.1490711984999859,0.3278928093193993,0.3333333333333333,0.3333333333333333,0.0,0.0,0.4769792501558464,0.0,0.0,0.3713255684969495,0.6666666666666666,0.0,0.0
fairness/compas-scores-two-years_processed.csv,default,0.6257796257796258,0.0375951294464123,0.0690156108633053,0.3458207123810805,0.1642137741696674,0.2311507697087857,0.1122959100537722,0.1424722838137471,0.0605665264608731,0.0343845171431378,0.664179104477612,0.3135135135135135,0.3388773388773389,0.6656694091249065,0.6626954579300074,0.0675196927538503,0.0896564715075067
fairness/compas-scores-two-years_processed.csv,random,0.4805266805266805,0.0,0.0,0.7209089050553147,0.2981423969999719,0.4717381707655243,0.6666666666666666,0.6666666666666666,0.0,0.0,0.2388829598007826,0.0,0.0,0.1861399861399861,0.3333333333333333,0.0,0.0
fairness/compas-scores-two-years_processed.csv,tpe,0.5584199584199584,0.0,0.0,0.3428825322860613,0.0,0.1832784228176994,0.0,0.0,0.0,0.0,0.716648879402348,0.0,0.0,0.5584199584199584,1.0,0.0,0.0
fairness/compas-scores-two-years_processed.csv,nsga-ii,0.5,0.0,0.0,0.6264023118630013,0.2236067977499789,0.3996232337785681,0.5,0.5,0.0,0.0,0.358324439701174,0.0,0.0,0.2792099792099792,0.5,0.0,0.0
fairness/compas-scores-two-years_processed.csv,nsga-iii,0.5,0.0,0.0,0.6264023118630013,0.2236067977499789,0.3996232337785681,0.5,0.5,0.0,0.0,0.358324439701174,0.0,0.0,0.2792099792099792,0.5,0.0,0.0
fairness/compas-scores-two-years_processed.csv,moead,0.5584199584199584,0.0,0.0,0.3428825322860613,0.0,0.1832784228176994,0.0,0.0,0.0,0.0,0.716648879402348,0.0,0.0,0.5584199584199584,1.0,0.0,0.0
fairness/compas-scores-two-years_processed.csv,default,0.6365904365904366,0.0633409828891621,0.0026088689731244,0.3388881621747063,0.1630925170230023,0.2276231906553308,0.1271745719192167,0.0552135582915336,0.0525657443346057,0.0142627815342706,0.6696900982615269,0.3343035343035343,0.348024948024948,0.6661654135338346,0.6732522796352584,0.0767012106419257,0.0319533784155258
fairness/compas-scores-two-years_processed.csv,random,0.5,0.0,0.0,0.6301260587251161,0.2236067977499789,0.4017097560301208,0.5,0.5,0.0,0.0,0.3536683687180865,0.0,0.0,0.2735966735966736,0.5,0.0,0.0
fairness/compas-scores-two-years_processed.csv,tpe,0.5,0.0,0.0,0.6301260587251161,0.2236067977499789,0.4017097560301208,0.5,0.5,0.0,0.0,0.3536683687180865,0.0,0.0,0.2735966735966736,0.5,0.0,0.0
fairness/compas-scores-two-years_processed.csv,nsga-ii,0.4528066528066528,0.0,0.0,0.9082153598146008,0.4472135954999579,0.6152479499711977,1.0,1.0,0.0,0.0,0.0,0.0,0.0,0.0,0.0,0.0,0.0
fairness/compas-scores-two-years_processed.csv,nsga-iii,0.5,0.0,0.0,0.6301260587251161,0.2236067977499789,0.4017097560301208,0.5,0.5,0.0,0.0,0.3536683687180865,0.0,0.0,0.2735966735966736,0.5,0.0,0.0
fairness/compas-scores-two-years_processed.csv,moead,0.5471933471933472,0.0,0.0,0.3520367576356312,0.0,0.1881715620890439,0.0,0.0,0.0,0.0,0.7073367374361731,0.0,0.0,0.5471933471933472,1.0,0.0,0.0
fairness/compas-scores-two-years_processed.csv,default,0.6360232945091514,0.022836740974333,0.0429918538842103,0.3386804043834833,0.1638470154066081,0.2279216829511481,0.0844117518189855,0.1055780925981526,0.0358622298667421,0.026338052372077,0.6701846965699209,0.3643926788685524,0.3261231281198003,0.6590066716085989,0.6817484662576687,0.0501385465623612,0.0646882165714091
fairness/compas-scores-two-years_processed.csv,random,0.5424292845257903,0.0,0.0,0.3559306919792492,0.0,0.1902529575462454,0.0,0.0,0.0,0.0,0.703344120819849,0.0,0.0,0.5424292845257903,1.0,0.0,0.0
fairness/compas-scores-two-years_processed.csv,tpe,0.4575707154742096,0.0,0.0,0.9075006237892016,0.4472135954999579,0.6149465440595607,1.0,1.0,0.0,0.0,0.0,0.0,0.0,0.0,0.0,0.0,0.0
fairness/compas-scores-two-years_processed.csv,nsga-ii,0.5,0.0,0.0,0.6317156578842255,0.2236067977499789,0.4025997508029031,0.5,0.5,0.0,0.0,0.3516720604099245,0.0,0.0,0.2712146422628951,0.5,0.0,0.0
fairness/compas-scores-two-years_processed.csv,nsga-iii,0.4575707154742096,0.0,0.0,0.9075006237892016,0.4472135954999579,0.6149465440595607,1.0,1.0,0.0,0.0,0.0,0.0,0.0,0.0,0.0,0.0,0.0
fairness/compas-scores-two-years_processed.csv,moead,0.5,0.0,0.0,0.6317156578842255,0.2236067977499789,0.4025997508029031,0.5,0.5,0.0,0.0,0.3516720604099245,0.0,0.0,0.2712146422628951,0.5,0.0,0.0
fairness/compas-scores-two-years_processed.csv,default,0.6395010395010395,0.021450375164679,0.0208788537937788,0.3337578978491923,0.1577025526169763,0.2226910557774651,0.021595545083666,0.0954987920487137,0.0024106636415202,0.0201701506017706,0.675645342312009,0.316008316008316,0.3667359667359667,0.675392670157068,0.6758982035928144,0.0121787300532733,0.0574545578179253
fairness/compas-scores-two-years_processed.csv,random,0.5,0.0,0.0,0.6273647579621704,0.2236067977499789,0.4001627420141437,0.5,0.5,0.0,0.0,0.3571237636995455,0.0,0.0,0.2777546777546777,0.5,0.0,0.0
fairness/compas-scores-two-years_processed.csv,tpe,0.5,0.0,0.0,0.6273647579621704,0.2236067977499789,0.4001627420141437,0.5,0.5,0.0,0.0,0.3571237636995455,0.0,0.0,0.2777546777546777,0.5,0.0,0.0
fairness/compas-scores-two-years_processed.csv,nsga-ii,0.5,0.0,0.0,0.6273647579621704,0.2236067977499789,0.4001627420141437,0.5,0.5,0.0,0.0,0.3571237636995455,0.0,0.0,0.2777546777546777,0.5,0.0,0.0
fairness/compas-scores-two-years_processed.csv,nsga-iii,0.5,0.0,0.0,0.6273647579621704,0.2236067977499789,0.4001627420141437,0.5,0.5,0.0,0.0,0.3571237636995455,0.0,0.0,0.2777546777546777,0.5,0.0,0.0
fairness/compas-scores-two-years_processed.csv,moead,0.5,0.0,0.0,0.6273647579621704,0.2236067977499789,0.4001627420141437,0.5,0.5,0.0,0.0,0.3571237636995455,0.0,0.0,0.2777546777546777,0.5,0.0,0.0
fairness/compas-scores-two-years_processed.csv,default,0.6345114345114345,0.045553789243729,0.0100976128950389,0.3416560224099677,0.1511715289059401,0.2228778752900976,0.1128088318425165,0.0638744169140365,0.0368392858045312,0.0025189345009042,0.6666666666666666,0.3047817047817048,0.3305613305613306,0.6559701492537313,0.6777178103315343,0.067905682659781,0.0375244954656974
fairness/compas-scores-two-years_processed.csv,random,0.4869022869022869,0.0,0.0,0.7241878550671937,0.2981423969999719,0.473707915661311,0.6666666666666666,0.6666666666666666,0.0,0.0,0.2335674410228705,0.0,0.0,0.1797643797643797,0.3333333333333333,0.0,0.0
fairness/compas-scores-two-years_processed.csv,tpe,0.5,0.0,0.0,0.6327651697512275,0.2236067977499789,0.403187128674532,0.5,0.5,0.0,0.0,0.3503511615343058,0.0,0.0,0.2696465696465696,0.5,0.0,0.0
fairness/compas-scores-two-years_processed.csv,nsga-ii,0.4869022869022869,0.0,0.0,0.7241878550671937,0.2981423969999719,0.473707915661311,0.6666666666666666,0.6666666666666666,0.0,0.0,0.2335674410228705,0.0,0.0,0.1797643797643797,0.3333333333333333,0.0,0.0
fairness/compas-scores-two-years_processed.csv,nsga-iii,0.5,0.0,0.0,0.6327651697512275,0.2236067977499789,0.403187128674532,0.5,0.5,0.0,0.0,0.3503511615343058,0.0,0.0,0.2696465696465696,0.5,0.0,0.0
fairness/compas-scores-two-years_processed.csv,moead,0.5392931392931393,0.0,0.0,0.3584971138033287,0.0,0.1916247677141947,0.0,0.0,0.0,0.0,0.7007023230686116,0.0,0.0,0.5392931392931393,1.0,0.0,0.0
fairness/compas-scores-two-years_processed.csv,default,0.6385191347753744,0.0638781368742313,0.0751830634031136,0.3351016789335481,0.157031698464182,0.2229288938719809,0.1150584007187781,0.142691185012536,0.0036706997837739,0.0308453413146553,0.6741657292838396,0.2982529118136439,0.3169717138103161,0.6724008975317876,0.6759398496240602,0.0692611994498787,0.0898305869283465
fairness/compas-scores-two-years_processed.csv,random,0.5,0.0,0.0,0.6281150784813071,0.2236067977499789,0.4005832337028413,0.5,0.5,0.0,0.0,0.3561863952865559,0.0,0.0,0.2766222961730449,0.5,0.0,0.0
fairness/compas-scores-two-years_processed.csv,tpe,0.4467554076539101,0.0,0.0,0.9091313957509376,0.4472135954999579,0.6156343754302892,1.0,1.0,0.0,0.0,0.0,0.0,0.0,0.0,0.0,0.0,0.0
fairness/compas-scores-two-years_processed.csv,nsga-ii,0.4467554076539101,0.0,0.0,0.9091313957509376,0.4472135954999579,0.6156343754302892,1.0,1.0,0.0,0.0,0.0,0.0,0.0,0.0,0.0,0.0,0.0
fairness/compas-scores-two-years_processed.csv,nsga-iii,0.5532445923460898,0.0,0.0,0.3470987612116766,0.0,0.1855320919753934,0.0,0.0,0.0,0.0,0.7123727905731119,0.0,0.0,0.5532445923460898,1.0,0.0,0.0
fairness/compas-scores-two-years_processed.csv,moead,0.4467554076539101,0.0,0.0,0.9091313957509376,0.4472135954999579,0.6156343754302892,1.0,1.0,0.0,0.0,0.0,0.0,0.0,0.0,0.0,0.0,0.0
fairness/compas-scores-two-years_processed.csv,default,0.6403326403326404,0.0484533671895108,0.0124740076052904,0.3367628726537539,0.153876014958594,0.2220706466399839,0.1190374280686736,0.0737687921202696,0.0310836087901132,0.0110309645193366,0.6712276700874193,0.3367983367983368,0.3051975051975052,0.6634109691960932,0.6792307692307692,0.0715101994171761,0.0433934071295704
fairness/compas-scores-two-years_processed.csv,random,0.5,0.0,0.0,0.6323474316122332,0.2236067977499789,0.4029533559605807,0.5,0.5,0.0,0.0,0.3508771929824562,0.0,0.0,0.2702702702702703,0.5,0.0,0.0
fairness/compas-scores-two-years_processed.csv,tpe,0.4594594594594595,0.0,0.0,0.9072188374322728,0.4472135954999579,0.6148277387068825,1.0,1.0,0.0,0.0,0.0,0.0,0.0,0.0,0.0,0.0,0.0
fairness/compas-scores-two-years_processed.csv,nsga-ii,0.5,0.0,0.0,0.6323474316122332,0.2236067977499789,0.4029533559605807,0.5,0.5,0.0,0.0,0.3508771929824562,0.0,0.0,0.2702702702702703,0.5,0.0,0.0
fairness/compas-scores-two-years_processed.csv,nsga-iii,0.5405405405405406,0.0,0.0,0.3574760257921934,0.0,0.1910789732142789,0.0,0.0,0.0,0.0,0.7017543859649124,0.0,0.0,0.5405405405405406,1.0,0.0,0.0
fairness/compas-scores-two-years_processed.csv,moead,0.4594594594594595,0.0,0.0,0.9072188374322728,0.4472135954999579,0.6148277387068825,1.0,1.0,0.0,0.0,0.0,0.0,0.0,0.0,0.0,0.0,0.0
fairness/compas-scores-two-years_processed.csv,default,0.6178794178794179,0.0540417102172534,0.0295617495748655,0.354904768155306,0.1429974844788934,0.2249305263393883,0.1120574482297928,0.0797747215371226,0.0331358442657637,0.0009825414859739,0.6546411123637731,0.3168399168399168,0.2715176715176715,0.6613515565679575,0.6480654761904762,0.0661735700197237,0.0466931955433266
fairness/compas-scores-two-years_processed.csv,random,0.4411642411642412,0.0,0.0,0.9099859072196584,0.4472135954999579,0.6159949794179412,1.0,1.0,0.0,0.0,0.0,0.0,0.0,0.0,0.0,0.0,0.0
fairness/compas-scores-two-years_processed.csv,tpe,0.5588357588357589,0.0,0.0,0.342544069270689,0.0,0.1830975067260397,0.0,0.0,0.0,0.0,0.7169911976527075,0.0,0.0,0.5588357588357589,1.0,0.0,0.0
fairness/compas-scores-two-years_processed.csv,nsga-ii,0.5,0.0,0.0,0.6262649882451736,0.2236067977499789,0.3995462430719905,0.5,0.5,0.0,0.0,0.3584955988263537,0.0,0.0,0.2794178794178794,0.5,0.0,0.0
fairness/compas-scores-two-years_processed.csv,nsga-iii,0.4803880803880804,0.0,0.0,0.7208386279033352,0.2981423969999719,0.471695821853974,0.6666666666666666,0.6666666666666666,0.0,0.0,0.2389970658842358,0.0,0.0,0.1862785862785863,0.3333333333333333,0.0,0.0
fairness/compas-scores-two-years_processed.csv,moead,0.5196119196119197,0.0,0.0,0.5316913485870121,0.1490711984999859,0.3273966642900069,0.3333333333333333,0.3333333333333333,0.0,0.0,0.4779941317684716,0.0,0.0,0.3725571725571726,0.6666666666666666,0.0,0.0
fairness/compas-scores-two-years_processed.csv,default,0.6293677204658902,0.018502461376563,0.0639399102340676,0.3441345481704658,0.1672505179892038,0.2319854839446598,0.0681248621664428,0.1433093771389457,0.004040139788343,0.0466010397517246,0.6651634723788049,0.3410981697171381,0.3490016638935108,0.6594634873323398,0.6709628506444276,0.0398466174935797,0.0905111855614394
fairness/compas-scores-two-years_processed.csv,random,0.5,0.0,0.0,0.6296348669635872,0.2236067977499789,0.4014346596181215,0.5,0.5,0.0,0.0,0.3542841794251947,0.0,0.0,0.2743344425956738,0.5,0.0,0.0
fairness/compas-scores-two-years_processed.csv,tpe,0.5,0.0,0.0,0.6296348669635872,0.2236067977499789,0.4014346596181215,0.5,0.5,0.0,0.0,0.3542841794251947,0.0,0.0,0.2743344425956738,0.5,0.0,0.0
fairness/compas-scores-two-years_processed.csv,nsga-ii,0.4513311148086522,0.0,0.0,0.9084378825182704,0.4472135954999579,0.6153418066162855,1.0,1.0,0.0,0.0,0.0,0.0,0.0,0.0,0.0,0.0,0.0
fairness/compas-scores-two-years_processed.csv,nsga-iii,0.4513311148086522,0.0,0.0,0.9084378825182704,0.4472135954999579,0.6153418066162855,1.0,1.0,0.0,0.0,0.0,0.0,0.0,0.0,0.0,0.0,0.0
fairness/compas-scores-two-years_processed.csv,moead,0.4513311148086522,0.0,0.0,0.9084378825182704,0.4472135954999579,0.6153418066162855,1.0,1.0,0.0,0.0,0.0,0.0,0.0,0.0,0.0,0.0,0.0
fairness/compas-scores-two-years_processed.csv,default,0.6332640332640332,0.0098097586370962,0.0124684730406481,0.3345381086910162,0.1566002314837804,0.2224697908342974,0.0513026315125265,0.0619740514284498,0.0117819059498625,0.0033459929811066,0.676923076923077,0.348024948024948,0.3388773388773389,0.6590584878744651,0.6957831325301205,0.0309405620325845,0.038017695414091
fairness/compas-scores-two-years_processed.csv,random,0.5,0.0,0.0,0.6284672352924046,0.2236067977499789,0.4007805556053891,0.5,0.5,0.0,0.0,0.355746048754353,0.0,0.0,0.2760914760914761,0.5,0.0,0.0
fairness/compas-scores-two-years_processed.csv,tpe,0.4478170478170478,0.0,0.0,0.9089700232517958,0.4472135954999579,0.6155662905395951,1.0,1.0,0.0,0.0,0.0,0.0,0.0,0.0,0.0,0.0,0.0
fairness/compas-scores-two-years_processed.csv,nsga-ii,0.5,0.0,0.0,0.6284672352924046,0.2236067977499789,0.4007805556053891,0.5,0.5,0.0,0.0,0.355746048754353,0.0,0.0,0.2760914760914761,0.5,0.0,0.0
fairness/compas-scores-two-years_processed.csv,nsga-iii,0.5521829521829522,0.0,0.0,0.3479644473330134,0.0,0.1859948206711831,0.0,0.0,0.0,0.0,0.7114920975087061,0.0,0.0,0.5521829521829522,1.0,0.0,0.0
fairness/compas-scores-two-years_processed.csv,moead,0.4826056826056826,0.0,0.0,0.7219681646122016,0.2981423969999719,0.4723758005834577,0.6666666666666666,0.6666666666666666,0.0,0.0,0.237164032502902,0.0,0.0,0.184060984060984,0.3333333333333333,0.0,0.0
fairness/compas-scores-two-years_processed.csv,default,0.6207900207900208,0.020990485763213,0.0097655673928639,0.3498782200820218,0.1499914661279179,0.2259319547789109,0.059740334019675,0.0511803405572753,0.0003744003744003,0.0228433402346445,0.6604616530156366,0.2906444906444906,0.3621621621621622,0.6604616530156366,0.6604616530156366,0.0346969621472585,0.0298095345429955
fairness/compas-scores-two-years_processed.csv,random,0.4415800415800416,0.0,0.0,0.9099220914399414,0.4472135954999579,0.6159680447394368,1.0,1.0,0.0,0.0,0.0,0.0,0.0,0.0,0.0,0.0,0.0
fairness/compas-scores-two-years_processed.csv,tpe,0.5584199584199584,0.0,0.0,0.3428825322860613,0.0,0.1832784228176994,0.0,0.0,0.0,0.0,0.716648879402348,0.0,0.0,0.5584199584199584,1.0,0.0,0.0
fairness/compas-scores-two-years_processed.csv,nsga-ii,0.5584199584199584,0.0,0.0,0.3428825322860613,0.0,0.1832784228176994,0.0,0.0,0.0,0.0,0.716648879402348,0.0,0.0,0.5584199584199584,1.0,0.0,0.0
fairness/compas-scores-two-years_processed.csv,nsga-iii,0.5584199584199584,0.0,0.0,0.3428825322860613,0.0,0.1832784228176994,0.0,0.0,0.0,0.0,0.716648879402348,0.0,0.0,0.5584199584199584,1.0,0.0,0.0
fairness/compas-scores-two-years_processed.csv,moead,0.5,0.0,0.0,0.6264023118630013,0.2236067977499789,0.3996232337785681,0.5,0.5,0.0,0.0,0.358324439701174,0.0,0.0,0.2792099792099792,0.5,0.0,0.0
fairness/compas-scores-two-years_processed.csv,default,0.6268718801996672,0.0604271677972931,0.0637187058319786,0.3449810545880025,0.165242144787168,0.2313157051423807,0.1211262691728826,0.1369943490180718,0.0270215514632946,0.0558070646098814,0.6649234217407546,0.302828618968386,0.3502495840266223,0.6425992779783394,0.6888544891640866,0.0760819404265937,0.0888038589873784
fairness/compas-scores-two-years_processed.csv,random,0.5,0.0,0.0,0.6333872866447768,0.2236067977499789,0.4035352214823618,0.5,0.5,0.0,0.0,0.3495670995670995,0.0,0.0,0.2687188019966722,0.5,0.0,0.0
fairness/compas-scores-two-years_processed.csv,tpe,0.5374376039933444,0.0,0.0,0.3600167254897528,0.0,0.1924370343272713,0.0,0.0,0.0,0.0,0.699134199134199,0.0,0.0,0.5374376039933444,1.0,0.0,0.0
fairness/compas-scores-two-years_processed.csv,nsga-ii,0.5374376039933444,0.0,0.0,0.3600167254897528,0.0,0.1924370343272713,0.0,0.0,0.0,0.0,0.699134199134199,0.0,0.0,0.5374376039933444,1.0,0.0,0.0
fairness/compas-scores-two-years_processed.csv,nsga-iii,0.4625623960066555,0.0,0.0,0.9067578477998008,0.4472135954999579,0.6146334086374523,1.0,1.0,0.0,0.0,0.0,0.0,0.0,0.0,0.0,0.0,0.0
fairness/compas-scores-two-years_processed.csv,moead,0.4625623960066555,0.0,0.0,0.9067578477998008,0.4472135954999579,0.6146334086374523,1.0,1.0,0.0,0.0,0.0,0.0,0.0,0.0,0.0,0.0,0.0
fairness/compas-scores-two-years_processed.csv,default,0.6403326403326404,0.0237760672546354,0.0478496888649224,0.3353098107600742,0.1560787806550474,0.2225399698409721,0.0142768466790813,0.1275819296384848,0.0217185034258204,0.0426528525205788,0.6732149603324519,0.3351351351351351,0.3214137214137214,0.6644295302013423,0.6822358346094947,0.0080374691001881,0.0793226779926231
fairness/compas-scores-two-years_processed.csv,random,0.5,0.0,0.0,0.6315131238135527,0.2236067977499789,0.4024863780482894,0.5,0.5,0.0,0.0,0.3519267043923471,0.0,0.0,0.2715176715176715,0.5,0.0,0.0
fairness/compas-scores-two-years_processed.csv,tpe,0.5,0.0,0.0,0.6315131238135527,0.2236067977499789,0.4024863780482894,0.5,0.5,0.0,0.0,0.3519267043923471,0.0,0.0,0.2715176715176715,0.5,0.0,0.0
fairness/compas-scores-two-years_processed.csv,nsga-ii,0.456964656964657,0.0,0.0,0.9075912328501076,0.4472135954999579,0.6149847491596562,1.0,1.0,0.0,0.0,0.0,0.0,0.0,0.0,0.0,0.0,0.0
fairness/compas-scores-two-years_processed.csv,nsga-iii,0.5430353430353431,0.0,0.0,0.3554350147769978,0.0,0.1899880069369227,0.0,0.0,0.0,0.0,0.7038534087846943,0.0,0.0,0.5430353430353431,1.0,0.0,0.0
fairness/compas-scores-two-years_processed.csv,moead,0.5,0.0,0.0,0.6315131238135527,0.2236067977499789,0.4024863780482894,0.5,0.5,0.0,0.0,0.3519267043923471,0.0,0.0,0.2715176715176715,0.5,0.0,0.0
fairness/compas-scores-two-years_processed.csv,default,0.6474012474012474,0.058549023831429,0.066635238209647,0.3195821432835495,0.1615147596845347,0.2186649689728164,0.114029752027071,0.1332435891043858,0.0216451268098338,0.0484899390376006,0.6923076923076923,0.3172557172557173,0.3247401247401247,0.6652719665271967,0.7216338880484114,0.0734405902936254,0.0890205013412922
fairness/compas-scores-two-years_processed.csv,random,0.5,0.0,0.0,0.6292958785804758,0.2236067977499789,0.401244782674675,0.5,0.5,0.0,0.0,0.3547088811376442,0.0,0.0,0.2748440748440748,0.5,0.0,0.0
fairness/compas-scores-two-years_processed.csv,tpe,0.5,0.0,0.0,0.6292958785804758,0.2236067977499789,0.401244782674675,0.5,0.5,0.0,0.0,0.3547088811376442,0.0,0.0,0.2748440748440748,0.5,0.0,0.0
fairness/compas-scores-two-years_processed.csv,nsga-ii,0.5,0.0,0.0,0.6292958785804758,0.2236067977499789,0.401244782674675,0.5,0.5,0.0,0.0,0.3547088811376442,0.0,0.0,0.2748440748440748,0.5,0.0,0.0
fairness/compas-scores-two-years_processed.csv,nsga-iii,0.5,0.0,0.0,0.6292958785804758,0.2236067977499789,0.401244782674675,0.5,0.5,0.0,0.0,0.3547088811376442,0.0,0.0,0.2748440748440748,0.5,0.0,0.0
fairness/compas-scores-two-years_processed.csv,moead,0.5496881496881497,0.0,0.0,0.349999843551274,0.0,0.1870827857133354,0.0,0.0,0.0,0.0,0.7094177622752885,0.0,0.0,0.5496881496881497,1.0,0.0,0.0
fairness/compas-scores-two-years_processed.csv,default,0.6335274542429284,0.0208387106734266,0.0583021916917375,0.3379382214944219,0.1511459257489516,0.2212399916852298,0.0805125173708335,0.1381862876149672,0.0766583063347566,0.0445953074758842,0.6721250465202828,0.2940931780366057,0.3078202995008319,0.6678994082840237,0.6764044943820224,0.0478165804385316,0.087429965412442
fairness/compas-scores-two-years_processed.csv,random,0.444675540765391,0.0,0.0,0.9094483568383928,0.4472135954999579,0.6157681181734502,1.0,1.0,0.0,0.0,0.0,0.0,0.0,0.0,0.0,0.0,0.0
fairness/compas-scores-two-years_processed.csv,tpe,0.5,0.0,0.0,0.6274259673534139,0.2236067977499789,0.4001970482688378,0.5,0.5,0.0,0.0,0.3570473388606579,0.0,0.0,0.2776622296173044,0.5,0.0,0.0
fairness/compas-scores-two-years_processed.csv,nsga-ii,0.5,0.0,0.0,0.6274259673534139,0.2236067977499789,0.4001970482688378,0.5,0.5,0.0,0.0,0.3570473388606579,0.0,0.0,0.2776622296173044,0.5,0.0,0.0
fairness/compas-scores-two-years_processed.csv,nsga-iii,0.5,0.0,0.0,0.6274259673534139,0.2236067977499789,0.4001970482688378,0.5,0.5,0.0,0.0,0.3570473388606579,0.0,0.0,0.2776622296173044,0.5,0.0,0.0
fairness/compas-scores-two-years_processed.csv,moead,0.5553244592346089,0.0,0.0,0.345403577868435,0.0,0.1846259783642254,0.0,0.0,0.0,0.0,0.7140946777213159,0.0,0.0,0.5553244592346089,1.0,0.0,0.0
fairness/compas-scores-two-years_processed.csv,default,0.6411642411642412,0.0423265701723498,0.0263659042463194,0.3374549622289007,0.1640401059924159,0.2275011726612894,0.1058564352190805,0.0190636442125297,0.0015342203044468,0.0221856807542866,0.6699808795411091,0.3288981288981289,0.3775467775467775,0.6790697674418604,0.6611320754716982,0.0609743124480451,0.0103866940440464
fairness/compas-scores-two-years_processed.csv,random,0.5,0.0,0.0,0.6288813652020998,0.2236067977499789,0.4010125760376316,0.5,0.5,0.0,0.0,0.3552278820375335,0.0,0.0,0.2754677754677754,0.5,0.0,0.0
fairness/compas-scores-two-years_processed.csv,tpe,0.5,0.0,0.0,0.6288813652020998,0.2236067977499789,0.4010125760376316,0.5,0.5,0.0,0.0,0.3552278820375335,0.0,0.0,0.2754677754677754,0.5,0.0,0.0
fairness/compas-scores-two-years_processed.csv,nsga-ii,0.4490644490644491,0.0,0.0,0.9087807740710434,0.4472135954999579,0.6154864499660098,1.0,1.0,0.0,0.0,0.0,0.0,0.0,0.0,0.0,0.0,0.0
fairness/compas-scores-two-years_processed.csv,nsga-iii,0.5509355509355509,0.0,0.0,0.3489819563331561,0.0,0.1865387021092535,0.0,0.0,0.0,0.0,0.710455764075067,0.0,0.0,0.5509355509355509,1.0,0.0,0.0
fairness/compas-scores-two-years_processed.csv,moead,0.5509355509355509,0.0,0.0,0.3489819563331561,0.0,0.1865387021092535,0.0,0.0,0.0,0.0,0.710455764075067,0.0,0.0,0.5509355509355509,1.0,0.0,0.0
fairness/compas-scores-two-years_processed.csv,default,0.6274428274428274,0.0425354439860718,0.0879965292013482,0.3481667385321865,0.1715739215395264,0.2359262016583448,0.1028092079594225,0.1689361399660848,0.0353327727428446,0.0489465865015504,0.6603487490523124,0.3305613305613306,0.3422037422037422,0.6490312965722802,0.6720679012345679,0.0616590616590616,0.1090600397249408
fairness/compas-scores-two-years_processed.csv,random,0.5,0.0,0.0,0.6329045025400778,0.2236067977499789,0.4032650950436817,0.5,0.5,0.0,0.0,0.3501756282085922,0.0,0.0,0.2694386694386694,0.5,0.0,0.0
fairness/compas-scores-two-years_processed.csv,tpe,0.4611226611226611,0.0,0.0,0.9069714419919078,0.4472135954999579,0.6147234445757773,1.0,1.0,0.0,0.0,0.0,0.0,0.0,0.0,0.0,0.0,0.0
fairness/compas-scores-two-years_processed.csv,nsga-ii,0.5,0.0,0.0,0.6329045025400778,0.2236067977499789,0.4032650950436817,0.5,0.5,0.0,0.0,0.3501756282085922,0.0,0.0,0.2694386694386694,0.5,0.0,0.0
fairness/compas-scores-two-years_processed.csv,nsga-iii,0.4611226611226611,0.0,0.0,0.9069714419919078,0.4472135954999579,0.6147234445757773,1.0,1.0,0.0,0.0,0.0,0.0,0.0,0.0,0.0,0.0,0.0
fairness/compas-scores-two-years_processed.csv,moead,0.4611226611226611,0.0,0.0,0.9069714419919078,0.4472135954999579,0.6147234445757773,1.0,1.0,0.0,0.0,0.0,0.0,0.0,0.0,0.0,0.0,0.0
fairness/compas-scores-two-years_processed.csv,default,0.6405990016638935,0.0314325026519504,0.0160384421009598,0.3350528121087767,0.1391218271266683,0.2142412484358,0.0203210126856616,0.0700547076907885,0.0450992720910132,0.0063741721854304,0.6734693877551019,0.3003327787021631,0.3049084858569051,0.683282208588957,0.6639344262295082,0.010878434335917,0.0402630214728111
fairness/compas-scores-two-years_processed.csv,random,0.4417637271214642,0.0,0.0,0.9098939136456128,0.4472135954999579,0.6159561519851717,1.0,1.0,0.0,0.0,0.0,0.0,0.0,0.0,0.0,0.0,0.0
fairness/compas-scores-two-years_processed.csv,tpe,0.5,0.0,0.0,0.6264629898669757,0.2236067977499789,0.3996572519911401,0.5,0.5,0.0,0.0,0.3582487987186332,0.0,0.0,0.2791181364392678,0.5,0.0,0.0
fairness/compas-scores-two-years_processed.csv,nsga-ii,0.5,0.0,0.0,0.6264629898669757,0.2236067977499789,0.3996572519911401,0.5,0.5,0.0,0.0,0.3582487987186332,0.0,0.0,0.2791181364392678,0.5,0.0,0.0
fairness/compas-scores-two-years_processed.csv,nsga-iii,0.5582362728785357,0.0,0.0,0.3430320660883386,0.0,0.1833583519971084,0.0,0.0,0.0,0.0,0.7164975974372664,0.0,0.0,0.5582362728785357,1.0,0.0,0.0
fairness/compas-scores-two-years_processed.csv,moead,0.5582362728785357,0.0,0.0,0.3430320660883386,0.0,0.1833583519971084,0.0,0.0,0.0,0.0,0.7164975974372664,0.0,0.0,0.5582362728785357,1.0,0.0,0.0
fairness/compas-scores-two-years_processed.csv,default,0.6266112266112266,0.0059605094990561,0.0169218777090084,0.3445072793054327,0.1507090973385513,0.2239058128167376,0.0558089681183714,0.080804430908531,0.0074291629667265,0.021782351909245,0.6656738644825019,0.3172557172557173,0.3355509355509355,0.6646840148698885,0.6666666666666666,0.0324210191202082,0.0483739530326856
fairness/compas-scores-two-years_processed.csv,random,0.5,0.0,0.0,0.626677085474704,0.2236067977499789,0.3997772765490818,0.5,0.5,0.0,0.0,0.3579818473037907,0.0,0.0,0.2787941787941788,0.5,0.0,0.0
fairness/compas-scores-two-years_processed.csv,tpe,0.5,0.0,0.0,0.626677085474704,0.2236067977499789,0.3997772765490818,0.5,0.5,0.0,0.0,0.3579818473037907,0.0,0.0,0.2787941787941788,0.5,0.0,0.0
fairness/compas-scores-two-years_processed.csv,nsga-ii,0.4424116424116424,0.0,0.0,0.9097945889757316,0.4472135954999579,0.6159142319997672,1.0,1.0,0.0,0.0,0.0,0.0,0.0,0.0,0.0,0.0,0.0
fairness/compas-scores-two-years_processed.csv,nsga-iii,0.5575883575883576,0.0,0.0,0.3435595819736765,0.0,0.1836403210983963,0.0,0.0,0.0,0.0,0.7159636946075814,0.0,0.0,0.5575883575883576,1.0,0.0,0.0
fairness/compas-scores-two-years_processed.csv,moead,0.4424116424116424,0.0,0.0,0.9097945889757316,0.4472135954999579,0.6159142319997672,1.0,1.0,0.0,0.0,0.0,0.0,0.0,0.0,0.0,0.0,0.0
fairness/compas-scores-two-years_processed.csv,default,0.6212058212058212,0.0648944035815878,0.0206379829468647,0.3612053640266731,0.1656412426854409,0.238484421891712,0.1475577994149938,0.0260739585635244,0.0401036946800765,0.0147268205945843,0.6448343079922028,0.3575883575883576,0.3318087318087318,0.6584394904458599,0.6317799847211611,0.0854090710899594,0.0139098655835648
fairness/compas-scores-two-years_processed.csv,random,0.5442827442827443,0.0,0.0,0.3544150892103642,0.0,0.1894428337897293,0.0,0.0,0.0,0.0,0.7049003769520732,0.0,0.0,0.5442827442827443,1.0,0.0,0.0
fairness/compas-scores-two-years_processed.csv,tpe,0.5,0.0,0.0,0.6310965526321966,0.2236067977499789,0.402253172099683,0.5,0.5,0.0,0.0,0.3524501884760366,0.0,0.0,0.2721413721413721,0.5,0.0,0.0
fairness/compas-scores-two-years_processed.csv,nsga-ii,0.5,0.0,0.0,0.6310965526321966,0.2236067977499789,0.402253172099683,0.5,0.5,0.0,0.0,0.3524501884760366,0.0,0.0,0.2721413721413721,0.5,0.0,0.0
fairness/compas-scores-two-years_processed.csv,nsga-iii,0.5,0.0,0.0,0.6310965526321966,0.2236067977499789,0.402253172099683,0.5,0.5,0.0,0.0,0.3524501884760366,0.0,0.0,0.2721413721413721,0.5,0.0,0.0
fairness/compas-scores-two-years_processed.csv,moead,0.4557172557172557,0.0,0.0,0.907778016054029,0.4472135954999579,0.6150635104096368,1.0,1.0,0.0,0.0,0.0,0.0,0.0,0.0,0.0,0.0,0.0
fairness/compas-scores-two-years_processed.csv,default,0.6360232945091514,0.0547727909999606,0.0569577284055569,0.3297025869125354,0.1598702017385662,0.2220682001590905,0.097976515364897,0.1135333729644392,0.0204172876304024,0.0345475485357025,0.6826260428001452,0.3173876871880199,0.3390183028286189,0.6516620498614959,0.7166793602437167,0.0628441080802061,0.0749880920197222
fairness/compas-scores-two-years_processed.csv,random,0.5461730449251248,0.0,0.0,0.3528702363882841,0.0,0.1886170752221271,0.0,0.0,0.0,0.0,0.7064837234328759,0.0,0.0,0.5461730449251248,1.0,0.0,0.0
fairness/compas-scores-two-years_processed.csv,tpe,0.4538269550748752,0.0,0.0,0.9080618088823555,0.4472135954999579,0.6151831896158355,1.0,1.0,0.0,0.0,0.0,0.0,0.0,0.0,0.0,0.0,0.0
fairness/compas-scores-two-years_processed.csv,nsga-ii,0.5153910149750416,0.0,0.0,0.5379340938863079,0.1490711984999859,0.3308057800200299,0.3333333333333333,0.3333333333333333,0.0,0.0,0.4709891489552506,0.0,0.0,0.3641153632834165,0.6666666666666666,0.0,0.0
fairness/compas-scores-two-years_processed.csv,nsga-iii,0.5461730449251248,0.0,0.0,0.3528702363882841,0.0,0.1886170752221271,0.0,0.0,0.0,0.0,0.7064837234328759,0.0,0.0,0.5461730449251248,1.0,0.0,0.0
fairness/compas-scores-two-years_processed.csv,moead,0.5,0.0,0.0,0.6304660226353198,0.2236067977499789,0.4019001324189813,0.5,0.5,0.0,0.0,0.3532418617164379,0.0,0.0,0.2730865224625624,0.5,0.0,0.0
fairness/compas-scores-two-years_processed.csv,default,0.6237006237006237,0.0470733396446228,0.0327020251536733,0.3472804918555533,0.1606132838541525,0.2299660269316016,0.0977303444097498,0.1023874736763144,0.002639767138412,0.0612446836212133,0.6629422718808193,0.3496881496881497,0.3176715176715177,0.6453952139231327,0.6814701378254211,0.0599108622364437,0.0640495631293536
fairness/compas-scores-two-years_processed.csv,random,0.5430353430353431,0.0,0.0,0.3554350147769978,0.0,0.1899880069369227,0.0,0.0,0.0,0.0,0.7038534087846943,0.0,0.0,0.5430353430353431,1.0,0.0,0.0
fairness/compas-scores-two-years_processed.csv,tpe,0.5,0.0,0.0,0.6315131238135527,0.2236067977499789,0.4024863780482894,0.5,0.5,0.0,0.0,0.3519267043923471,0.0,0.0,0.2715176715176715,0.5,0.0,0.0
fairness/compas-scores-two-years_processed.csv,nsga-ii,0.456964656964657,0.0,0.0,0.9075912328501076,0.4472135954999579,0.6149847491596562,1.0,1.0,0.0,0.0,0.0,0.0,0.0,0.0,0.0,0.0,0.0
fairness/compas-scores-two-years_processed.csv,nsga-iii,0.5,0.0,0.0,0.6315131238135527,0.2236067977499789,0.4024863780482894,0.5,0.5,0.0,0.0,0.3519267043923471,0.0,0.0,0.2715176715176715,0.5,0.0,0.0
fairness/compas-scores-two-years_processed.csv,moead,0.5,0.0,0.0,0.6315131238135527,0.2236067977499789,0.4024863780482894,0.5,0.5,0.0,0.0,0.3519267043923471,0.0,0.0,0.2715176715176715,0.5,0.0,0.0
fairness/compas-scores-two-years_processed.csv,default,0.6241164241164241,0.0486351489188086,0.0045487453642835,0.3434001621029888,0.1518123708451675,0.2239522660788204,0.1070668369518943,0.0266770941953424,0.0268182854537163,0.0617586963022027,0.6681350954478708,0.3384615384615385,0.3035343035343035,0.6537356321839081,0.6831831831831832,0.066613693550523,0.0157761871216809
fairness/compas-scores-two-years_processed.csv,random,0.5538461538461539,0.0,0.0,0.3466083548584993,0.0,0.1852699587534096,0.0,0.0,0.0,0.0,0.712871287128713,0.0,0.0,0.5538461538461539,1.0,0.0,0.0
fairness/compas-scores-two-years_processed.csv,tpe,0.5538461538461539,0.0,0.0,0.3466083548584993,0.0,0.1852699587534096,0.0,0.0,0.0,0.0,0.712871287128713,0.0,0.0,0.5538461538461539,1.0,0.0,0.0
fairness/compas-scores-two-years_processed.csv,nsga-ii,0.517948717948718,0.0,0.0,0.5341465564882653,0.1490711984999859,0.3287376422844653,0.3333333333333333,0.3333333333333333,0.0,0.0,0.4752475247524753,0.0,0.0,0.3692307692307692,0.6666666666666666,0.0,0.0
fairness/compas-scores-two-years_processed.csv,nsga-iii,0.5,0.0,0.0,0.6279156573031482,0.2236067977499789,0.4004714840499931,0.5,0.5,0.0,0.0,0.3564356435643565,0.0,0.0,0.2769230769230769,0.5,0.0,0.0
fairness/compas-scores-two-years_processed.csv,moead,0.482051282051282,0.0,0.0,0.7216847581180312,0.2981423969999719,0.472205325815521,0.6666666666666666,0.6666666666666666,0.0,0.0,0.2376237623762376,0.0,0.0,0.1846153846153846,0.3333333333333333,0.0,0.0
fairness/compas-scores-two-years_processed.csv,default,0.6239600665557404,0.063210493033092,0.0102738102626392,0.3509403183384428,0.1622682498273494,0.2323707439727454,0.12866890205864,0.0140198571060761,0.02683235480216,0.054959349593496,0.6578349735049205,0.3236272878535773,0.3577371048252912,0.659832953682612,0.6558490566037736,0.0771049600351401,0.0077685788293409
fairness/compas-scores-two-years_processed.csv,random,0.5,0.0,0.0,0.628805251870767,0.2236067977499789,0.4009699349267966,0.5,0.5,0.0,0.0,0.3553231429337624,0.0,0.0,0.2755823627287853,0.5,0.0,0.0
fairness/compas-scores-two-years_processed.csv,tpe,0.5,0.0,0.0,0.628805251870767,0.2236067977499789,0.4009699349267966,0.5,0.5,0.0,0.0,0.3553231429337624,0.0,0.0,0.2755823627287853,0.5,0.0,0.0
fairness/compas-scores-two-years_processed.csv,nsga-ii,0.5511647254575707,0.0,0.0,0.3487949896534546,0.0,0.1864387642152269,0.0,0.0,0.0,0.0,0.7106462858675248,0.0,0.0,0.5511647254575707,1.0,0.0,0.0
fairness/compas-scores-two-years_processed.csv,nsga-iii,0.5,0.0,0.0,0.628805251870767,0.2236067977499789,0.4009699349267966,0.5,0.5,0.0,0.0,0.3553231429337624,0.0,0.0,0.2755823627287853,0.5,0.0,0.0
fairness/compas-scores-two-years_processed.csv,moead,0.4488352745424293,0.0,0.0,0.9088155140880791,0.4472135954999579,0.6155011056383664,1.0,1.0,0.0,0.0,0.0,0.0,0.0,0.0,0.0,0.0,0.0
fairness/adult_processed.csv,default,0.768318899330508,0.0225226732343604,0.0543766562308419,0.3682407531599733,0.1617506409702901,0.2396482105823174,0.2356351949010853,0.3423211562418498,0.0136936122065147,0.0820802840396707,0.5936220642102995,0.1765247834899576,0.1549659111848166,0.5059687786960514,0.7180088610893928,0.0815985918531424,0.1292379079545575
fairness/adult_processed.csv,random,0.2356734844297033,0.0,0.0,0.622694714501284,0.0,0.3328443254598314,0.0,0.0,0.0,0.0,0.3814494482552938,0.0,0.0,0.2356734844297033,1.0,0.0,0.0
fairness/adult_processed.csv,tpe,0.7643265155702966,0.0,0.0,0.8740054335161821,0.4472135954999579,0.6009244064215469,1.0,1.0,0.0,0.0,0.0,0.0,0.0,0.0,0.0,0.0,0.0
fairness/adult_processed.csv,nsga-ii,0.2356734844297033,0.0,0.0,0.622694714501284,0.0,0.3328443254598314,0.0,0.0,0.0,0.0,0.3814494482552938,0.0,0.0,0.2356734844297033,1.0,0.0,0.0
fairness/adult_processed.csv,nsga-iii,0.5,0.0,0.0,0.748350074008733,0.2236067977499789,0.4668843659406891,0.5,0.5,0.0,0.0,0.1907247241276469,0.0,0.0,0.1178367422148516,0.5,0.0,0.0
fairness/adult_processed.csv,moead,0.5,0.0,0.0,0.748350074008733,0.2236067977499789,0.4668843659406891,0.5,0.5,0.0,0.0,0.1907247241276469,0.0,0.0,0.1178367422148516,0.5,0.0,0.0
fairness/adult_processed.csv,default,0.769670167680118,0.0793413188105385,0.0488188181531673,0.3670374489059716,0.1779807179880173,0.2472184279066528,0.3256493769574669,0.3126956821943971,0.1068695288773192,0.0892901207942205,0.5952946255126268,0.1625821509735274,0.1804557459615502,0.5144562581607909,0.7062740076824584,0.1125421415517831,0.1149353902779369
fairness/adult_processed.csv,random,0.2398501320557705,0.0,0.0,0.6187780357698861,0.0,0.3307507726159806,0.0,0.0,0.0,0.0,0.3869018131378183,0.0,0.0,0.2398501320557705,1.0,0.0,0.0
fairness/adult_processed.csv,tpe,0.7601498679442295,0.0,0.0,0.8742894380362791,0.4472135954999579,0.6010424328880123,1.0,1.0,0.0,0.0,0.0,0.0,0.0,0.0,0.0,0.0,0.0
fairness/adult_processed.csv,nsga-ii,0.7601498679442295,0.0,0.0,0.8742894380362791,0.4472135954999579,0.6010424328880123,1.0,1.0,0.0,0.0,0.0,0.0,0.0,0.0,0.0,0.0,0.0
fairness/adult_processed.csv,nsga-iii,0.2398501320557705,0.0,0.0,0.6187780357698861,0.0,0.3307507726159806,0.0,0.0,0.0,0.0,0.3869018131378183,0.0,0.0,0.2398501320557705,1.0,0.0,0.0
fairness/adult_processed.csv,moead,0.2398501320557705,0.0,0.0,0.6187780357698861,0.0,0.3307507726159806,0.0,0.0,0.0,0.0,0.3869018131378183,0.0,0.0,0.2398501320557705,1.0,0.0,0.0
fairness/adult_processed.csv,default,0.7767813267813268,0.0302803449753552,0.1042194963784747,0.3523299260450763,0.1955951570340857,0.2505879032680095,0.2013869006162573,0.4554661650786831,0.0443169053636618,0.1401241922424488,0.6123319820780884,0.1601351351351351,0.1971744471744471,0.5286424755940321,0.7275031685678074,0.0691729655761262,0.1785643859252716
fairness/adult_processed.csv,random,0.2423218673218673,0.0,0.0,0.6164650425487455,0.0,0.3295144257343464,0.0,0.0,0.0,0.0,0.3901112484548826,0.0,0.0,0.2423218673218673,1.0,0.0,0.0
fairness/adult_processed.csv,tpe,0.5,0.0,0.0,0.745462429859544,0.2236067977499789,0.4653138359904316,0.5,0.5,0.0,0.0,0.1950556242274413,0.0,0.0,0.1211609336609336,0.5,0.0,0.0
fairness/adult_processed.csv,nsga-ii,0.2423218673218673,0.0,0.0,0.6164650425487455,0.0,0.3295144257343464,0.0,0.0,0.0,0.0,0.3901112484548826,0.0,0.0,0.2423218673218673,1.0,0.0,0.0
fairness/adult_processed.csv,nsga-iii,0.5,0.0,0.0,0.745462429859544,0.2236067977499789,0.4653138359904316,0.5,0.5,0.0,0.0,0.1950556242274413,0.0,0.0,0.1211609336609336,0.5,0.0,0.0
fairness/adult_processed.csv,moead,0.5,0.0,0.0,0.745462429859544,0.2236067977499789,0.4653138359904316,0.5,0.5,0.0,0.0,0.1950556242274413,0.0,0.0,0.1211609336609336,0.5,0.0,0.0
fairness/adult_processed.csv,default,0.7805417357656164,0.0377982931056195,0.1061111686962072,0.3531838978508658,0.2004434990624357,0.2536492834560083,0.2580920306575494,0.454111166756792,0.0472569828178361,0.1495881538176551,0.6105722070844686,0.1386278484122597,0.1857379767827529,0.5284905660377358,0.7228387096774194,0.0873648225530784,0.1740703801222017
fairness/adult_processed.csv,random,0.5978338758880495,0.0047150822546324,0.0055218578747336,0.4663161845690581,0.0757140404069606,0.2633062113171267,0.1480643457773083,0.1749479546401037,0.0053989519003441,0.0057156419453706,0.5071761297896229,0.0,0.0,0.4318765344479764,0.7433978494623656,0.0424670318271161,0.0530663719418529
fairness/adult_processed.csv,tpe,0.7619925066027885,0.0,0.0,0.8741635383200937,0.4472135954999579,0.6009901096710104,1.0,1.0,0.0,0.0,0.0,0.0,0.0,0.0,0.0,0.0,0.0
fairness/adult_processed.csv,nsga-ii,0.7619925066027885,0.0,0.0,0.8741635383200937,0.4472135954999579,0.6009901096710104,1.0,1.0,0.0,0.0,0.0,0.0,0.0,0.0,0.0,0.0,0.0
fairness/adult_processed.csv,nsga-iii,0.5,0.0,0.0,0.7473341171480532,0.2236067977499789,0.4663319104945457,0.5,0.5,0.0,0.0,0.1922504465171661,0.0,0.0,0.1190037466986057,0.5,0.0,0.0
fairness/adult_processed.csv,moead,0.7619925066027885,0.0,0.0,0.8741635383200937,0.4472135954999579,0.6009901096710104,1.0,1.0,0.0,0.0,0.0,0.0,0.0,0.0,0.0,0.0,0.0
fairness/adult_processed.csv,default,0.7719427553590075,0.081704207454247,0.0683426940176601,0.3555935350223391,0.1980240808940685,0.253253460664289,0.3302390480914764,0.4006060367152673,0.1003270868824531,0.0785326554839644,0.6087872721525656,0.1718567655549413,0.1613537252011547,0.5164461923489453,0.7413394919168591,0.1192378052734751,0.1588260375744352
fairness/adult_processed.csv,random,0.7606412382531785,0.0,0.0,0.8742557716173471,0.4472135954999579,0.6010284410209465,1.0,1.0,0.0,0.0,0.0,0.0,0.0,0.0,0.0,0.0,0.0
fairness/adult_processed.csv,tpe,0.7606412382531785,0.0,0.0,0.8742557716173471,0.4472135954999579,0.6010284410209465,1.0,1.0,0.0,0.0,0.0,0.0,0.0,0.0,0.0,0.0,0.0
fairness/adult_processed.csv,nsga-ii,0.7606412382531785,0.0,0.0,0.8742557716173471,0.4472135954999579,0.6010284410209465,1.0,1.0,0.0,0.0,0.0,0.0,0.0,0.0,0.0,0.0,0.0
fairness/adult_processed.csv,nsga-iii,0.5,0.0,0.0,0.7467470261450087,0.2236067977499789,0.4660126124427655,0.5,0.5,0.0,0.0,0.1931311329170383,0.0,0.0,0.1196793808734107,0.5,0.0,0.0
fairness/adult_processed.csv,moead,0.2393587617468214,0.0,0.0,0.6192382806726703,0.0,0.3309967838645845,0.0,0.0,0.0,0.0,0.3862622658340767,0.0,0.0,0.2393587617468214,1.0,0.0,0.0
fairness/adult_processed.csv,default,0.7708230958230958,0.0261919746938546,0.0461780730317537,0.3621963875351759,0.1471944109767952,0.2301252514241169,0.1851570048309179,0.3288495713845256,0.0457272344551322,0.0747852682553842,0.6010052400812746,0.1404791154791154,0.1574938574938575,0.5169242089771892,0.7177522349936143,0.0634688011989149,0.1231566203838134
fairness/adult_processed.csv,random,0.5865069615069615,0.0,0.0,0.7889514559937075,0.2981423969999719,0.5108522482799083,0.6666666666666666,0.6666666666666666,0.0,0.0,0.129239910869027,0.0,0.0,0.0801597051597051,0.3333333333333333,0.0,0.0
fairness/adult_processed.csv,tpe,0.5,0.0,0.0,0.7462608680290601,0.2236067977499789,0.4657481800638715,0.5,0.5,0.0,0.0,0.1938598663035405,0.0,0.0,0.1202395577395577,0.5,0.0,0.0
fairness/adult_processed.csv,nsga-ii,0.5,0.0,0.0,0.7462608680290601,0.2236067977499789,0.4657481800638715,0.5,0.5,0.0,0.0,0.1938598663035405,0.0,0.0,0.1202395577395577,0.5,0.0,0.0
fairness/adult_processed.csv,nsga-iii,0.7595208845208845,0.0,0.0,0.8743326319230024,0.4472135954999579,0.6010603847119818,1.0,1.0,0.0,0.0,0.0,0.0,0.0,0.0,0.0,0.0,0.0
fairness/adult_processed.csv,moead,0.7595208845208845,0.0,0.0,0.8743326319230024,0.4472135954999579,0.6010603847119818,1.0,1.0,0.0,0.0,0.0,0.0,0.0,0.0,0.0,0.0,0.0
fairness/adult_processed.csv,default,0.7713899637614398,0.0393706245587973,0.0959922358555907,0.3580142994221757,0.1862593991696765,0.2477934900784312,0.2237165864431179,0.4193379432485578,0.0507973975948892,0.1347474013839638,0.6060541913632514,0.1534918002579694,0.1807014311160248,0.5190355329949239,0.7281281790437436,0.0783176598447278,0.1648757929187345
fairness/adult_processed.csv,random,0.7584914931515263,0.0,0.0,0.8744035622754774,0.4472135954999579,0.6010898648574092,1.0,1.0,0.0,0.0,0.0,0.0,0.0,0.0,0.0,0.0,0.0
fairness/adult_processed.csv,tpe,0.7584914931515263,0.0,0.0,0.8744035622754774,0.4472135954999579,0.6010898648574092,1.0,1.0,0.0,0.0,0.0,0.0,0.0,0.0,0.0,0.0,0.0
fairness/adult_processed.csv,nsga-ii,0.7584914931515263,0.0,0.0,0.8744035622754774,0.4472135954999579,0.6010898648574092,1.0,1.0,0.0,0.0,0.0,0.0,0.0,0.0,0.0,0.0,0.0
fairness/adult_processed.csv,nsga-iii,0.5,0.0,0.0,0.7458146648806356,0.2236067977499789,0.4655054575873071,0.5,0.5,0.0,0.0,0.1945282738831445,0.0,0.0,0.1207542534242368,0.5,0.0,0.0
fairness/adult_processed.csv,moead,0.5,0.0,0.0,0.7458146648806356,0.2236067977499789,0.4655054575873071,0.5,0.5,0.0,0.0,0.1945282738831445,0.0,0.0,0.1207542534242368,0.5,0.0,0.0
fairness/adult_processed.csv,default,0.7640194091272035,0.0511927321533413,0.100129255660036,0.3598033669906755,0.1944561150126066,0.252977364635267,0.2447667104437734,0.392636541459723,0.0797184143510317,0.1535588792055495,0.604732510288066,0.1951968552300227,0.221915115779129,0.5063749138525155,0.7505107252298263,0.0904480976083672,0.161079801742027
fairness/adult_processed.csv,random,0.7594742337694245,0.0,0.0,0.8743358399695172,0.4472135954999579,0.6010617180231284,1.0,1.0,0.0,0.0,0.0,0.0,0.0,0.0,0.0,0.0,0.0
fairness/adult_processed.csv,tpe,0.5,0.0,0.0,0.7462406366443132,0.2236067977499789,0.465737175202923,0.5,0.5,0.0,0.0,0.1938901817101549,0.0,0.0,0.1202628831152877,0.5,0.0,0.0
fairness/adult_processed.csv,nsga-ii,0.7594742337694245,0.0,0.0,0.8743358399695172,0.4472135954999579,0.6010617180231284,1.0,1.0,0.0,0.0,0.0,0.0,0.0,0.0,0.0,0.0,0.0
fairness/adult_processed.csv,nsga-iii,0.5,0.0,0.0,0.7462406366443132,0.2236067977499789,0.465737175202923,0.5,0.5,0.0,0.0,0.1938901817101549,0.0,0.0,0.1202628831152877,0.5,0.0,0.0
fairness/adult_processed.csv,moead,0.5,0.0,0.0,0.7462406366443132,0.2236067977499789,0.465737175202923,0.5,0.5,0.0,0.0,0.1938901817101549,0.0,0.0,0.1202628831152877,0.5,0.0,0.0
fairness/adult_processed.csv,default,0.7748771498771498,0.0562996159882426,0.0691859836213065,0.3580545675558219,0.1914022624989651,0.2505936600337535,0.3253290716247472,0.3956153081593693,0.0463045116195349,0.0907960479356849,0.6051922869761931,0.1417076167076167,0.1713144963144963,0.5159808963997061,0.7317009637926544,0.1142434102214035,0.1522239952713842
fairness/adult_processed.csv,random,0.2358108108108108,0.0,0.0,0.6225657694976995,0.0,0.3327754014562386,0.0,0.0,0.0,0.0,0.3816293056314926,0.0,0.0,0.2358108108108108,1.0,0.0,0.0
fairness/adult_processed.csv,tpe,0.7641891891891892,0.0,0.0,0.8740146935972032,0.4472135954999579,0.6009282544824923,1.0,1.0,0.0,0.0,0.0,0.0,0.0,0.0,0.0,0.0,0.0
fairness/adult_processed.csv,nsga-ii,0.7641891891891892,0.0,0.0,0.8740146935972032,0.4472135954999579,0.6009282544824923,1.0,1.0,0.0,0.0,0.0,0.0,0.0,0.0,0.0,0.0,0.0
fairness/adult_processed.csv,nsga-iii,0.5,0.0,0.0,0.7482902315474513,0.2236067977499789,0.4668518279693654,0.5,0.5,0.0,0.0,0.1908146528157463,0.0,0.0,0.1179054054054054,0.5,0.0,0.0
fairness/adult_processed.csv,moead,0.7651412776412776,0.0104052037044014,0.0156364422804413,0.642333126503535,0.2752270440135798,0.4185685608972583,0.6205046447882376,0.5964449352355625,0.0046222476381019,0.0206732033509898,0.2722488038277512,0.0,0.0,0.2517142225171422,0.2964313623339411,0.0346913882735701,0.0286094000868621
fairness/adult_processed.csv,default,0.7700386954118298,0.0219129109599223,0.0899956799926133,0.3643748023395012,0.1735324761632743,0.2438106978130744,0.1653976161756263,0.3954842238576171,0.048319634259034,0.1380496104500819,0.5983694486161768,0.1554572814937657,0.1924328972421841,0.5137226008473015,0.7164140765476497,0.0564876416118262,0.1516935727939608
fairness/adult_processed.csv,random,0.2391130765923469,0.0,0.0,0.619468457012128,0.0,0.3311198182932692,0.0,0.0,0.0,0.0,0.3859423019728363,0.0,0.0,0.2391130765923469,1.0,0.0,0.0
fairness/adult_processed.csv,tpe,0.5,0.0,0.0,0.7468537104127174,0.2236067977499789,0.4660706370094996,0.5,0.5,0.0,0.0,0.1929711509864181,0.0,0.0,0.1195565382961734,0.5,0.0,0.0
fairness/adult_processed.csv,nsga-ii,0.5,0.0,0.0,0.7468537104127174,0.2236067977499789,0.4660706370094996,0.5,0.5,0.0,0.0,0.1929711509864181,0.0,0.0,0.1195565382961734,0.5,0.0,0.0
fairness/adult_processed.csv,nsga-iii,0.5,0.0,0.0,0.7468537104127174,0.2236067977499789,0.4660706370094996,0.5,0.5,0.0,0.0,0.1929711509864181,0.0,0.0,0.1195565382961734,0.5,0.0,0.0
fairness/adult_processed.csv,moead,0.5,0.0,0.0,0.7468537104127174,0.2236067977499789,0.4660706370094996,0.5,0.5,0.0,0.0,0.1929711509864181,0.0,0.0,0.1195565382961734,0.5,0.0,0.0
fairness/adult_processed.csv,default,0.7726183895338125,0.0651470791184683,0.1233640244397793,0.3605403260754904,0.2168799210204123,0.2659653989746849,0.2956441851322554,0.4496936682498578,0.0783887241568773,0.1830615316227232,0.6024484536082474,0.1811928014249739,0.2154044591855537,0.512703344909523,0.7302785732882062,0.1039430805448374,0.1777242379492071
fairness/adult_processed.csv,random,0.5880269434719407,0.0,0.0,0.7901693467804373,0.2981423969999719,0.5115278684511587,0.6666666666666666,0.6666666666666666,0.0,0.0,0.1272570652353974,0.0,0.0,0.0786397231947259,0.3333333333333333,0.0,0.0
fairness/adult_processed.csv,tpe,0.2359191695841778,0.0,0.0,0.6224640321489299,0.0,0.3327210205558765,0.0,0.0,0.0,0.0,0.3817711957061923,0.0,0.0,0.2359191695841778,1.0,0.0,0.0
fairness/adult_processed.csv,nsga-ii,0.7640808304158221,0.0,0.0,0.8740220040961909,0.4472135954999579,0.6009312923987999,1.0,1.0,0.0,0.0,0.0,0.0,0.0,0.0,0.0,0.0,0.0
fairness/adult_processed.csv,nsga-iii,0.2359191695841778,0.0,0.0,0.6224640321489299,0.0,0.3327210205558765,0.0,0.0,0.0,0.0,0.3817711957061923,0.0,0.0,0.2359191695841778,1.0,0.0,0.0
fairness/adult_processed.csv,moead,0.7640808304158221,0.0,0.0,0.8740220040961909,0.4472135954999579,0.6009312923987999,1.0,1.0,0.0,0.0,0.0,0.0,0.0,0.0,0.0,0.0,0.0
fairness/adult_processed.csv,default,0.7597665847665848,0.0231624837345893,0.0609644015611168,0.3634524499752437,0.159961804851666,0.2366837135573327,0.1853763642858463,0.3441649469083881,0.0368367630149478,0.0857838850475535,0.6009590858075707,0.1855036855036855,0.1775798525798526,0.5035909712722298,0.7450037945863901,0.0683957920232357,0.1395374369113277
fairness/adult_processed.csv,random,0.5,0.0,0.0,0.745249762796817,0.2236067977499789,0.4651981351157684,0.5,0.5,0.0,0.0,0.1953738941333465,0.0,0.0,0.1214066339066339,0.5,0.0,0.0
fairness/adult_processed.csv,tpe,0.2428132678132678,0.0,0.0,0.6160056315288787,0.0,0.3292688602149107,0.0,0.0,0.0,0.0,0.390747788266693,0.0,0.0,0.2428132678132678,1.0,0.0,0.0
fairness/adult_processed.csv,nsga-ii,0.5,0.0,0.0,0.745249762796817,0.2236067977499789,0.4651981351157684,0.5,0.5,0.0,0.0,0.1953738941333465,0.0,0.0,0.1214066339066339,0.5,0.0,0.0
fairness/adult_processed.csv,nsga-iii,0.5,0.0,0.0,0.745249762796817,0.2236067977499789,0.4651981351157684,0.5,0.5,0.0,0.0,0.1953738941333465,0.0,0.0,0.1214066339066339,0.5,0.0,0.0
fairness/adult_processed.csv,moead,0.2428132678132678,0.0,0.0,0.6160056315288787,0.0,0.3292688602149107,0.0,0.0,0.0,0.0,0.390747788266693,0.0,0.0,0.2428132678132678,1.0,0.0,0.0
fairness/adult_processed.csv,default,0.7739696578834224,0.0456511986321423,0.0825645882842694,0.3559905390075539,0.1805742498502069,0.243924410501814,0.2556215016167336,0.39577136945558,0.0580867291348877,0.124265867892372,0.6081771720613288,0.1377679503715988,0.1617836742214851,0.5226939970717424,0.7270875763747454,0.0889745412413102,0.1526624267365008
fairness/adult_processed.csv,random,0.5,0.0,0.0,0.7459211183198342,0.2236067977499789,0.4655633673459838,0.5,0.5,0.0,0.0,0.1943688455638577,0.0,0.0,0.1206314108469995,0.5,0.0,0.0
fairness/adult_processed.csv,tpe,0.5,0.0,0.0,0.7459211183198342,0.2236067977499789,0.4655633673459838,0.5,0.5,0.0,0.0,0.1943688455638577,0.0,0.0,0.1206314108469995,0.5,0.0,0.0
fairness/adult_processed.csv,nsga-ii,0.7587371783060008,0.0,0.0,0.8743866063034919,0.4472135954999579,0.6010828175130368,1.0,1.0,0.0,0.0,0.0,0.0,0.0,0.0,0.0,0.0,0.0
fairness/adult_processed.csv,nsga-iii,0.2412628216939991,0.0,0.0,0.6174556303361766,0.0,0.3300439171789307,0.0,0.0,0.0,0.0,0.3887376911277154,0.0,0.0,0.2412628216939991,1.0,0.0,0.0
fairness/adult_processed.csv,moead,0.7587371783060008,0.0,0.0,0.8743866063034919,0.4472135954999579,0.6010828175130368,1.0,1.0,0.0,0.0,0.0,0.0,0.0,0.0,0.0,0.0,0.0
fairness/adult_processed.csv,default,0.7679503715987961,0.0519190049165087,0.0659319818545228,0.3623793852461494,0.1773408352965167,0.2449158739010734,0.2769948147871824,0.3585159485963111,0.0572615997722744,0.0979790792001708,0.6009716941275878,0.1519562680425035,0.1922486333763282,0.5098566308243727,0.7317386831275721,0.099041052672389,0.139488821059823
fairness/adult_processed.csv,random,0.5,0.0,0.0,0.7469871029448123,0.2236067977499789,0.4661431862217143,0.5,0.5,0.0,0.0,0.1927710843373493,0.0,0.0,0.1194029850746268,0.5,0.0,0.0
fairness/adult_processed.csv,tpe,0.2388059701492537,0.0,0.0,0.6197562280118349,0.0,0.3312736383628053,0.0,0.0,0.0,0.0,0.3855421686746987,0.0,0.0,0.2388059701492537,1.0,0.0,0.0
fairness/adult_processed.csv,nsga-ii,0.2388059701492537,0.0,0.0,0.6197562280118349,0.0,0.3312736383628053,0.0,0.0,0.0,0.0,0.3855421686746987,0.0,0.0,0.2388059701492537,1.0,0.0,0.0
fairness/adult_processed.csv,nsga-iii,0.5,0.0,0.0,0.7469871029448123,0.2236067977499789,0.4661431862217143,0.5,0.5,0.0,0.0,0.1927710843373493,0.0,0.0,0.1194029850746268,0.5,0.0,0.0
fairness/adult_processed.csv,moead,0.7611940298507462,0.0,0.0,0.8742179778777897,0.4472135954999579,0.6010127340806234,1.0,1.0,0.0,0.0,0.0,0.0,0.0,0.0,0.0,0.0,0.0
fairness/adult_processed.csv,default,0.7746314496314496,0.0744272476661551,0.0683707958457229,0.3608376520033028,0.1882588854908405,0.2500327584359927,0.321801473002834,0.3724921687212188,0.0979334586271927,0.1037588213929647,0.602017572404816,0.1511056511056511,0.1639434889434889,0.518885564697083,0.7168690260914492,0.1108894858831435,0.1397489755932784
fairness/adult_processed.csv,random,0.2377764127764128,0.0,0.0,0.6207213750395508,0.0,0.3317895311493162,0.0,0.0,0.0,0.0,0.3841992953203315,0.0,0.0,0.2377764127764128,1.0,0.0,0.0
fairness/adult_processed.csv,tpe,0.2377764127764128,0.0,0.0,0.6207213750395508,0.0,0.3317895311493162,0.0,0.0,0.0,0.0,0.3841992953203315,0.0,0.0,0.2377764127764128,1.0,0.0,0.0
fairness/adult_processed.csv,nsga-ii,0.2377764127764128,0.0,0.0,0.6207213750395508,0.0,0.3317895311493162,0.0,0.0,0.0,0.0,0.3841992953203315,0.0,0.0,0.2377764127764128,1.0,0.0,0.0
fairness/adult_processed.csv,nsga-iii,0.5,0.0,0.0,0.747434595920347,0.2236067977499789,0.4663865536272014,0.5,0.5,0.0,0.0,0.1920996476601657,0.0,0.0,0.1188882063882064,0.5,0.0,0.0
fairness/adult_processed.csv,moead,0.7622235872235872,0.0,0.0,0.8741478168011431,0.4472135954999579,0.6009835761050867,1.0,1.0,0.0,0.0,0.0,0.0,0.0,0.0,0.0,0.0,0.0
fairness/adult_processed.csv,default,0.7654320987654321,0.0424960596524116,0.0976295584942103,0.3588499531237263,0.1900197099474884,0.2501668096509205,0.2519023709878821,0.4278059464808442,0.0482843248928692,0.1265375072845793,0.6059230213600247,0.1309501873349302,0.1689699649898655,0.5128384279475983,0.7402924861321231,0.0918864173948917,0.1754414216776638
fairness/adult_processed.csv,random,0.2435968306615072,0.0,0.0,0.6152733715758288,0.0,0.3288774508060011,0.0,0.0,0.0,0.0,0.3917617424803674,0.0,0.0,0.2435968306615072,1.0,0.0,0.0
fairness/adult_processed.csv,tpe,0.3717984153307536,0.0,0.0,0.6800921215402603,0.1118033988749894,0.3969456014852278,0.25,0.25,0.0,0.0,0.2938213068602756,0.0,0.0,0.1826976229961304,0.75,0.0,0.0
fairness/adult_processed.csv,nsga-ii,0.4145322768871691,0.0,0.0,0.7016983715284041,0.1490711984999859,0.4196349850449701,0.3333333333333333,0.3333333333333333,0.0,0.0,0.2611744949869116,0.0,0.0,0.1623978871076715,0.6666666666666666,0.0,0.0
fairness/adult_processed.csv,nsga-iii,0.5854677231128309,0.0,0.0,0.7881233714809794,0.2981423969999719,0.510392519283939,0.6666666666666666,0.6666666666666666,0.0,0.0,0.1305872474934558,0.0,0.0,0.0811989435538357,0.3333333333333333,0.0,0.0
fairness/adult_processed.csv,moead,0.7564031693384927,0.0,0.0,0.8745483714335548,0.4472135954999579,0.601150053522908,1.0,1.0,0.0,0.0,0.0,0.0,0.0,0.0,0.0,0.0,0.0
fairness/adult_processed.csv,default,0.7715742276272957,0.0035868993992382,0.0524544501051215,0.3594330568066162,0.1582961447942046,0.2341161469790568,0.1174741225061218,0.3696207130044675,0.0039578205415081,0.0637078877287906,0.6039825364710892,0.199189238990234,0.1774461028192371,0.5124683773039392,0.7352864920922997,0.0406244970799994,0.143194053797227
fairness/adult_processed.csv,random,0.5,0.0,0.0,0.7478150608160472,0.2236067977499789,0.4665934511111471,0.5,0.5,0.0,0.0,0.1915284536696792,0.0,0.0,0.118450955101038,0.5,0.0,0.0
fairness/adult_processed.csv,tpe,0.7630980897979239,0.0,0.0,0.8740884559152742,0.4472135954999579,0.6009589072627056,1.0,1.0,0.0,0.0,0.0,0.0,0.0,0.0,0.0,0.0,0.0
fairness/adult_processed.csv,nsga-ii,0.5,0.0,0.0,0.7478150608160472,0.2236067977499789,0.4665934511111471,0.5,0.5,0.0,0.0,0.1915284536696792,0.0,0.0,0.118450955101038,0.5,0.0,0.0
fairness/adult_processed.csv,nsga-iii,0.7630980897979239,0.0,0.0,0.8740884559152742,0.4472135954999579,0.6009589072627056,1.0,1.0,0.0,0.0,0.0,0.0,0.0,0.0,0.0,0.0,0.0
fairness/adult_processed.csv,moead,0.5,0.0,0.0,0.7478150608160472,0.2236067977499789,0.4665934511111471,0.5,0.5,0.0,0.0,0.1915284536696792,0.0,0.0,0.118450955101038,0.5,0.0,0.0
fairness/adult_processed.csv,default,0.774938574938575,0.020051556730784,0.1157461655419841,0.3598634532496021,0.1948049702712985,0.2531934021317822,0.1545170304876653,0.4552522037757281,0.0519323358873472,0.1625702654243426,0.6031195840554593,0.1943488943488943,0.1837223587223587,0.518628912071535,0.7204968944099379,0.052128370676898,0.176611492650397
fairness/adult_processed.csv,random,0.5,0.0,0.0,0.7476216208594761,0.2236067977499789,0.4664882600646008,0.5,0.5,0.0,0.0,0.1918189038919777,0.0,0.0,0.1186732186732186,0.5,0.0,0.0
fairness/adult_processed.csv,tpe,0.5,0.0,0.0,0.7476216208594761,0.2236067977499789,0.4664882600646008,0.5,0.5,0.0,0.0,0.1918189038919777,0.0,0.0,0.1186732186732186,0.5,0.0,0.0
fairness/adult_processed.csv,nsga-ii,0.5,0.0,0.0,0.7476216208594761,0.2236067977499789,0.4664882600646008,0.5,0.5,0.0,0.0,0.1918189038919777,0.0,0.0,0.1186732186732186,0.5,0.0,0.0
fairness/adult_processed.csv,nsga-iii,0.5,0.0,0.0,0.7476216208594761,0.2236067977499789,0.4664882600646008,0.5,0.5,0.0,0.0,0.1918189038919777,0.0,0.0,0.1186732186732186,0.5,0.0,0.0
fairness/adult_processed.csv,moead,0.5,0.0,0.0,0.7476216208594761,0.2236067977499789,0.4664882600646008,0.5,0.5,0.0,0.0,0.1918189038919777,0.0,0.0,0.1186732186732186,0.5,0.0,0.0
fairness/adult_processed.csv,default,0.7771635648915914,0.0459668812977965,0.0658357161473414,0.3569502875460675,0.1683117154140523,0.2379889503096865,0.2442709369758647,0.3620972368737624,0.0625081572586864,0.1146141488425348,0.6068487212830517,0.1500522080953258,0.1488237823229531,0.5329272934906738,0.704579768495219,0.0818056403874422,0.1328846160376814
fairness/adult_processed.csv,random,0.5,0.0,0.0,0.7446984895565268,0.2236067977499789,0.4648981936601957,0.5,0.5,0.0,0.0,0.1961984695137003,0.0,0.0,0.1220441004852281,0.5,0.0,0.0
fairness/adult_processed.csv,tpe,0.7559117990295436,0.0,0.0,0.8745826218621363,0.4472135954999579,0.6011642899914532,1.0,1.0,0.0,0.0,0.0,0.0,0.0,0.0,0.0,0.0,0.0
fairness/adult_processed.csv,nsga-ii,0.7559117990295436,0.0,0.0,0.8745826218621363,0.4472135954999579,0.6011642899914532,1.0,1.0,0.0,0.0,0.0,0.0,0.0,0.0,0.0,0.0,0.0
fairness/adult_processed.csv,nsga-iii,0.2440882009704563,0.0,0.0,0.6148143572509174,0.0,0.3286320973289383,0.0,0.0,0.0,0.0,0.3923969390274006,0.0,0.0,0.2440882009704563,1.0,0.0,0.0
fairness/adult_processed.csv,moead,0.7559117990295436,0.0,0.0,0.8745826218621363,0.4472135954999579,0.6011642899914532,1.0,1.0,0.0,0.0,0.0,0.0,0.0,0.0,0.0,0.0,0.0
fairness/adult_processed.csv,default,0.7686874270622198,0.0188655897750192,0.0793197455623299,0.3652364586536805,0.1752161779816969,0.2450361158780861,0.1798574542777872,0.3880168321278628,0.0376349702536409,0.1115184953086534,0.5970468649689707,0.1982679196609545,0.1935384804373195,0.5039739884393064,0.7322834645669292,0.0627652401147037,0.1513084245917984
fairness/adult_processed.csv,random,0.2340151096370001,0.0,0.0,0.6242527726766609,0.0,0.3336771425856775,0.0,0.0,0.0,0.0,0.3792743019262356,0.0,0.0,0.2340151096370001,1.0,0.0,0.0
fairness/adult_processed.csv,tpe,0.5,0.0,0.0,0.7490733991112193,0.2236067977499789,0.4672776271385655,0.5,0.5,0.0,0.0,0.1896371509631178,0.0,0.0,0.1170075548185,0.5,0.0,0.0
fairness/adult_processed.csv,nsga-ii,0.7659848903629998,0.0,0.0,0.8738940255457777,0.4472135954999579,0.6008781116914536,1.0,1.0,0.0,0.0,0.0,0.0,0.0,0.0,0.0,0.0,0.0
fairness/adult_processed.csv,nsga-iii,0.5,0.0,0.0,0.7490733991112193,0.2236067977499789,0.4672776271385655,0.5,0.5,0.0,0.0,0.1896371509631178,0.0,0.0,0.1170075548185,0.5,0.0,0.0
fairness/adult_processed.csv,moead,0.5,0.0,0.0,0.7490733991112193,0.2236067977499789,0.4672776271385655,0.5,0.5,0.0,0.0,0.1896371509631178,0.0,0.0,0.1170075548185,0.5,0.0,0.0
fairness/adult_processed.csv,default,0.7681203931203932,0.0571546959207853,0.0680995945514714,0.3649484579572024,0.1816089775143929,0.2482176054248127,0.3166749084139101,0.3433874886615057,0.0506520317387776,0.1119820306728084,0.5979337522632869,0.1667076167076167,0.1768427518427518,0.511666059059424,0.7191903663848321,0.1117876505178316,0.1305724221929235
fairness/adult_processed.csv,random,0.7602579852579853,0.0,0.0,0.8742820245253474,0.4472135954999579,0.6010393517918154,1.0,1.0,0.0,0.0,0.0,0.0,0.0,0.0,0.0,0.0,0.0
fairness/adult_processed.csv,tpe,0.2397420147420147,0.0,0.0,0.618879292167788,0.0,0.3308048964372903,0.0,0.0,0.0,0.0,0.3867611356091759,0.0,0.0,0.2397420147420147,1.0,0.0,0.0
fairness/adult_processed.csv,nsga-ii,0.7602579852579853,0.0,0.0,0.8742820245253474,0.4472135954999579,0.6010393517918154,1.0,1.0,0.0,0.0,0.0,0.0,0.0,0.0,0.0,0.0,0.0
fairness/adult_processed.csv,nsga-iii,0.2397420147420147,0.0,0.0,0.618879292167788,0.0,0.3308048964372903,0.0,0.0,0.0,0.0,0.3867611356091759,0.0,0.0,0.2397420147420147,1.0,0.0,0.0
fairness/adult_processed.csv,moead,0.7602579852579853,0.0,0.0,0.8742820245253474,0.4472135954999579,0.6010393517918154,1.0,1.0,0.0,0.0,0.0,0.0,0.0,0.0,0.0,0.0,0.0
fairness/adult_processed.csv,default,0.7761808242736933,0.0139940528321867,0.1339596925589226,0.3497559026017154,0.2124455083011261,0.2592086453573923,0.2177369785356853,0.4979492054868939,0.0074948594025656,0.1784198400618046,0.6155307026798904,0.1427430747497082,0.1965481235796327,0.5267244492596606,0.7403553299492386,0.0764793511071891,0.2026855951926851
fairness/adult_processed.csv,random,0.2419998771574227,0.0,0.0,0.6167661488355782,0.0,0.3296753738146796,0.0,0.0,0.0,0.0,0.3896938825972998,0.0,0.0,0.2419998771574227,1.0,0.0,0.0
fairness/adult_processed.csv,tpe,0.5,0.0,0.0,0.7456018369200552,0.2236067977499789,0.4653896773154711,0.5,0.5,0.0,0.0,0.1948469412986499,0.0,0.0,0.1209999385787113,0.5,0.0,0.0
fairness/adult_processed.csv,nsga-ii,0.7580001228425772,0.0,0.0,0.8744375250045322,0.4472135954999579,0.6011039808162625,1.0,1.0,0.0,0.0,0.0,0.0,0.0,0.0,0.0,0.0,0.0
fairness/adult_processed.csv,nsga-iii,0.5,0.0,0.0,0.7456018369200552,0.2236067977499789,0.4653896773154711,0.5,0.5,0.0,0.0,0.1948469412986499,0.0,0.0,0.1209999385787113,0.5,0.0,0.0
fairness/adult_processed.csv,moead,0.5,0.0,0.0,0.7456018369200552,0.2236067977499789,0.4653896773154711,0.5,0.5,0.0,0.0,0.1948469412986499,0.0,0.0,0.1209999385787113,0.5,0.0,0.0
fairness/adult_processed.csv,default,0.7750752410785579,0.0409423148381493,0.044101828814945,0.3634084162248293,0.1687577647290679,0.2409882242967292,0.2473054914815046,0.360520641683077,0.0483614161777242,0.0536280831030601,0.5987289064212141,0.1707511823598059,0.1760948344696271,0.5164461247637051,0.7122002085505735,0.08335361195779,0.1330694120198502
fairness/adult_processed.csv,random,0.7643879368589153,0.0,0.0,0.8740012935198663,0.4472135954999579,0.6009226860359705,1.0,1.0,0.0,0.0,0.0,0.0,0.0,0.0,0.0,0.0,0.0
fairness/adult_processed.csv,tpe,0.7643879368589153,0.0,0.0,0.8740012935198663,0.4472135954999579,0.6009226860359705,1.0,1.0,0.0,0.0,0.0,0.0,0.0,0.0,0.0,0.0,0.0
fairness/adult_processed.csv,nsga-ii,0.2356120631410847,0.0,0.0,0.6227523907685802,0.0,0.3328751547214844,0.0,0.0,0.0,0.0,0.3813689914003082,0.0,0.0,0.2356120631410847,1.0,0.0,0.0
fairness/adult_processed.csv,nsga-iii,0.5,0.0,0.0,0.7483768421442233,0.2236067977499789,0.4668989203787275,0.5,0.5,0.0,0.0,0.1906844957001541,0.0,0.0,0.1178060315705423,0.5,0.0,0.0
fairness/adult_processed.csv,moead,0.2356120631410847,0.0,0.0,0.6227523907685802,0.0,0.3328751547214844,0.0,0.0,0.0,0.0,0.3813689914003082,0.0,0.0,0.2356120631410847,1.0,0.0,0.0
fairness/adult_processed.csv,default,0.7722358722358722,0.0322428822333356,0.086406649472396,0.3583584663486668,0.1821448527172912,0.2457424080107797,0.2085987884281672,0.4126248874747941,0.048766076259158,0.116135501473926,0.605447967652692,0.1622235872235872,0.1899262899262899,0.5184982686349553,0.7274354385067757,0.0724877420702575,0.1611845631113003
fairness/adult_processed.csv,random,0.2402334152334152,0.0,0.0,0.618419130963087,0.0,0.3305589299271937,0.0,0.0,0.0,0.0,0.3874003268783121,0.0,0.0,0.2402334152334152,1.0,0.0,0.0
fairness/adult_processed.csv,tpe,0.2402334152334152,0.0,0.0,0.618419130963087,0.0,0.3305589299271937,0.0,0.0,0.0,0.0,0.3874003268783121,0.0,0.0,0.2402334152334152,1.0,0.0,0.0
fairness/adult_processed.csv,nsga-ii,0.7597665847665848,0.0,0.0,0.8743157458542523,0.4472135954999579,0.601053366646228,1.0,1.0,0.0,0.0,0.0,0.0,0.0,0.0,0.0,0.0,0.0
fairness/adult_processed.csv,nsga-iii,0.2402334152334152,0.0,0.0,0.618419130963087,0.0,0.3305589299271937,0.0,0.0,0.0,0.0,0.3874003268783121,0.0,0.0,0.2402334152334152,1.0,0.0,0.0
fairness/adult_processed.csv,moead,0.7597665847665848,0.0,0.0,0.8743157458542523,0.4472135954999579,0.601053366646228,1.0,1.0,0.0,0.0,0.0,0.0,0.0,0.0,0.0,0.0,0.0
fairness/adult_processed.csv,default,0.768994533505313,0.0138602735404087,0.0766262440887557,0.3615926870377465,0.1565577196920817,0.2342313083301198,0.0753048027458863,0.368948114585851,0.0006965728615213,0.1236598520353574,0.6022210470650451,0.2076653768196056,0.1348811498065229,0.5197152245345017,0.7158662308272568,0.0256199976529143,0.1413489338883637
fairness/adult_processed.csv,random,0.5,0.0,0.0,0.74461887331121,0.2236067977499789,0.4648548726368396,0.5,0.5,0.0,0.0,0.1963175041958732,0.0,0.0,0.1221362324181561,0.5,0.0,0.0
fairness/adult_processed.csv,tpe,0.2442724648363122,0.0,0.0,0.6146422634021476,0.0,0.3285401092974428,0.0,0.0,0.0,0.0,0.3926350083917465,0.0,0.0,0.2442724648363122,1.0,0.0,0.0
fairness/adult_processed.csv,nsga-ii,0.5,0.0,0.0,0.74461887331121,0.2236067977499789,0.4648548726368396,0.5,0.5,0.0,0.0,0.1963175041958732,0.0,0.0,0.1221362324181561,0.5,0.0,0.0
fairness/adult_processed.csv,nsga-iii,0.5,0.0,0.0,0.74461887331121,0.2236067977499789,0.4648548726368396,0.5,0.5,0.0,0.0,0.1963175041958732,0.0,0.0,0.1221362324181561,0.5,0.0,0.0
fairness/adult_processed.csv,moead,0.5,0.0,0.0,0.74461887331121,0.2236067977499789,0.4648548726368396,0.5,0.5,0.0,0.0,0.1963175041958732,0.0,0.0,0.1221362324181561,0.5,0.0,0.0
fairness/adult_processed.csv,default,0.7678889503101775,0.0927481534983229,0.0520559063408211,0.3608770678290071,0.1943980129442871,0.253382109345087,0.3559224534122728,0.3440821941798309,0.121283879041712,0.0816555520270985,0.6029210885783335,0.1495608377863767,0.2078496406854615,0.5120471176155631,0.7330097087378641,0.1292052522744545,0.13371299402056
fairness/adult_processed.csv,random,0.2404029236533382,0.0,0.0,0.618260431790456,0.0,0.330474101651258,0.0,0.0,0.0,0.0,0.3876206981926219,0.0,0.0,0.2404029236533382,1.0,0.0,0.0
fairness/adult_processed.csv,tpe,0.7595970763466617,0.0,0.0,0.8743273937291843,0.4472135954999579,0.6010582076460217,1.0,1.0,0.0,0.0,0.0,0.0,0.0,0.0,0.0,0.0,0.0
fairness/adult_processed.csv,nsga-ii,0.7595970763466617,0.0,0.0,0.8743273937291843,0.4472135954999579,0.6010582076460217,1.0,1.0,0.0,0.0,0.0,0.0,0.0,0.0,0.0,0.0,0.0
fairness/adult_processed.csv,nsga-iii,0.2404029236533382,0.0,0.0,0.618260431790456,0.0,0.330474101651258,0.0,0.0,0.0,0.0,0.3876206981926219,0.0,0.0,0.2404029236533382,1.0,0.0,0.0
fairness/adult_processed.csv,moead,0.5,0.0,0.0,0.7462939127598202,0.2236067977499789,0.4657661546486398,0.5,0.5,0.0,0.0,0.1938103490963109,0.0,0.0,0.1202014618266691,0.5,0.0,0.0
fairness/adult_processed.csv,default,0.7734643734643735,0.0350697700253395,0.0970296421543272,0.3622421549822309,0.1794853304974596,0.2459714492756229,0.2144618205349439,0.4095819105384036,0.0525409564125499,0.1386971806131538,0.6000867490782911,0.1258599508599508,0.1718058968058968,0.5099520825654257,0.7289251844046365,0.0737298910304921,0.1579950450306761
fairness/adult_processed.csv,random,0.5,0.0,0.0,0.7494426788983884,0.2236067977499789,0.4674783775737153,0.5,0.5,0.0,0.0,0.1890814903367204,0.0,0.0,0.1165847665847665,0.5,0.0,0.0
fairness/adult_processed.csv,tpe,0.5686322686322686,0.0078900467812208,0.0314757194387025,0.5154362692425675,0.0489373874531047,0.2806427957721816,0.1190943080503045,0.0701363741309074,0.0010549347175152,0.0466701667917815,0.451923788539551,0.0,0.0,0.3751144820710038,0.6937126800140497,0.0345289900435204,0.0205346404811778
fairness/adult_processed.csv,nsga-ii,0.5,0.0,0.0,0.7494426788983884,0.2236067977499789,0.4674783775737153,0.5,0.5,0.0,0.0,0.1890814903367204,0.0,0.0,0.1165847665847665,0.5,0.0,0.0
fairness/adult_processed.csv,nsga-iii,0.5,0.0,0.0,0.7494426788983884,0.2236067977499789,0.4674783775737153,0.5,0.5,0.0,0.0,0.1890814903367204,0.0,0.0,0.1165847665847665,0.5,0.0,0.0
fairness/adult_processed.csv,moead,0.7668304668304669,0.0,0.0,0.8738375179629361,0.4472135954999579,0.6008546312900899,1.0,1.0,0.0,0.0,0.0,0.0,0.0,0.0,0.0,0.0,0.0
fairness/adult_processed.csv,default,0.7739082365948038,0.0184693302926229,0.1150227784157652,0.3562130235132667,0.1905101470155473,0.249355173202618,0.1595965555898777,0.4330934249182585,0.0431099382979548,0.1732651611814755,0.6077783697389451,0.1733922977704072,0.2054542104293348,0.5194899817850638,0.7322207958921695,0.0551157894484501,0.1706911701414846
fairness/adult_processed.csv,random,0.7607640808304158,0.0,0.0,0.8742473655981063,0.4472135954999579,0.601024947486786,1.0,1.0,0.0,0.0,0.0,0.0,0.0,0.0,0.0,0.0,0.0
fairness/adult_processed.csv,tpe,0.5,0.0,0.0,0.7468003649734709,0.2236067977499789,0.466041623081901,0.5,0.5,0.0,0.0,0.1930511498810468,0.0,0.0,0.119617959584792,0.5,0.0,0.0
fairness/adult_processed.csv,nsga-ii,0.5,0.0,0.0,0.7468003649734709,0.2236067977499789,0.466041623081901,0.5,0.5,0.0,0.0,0.1930511498810468,0.0,0.0,0.119617959584792,0.5,0.0,0.0
fairness/adult_processed.csv,nsga-iii,0.2392359191695841,0.0,0.0,0.6193533643488355,0.0,0.3310582986770161,0.0,0.0,0.0,0.0,0.3861022997620936,0.0,0.0,0.2392359191695841,1.0,0.0,0.0
fairness/adult_processed.csv,moead,0.2392359191695841,0.0,0.0,0.6193533643488355,0.0,0.3310582986770161,0.0,0.0,0.0,0.0,0.3861022997620936,0.0,0.0,0.2392359191695841,1.0,0.0,0.0
fairness/adult_processed.csv,default,0.7740310791720411,0.0634651259519096,0.0490244381854136,0.3586987557165019,0.1788004979625414,0.2441245832600926,0.2872221052067522,0.3657787828304241,0.0874604847207586,0.0628048173584154,0.6049608074734242,0.1735765616362631,0.1631963638597137,0.52428810720268,0.7149746192893401,0.0989040922540705,0.1372466043828416
fairness/adult_processed.csv,random,0.5,0.0,0.0,0.7456018369200552,0.2236067977499789,0.4653896773154711,0.5,0.5,0.0,0.0,0.1948469412986499,0.0,0.0,0.1209999385787113,0.5,0.0,0.0
fairness/adult_processed.csv,tpe,0.2419998771574227,0.0,0.0,0.6167661488355782,0.0,0.3296753738146796,0.0,0.0,0.0,0.0,0.3896938825972998,0.0,0.0,0.2419998771574227,1.0,0.0,0.0
fairness/adult_processed.csv,nsga-ii,0.5,0.0,0.0,0.7456018369200552,0.2236067977499789,0.4653896773154711,0.5,0.5,0.0,0.0,0.1948469412986499,0.0,0.0,0.1209999385787113,0.5,0.0,0.0
fairness/adult_processed.csv,nsga-iii,0.2419998771574227,0.0,0.0,0.6167661488355782,0.0,0.3296753738146796,0.0,0.0,0.0,0.0,0.3896938825972998,0.0,0.0,0.2419998771574227,1.0,0.0,0.0
fairness/adult_processed.csv,moead,0.5,0.0,0.0,0.7456018369200552,0.2236067977499789,0.4653896773154711,0.5,0.5,0.0,0.0,0.1948469412986499,0.0,0.0,0.1209999385787113,0.5,0.0,0.0
fairness/adult_processed.csv,default,0.7735872235872235,0.0695114330401069,0.0743939158803352,0.3599189664809354,0.1928846451717236,0.2521637100265613,0.3349969521487351,0.3720030038767309,0.073866362078812,0.1173498088295605,0.6031438415159345,0.1571867321867321,0.1823710073710073,0.5152685798381162,0.7271547248182763,0.1174552476167435,0.1417024035357268
fairness/adult_processed.csv,random,0.5,0.0,0.0,0.7479424243048216,0.2236067977499789,0.4666627081275972,0.5,0.5,0.0,0.0,0.1913371746473276,0.0,0.0,0.1183046683046683,0.5,0.0,0.0
fairness/adult_processed.csv,tpe,0.5,0.0,0.0,0.7479424243048216,0.2236067977499789,0.4666627081275972,0.5,0.5,0.0,0.0,0.1913371746473276,0.0,0.0,0.1183046683046683,0.5,0.0,0.0
fairness/adult_processed.csv,nsga-ii,0.2366093366093366,0.0,0.0,0.6218162045417543,0.0,0.3323747421341987,0.0,0.0,0.0,0.0,0.3826743492946552,0.0,0.0,0.2366093366093366,1.0,0.0,0.0
fairness/adult_processed.csv,nsga-iii,0.5,0.0,0.0,0.7479424243048216,0.2236067977499789,0.4666627081275972,0.5,0.5,0.0,0.0,0.1913371746473276,0.0,0.0,0.1183046683046683,0.5,0.0,0.0
fairness/adult_processed.csv,moead,0.2366093366093366,0.0,0.0,0.6218162045417543,0.0,0.3323747421341987,0.0,0.0,0.0,0.0,0.3826743492946552,0.0,0.0,0.2366093366093366,1.0,0.0,0.0
