DS,Iteration,PP,DT,AS,LA,PT,PT scoring,Duration,Params,mar,sa,sd,sdar,Models built,Best params
effort/china.csv,0,none,log,none,rf,default,None,2.7309999465942383,"{'la__n_estimators': 100, 'la__min_samples_leaf': 1, 'la__min_impurity_decrease': 0.0, 'la__max_depth': None}",3274.706586826347,0.45505398342282954,0.40134873833331164,3274.706586826347,,
effort/china.csv,0,none,log,none,rf,random search,"['sa', 'sd']",59.80042123794556,,3089.896371467655,0.48580836950665035,0.36223255943611826,3089.896371467655,320.0,pareto front
effort/china.csv,0,none,log,none,rf,tpe,"['sa', 'sd']",469.3287196159363,,3149.261396581837,0.4759293977263634,0.3571416134958535,3149.261396581837,1280.0,pareto front
effort/china.csv,0,none,log,none,rf,nsga-ii,"['sa', 'sd']",602.7536070346832,,3152.7517401179566,0.4753485674272014,0.36090257589179864,3152.7517401179566,1000.0,pareto front
effort/china.csv,0,none,log,none,rf,nsga-iii,"['sa', 'sd']",367.2434937953949,,3167.55002910845,0.4728859746960026,0.35988867814219583,3167.55002910845,1000.0,pareto front
effort/china.csv,0,none,log,none,rf,moead,"['sa', 'sd']",80.76105260848999,,3103.302411842981,0.483577461757542,0.36808208331605785,3103.302411842981,500.0,pareto front
effort/china.csv,1,none,log,none,rf,default,None,2.5639994144439697,"{'la__n_estimators': 100, 'la__min_samples_leaf': 1, 'la__min_impurity_decrease': 0.0, 'la__max_depth': None}",2752.735542168675,0.4988798639769615,0.501408077004246,2752.735542168675,,
effort/china.csv,1,none,log,none,rf,random search,"['sa', 'sd']",150.9295470714569,,2824.4359369383046,0.485827207436059,0.4273022109410177,2824.4359369383046,320.0,pareto front
effort/china.csv,1,none,log,none,rf,tpe,"['sa', 'sd']",1483.966338634491,,2795.423888962443,0.49110868878624964,0.43638961253507724,2795.423888962443,1280.0,pareto front
effort/china.csv,1,none,log,none,rf,nsga-ii,"['sa', 'sd']",1270.994999885559,,2786.807299076061,0.4926772908658074,0.443000546818638,2786.807299076061,1000.0,pareto front
effort/china.csv,1,none,log,none,rf,nsga-iii,"['sa', 'sd']",548.610630273819,,2775.289026156484,0.4947741281405067,0.43999401832679635,2775.289026156484,1000.0,pareto front
effort/china.csv,1,none,log,none,rf,moead,"['sa', 'sd']",246.86311984062195,,2813.3548770424163,0.48784445252090014,0.4279511102124163,2813.3548770424163,500.0,pareto front
effort/china.csv,2,none,log,none,rf,default,None,2.7586278915405273,"{'la__n_estimators': 100, 'la__min_samples_leaf': 1, 'la__min_impurity_decrease': 0.0, 'la__max_depth': None}",2359.991686746988,0.24097180782448346,0.34484100489791725,2359.991686746988,,
effort/china.csv,2,none,log,none,rf,random search,"['sa', 'sd']",92.59424471855164,,2080.296394569577,0.33092831621966884,0.3740386084966085,2080.296394569577,320.0,pareto front
effort/china.csv,2,none,log,none,rf,tpe,"['sa', 'sd']",387.78229093551636,,2014.3811495983937,0.35212819141763924,0.35481361214798063,2014.3811495983937,1280.0,pareto front
effort/china.csv,2,none,log,none,rf,nsga-ii,"['sa', 'sd']",1863.5853517055511,,2053.7742462717542,0.339458455706243,0.373201176056214,2053.7742462717542,1000.0,pareto front
effort/china.csv,2,none,log,none,rf,nsga-iii,"['sa', 'sd']",407.76774406433105,,2054.127350512564,0.3393448891733368,0.37328374661319563,2054.127350512564,1000.0,pareto front
effort/china.csv,2,none,log,none,rf,moead,"['sa', 'sd']",253.47587990760803,,2186.1863983862413,0.29687162923311083,0.3491463560879743,2186.1863983862413,500.0,pareto front
effort/china.csv,3,none,log,none,rf,default,None,2.8201210498809814,"{'la__n_estimators': 100, 'la__min_samples_leaf': 1, 'la__min_impurity_decrease': 0.0, 'la__max_depth': None}",2230.355119760479,0.45335594008398106,0.4274437320599227,2230.355119760479,,
effort/china.csv,3,none,log,none,rf,random search,"['sa', 'sd']",91.85120344161987,,2096.2489015118804,0.48622441333915956,0.4108773477751898,2096.2489015118804,320.0,pareto front
effort/china.csv,3,none,log,none,rf,tpe,"['sa', 'sd']",410.63921904563904,,2113.665194610778,0.4819558046840089,0.4089667369515492,2113.665194610778,1280.0,pareto front
effort/china.csv,3,none,log,none,rf,nsga-ii,"['sa', 'sd']",586.7969071865082,,2069.350826290966,0.4928169388578161,0.40792096606982087,2069.350826290966,1000.0,pareto front
effort/china.csv,3,none,log,none,rf,nsga-iii,"['sa', 'sd']",415.4270832538605,,2056.7703594677823,0.49590032114027616,0.40966528747800435,2056.7703594677823,1000.0,pareto front
effort/china.csv,3,none,log,none,rf,moead,"['sa', 'sd']",151.22453927993774,,2038.9211246562845,0.5002750407072657,0.41829849247021134,2038.9211246562845,500.0,pareto front
effort/china.csv,4,none,log,none,rf,default,None,2.825510025024414,"{'la__n_estimators': 100, 'la__min_samples_leaf': 1, 'la__min_impurity_decrease': 0.0, 'la__max_depth': None}",2648.998885542168,0.38082564485321513,0.3871372457237551,2648.998885542168,,
effort/china.csv,4,none,log,none,rf,random search,"['sa', 'sd']",21.897336959838867,,2561.5123144511745,0.40127466864666317,0.3899291635558879,2561.5123144511745,320.0,pareto front
effort/china.csv,4,none,log,none,rf,tpe,"['sa', 'sd']",714.2488543987274,,2473.7456238264745,0.4217891673002908,0.4003177121679422,2473.7456238264745,1280.0,pareto front
effort/china.csv,4,none,log,none,rf,nsga-ii,"['sa', 'sd']",618.9720075130463,,2463.800477407465,0.42411373589654006,0.4054684338147001,2463.800477407465,1000.0,pareto front
effort/china.csv,4,none,log,none,rf,nsga-iii,"['sa', 'sd']",664.5867643356323,,2482.4124769084688,0.4197633857125808,0.40768198017556917,2482.4124769084688,1000.0,pareto front
effort/china.csv,4,none,log,none,rf,moead,"['sa', 'sd']",540.6817228794098,,2502.7743221002006,0.415004028343652,0.40718204252871876,2502.7743221002006,500.0,pareto front
effort/china.csv,5,none,log,none,rf,default,None,2.72501277923584,"{'la__n_estimators': 100, 'la__min_samples_leaf': 1, 'la__min_impurity_decrease': 0.0, 'la__max_depth': None}",3539.8106927710846,0.4399743932008636,0.44802512813254514,3539.8106927710846,,
effort/china.csv,5,none,log,none,rf,random search,"['sa', 'sd']",151.6972668170929,,3397.3538642030508,0.46251217241725423,0.37199636007395237,3397.3538642030508,320.0,pareto front
effort/china.csv,5,none,log,none,rf,tpe,"['sa', 'sd']",1169.0245904922485,,3405.4202434738954,0.4612360084249108,0.37139072209006785,3405.4202434738954,1280.0,pareto front
effort/china.csv,5,none,log,none,rf,nsga-ii,"['sa', 'sd']",911.7912731170654,,3431.674187562133,0.4570824300996881,0.3654138890343801,3431.674187562133,1000.0,pareto front
effort/china.csv,5,none,log,none,rf,nsga-iii,"['sa', 'sd']",385.7240877151489,,3403.9038020850285,0.4614759212571733,0.36498984631920395,3403.9038020850285,1000.0,pareto front
effort/china.csv,5,none,log,none,rf,moead,"['sa', 'sd']",188.1637897491455,,3391.7147784377307,0.4634043196820685,0.37374036900061924,3391.7147784377307,500.0,pareto front
effort/china.csv,6,none,log,none,rf,default,None,2.788012981414795,"{'la__n_estimators': 100, 'la__min_samples_leaf': 1, 'la__min_impurity_decrease': 0.0, 'la__max_depth': None}",2684.5390419161677,0.4913110564106399,0.42270955684225586,2684.5390419161677,,
effort/china.csv,6,none,log,none,rf,random search,"['sa', 'sd']",69.16470718383789,,2504.9178595004123,0.5253471825770611,0.41362733467149376,2504.9178595004123,320.0,pareto front
effort/china.csv,6,none,log,none,rf,tpe,"['sa', 'sd']",569.5028305053711,,2506.405040730228,0.5250653790208795,0.4093042826216811,2506.405040730228,1280.0,pareto front
effort/china.csv,6,none,log,none,rf,nsga-ii,"['sa', 'sd']",379.6966121196747,,2505.0802859130417,0.5253164046598988,0.41340919018861955,2505.0802859130417,1000.0,pareto front
effort/china.csv,6,none,log,none,rf,nsga-iii,"['sa', 'sd']",201.03356194496155,,2484.3523784100134,0.5292441021922868,0.4152313794730268,2484.3523784100134,1000.0,pareto front
effort/china.csv,6,none,log,none,rf,moead,"['sa', 'sd']",158.75049448013306,,2517.0038088959695,0.5230570356526522,0.4287601588923326,2517.0038088959695,500.0,pareto front
effort/china.csv,7,none,log,none,rf,default,None,2.643030881881714,"{'la__n_estimators': 100, 'la__min_samples_leaf': 1, 'la__min_impurity_decrease': 0.0, 'la__max_depth': None}",2570.810692771084,0.4187842612956417,0.44666684813133295,2570.810692771084,,
effort/china.csv,7,none,log,none,rf,random search,"['sa', 'sd']",37.80287408828735,,2544.497813101144,0.4247331473173962,0.372234041627404,2544.497813101144,320.0,pareto front
effort/china.csv,7,none,log,none,rf,tpe,"['sa', 'sd']",1023.1727752685547,,2558.2325478252296,0.42162796185546597,0.3675414261342349,2558.2325478252296,1280.0,pareto front
effort/china.csv,7,none,log,none,rf,nsga-ii,"['sa', 'sd']",570.2680716514587,,2559.2230795556193,0.4214040197997528,0.3746255597049639,2559.2230795556193,1000.0,pareto front
effort/china.csv,7,none,log,none,rf,nsga-iii,"['sa', 'sd']",911.8027646541595,,2556.2451889549566,0.4220772692498628,0.3681648201038819,2556.2451889549566,1000.0,pareto front
effort/china.csv,7,none,log,none,rf,moead,"['sa', 'sd']",971.6304228305817,,2549.4273200468187,0.42361867123833874,0.39004652415181035,2549.4273200468187,500.0,pareto front
effort/china.csv,8,none,log,none,rf,default,None,2.8897194862365723,"{'la__n_estimators': 100, 'la__min_samples_leaf': 1, 'la__min_impurity_decrease': 0.0, 'la__max_depth': None}",2938.14186746988,0.41252266165103046,0.4691325998239848,2938.14186746988,,
effort/china.csv,8,none,log,none,rf,random search,"['sa', 'sd']",204.28621292114258,,2838.237073781563,0.4324984847840558,0.43223286057460264,2838.237073781563,320.0,pareto front
effort/china.csv,8,none,log,none,rf,tpe,"['sa', 'sd']",560.0262615680695,,2764.165982860012,0.4473088953448875,0.43143296151885846,2764.165982860012,1280.0,pareto front
effort/china.csv,8,none,log,none,rf,nsga-ii,"['sa', 'sd']",823.9832210540771,,2775.2020020857635,0.4451022588061639,0.4358681253001529,2775.2020020857635,1000.0,pareto front
effort/china.csv,8,none,log,none,rf,nsga-iii,"['sa', 'sd']",882.8790984153748,,2846.0901024949303,0.4309282827262225,0.45249568567481474,2846.0901024949303,1000.0,pareto front
effort/china.csv,8,none,log,none,rf,moead,"['sa', 'sd']",336.228711605072,,2865.6208189144345,0.4270231434185488,0.4458784156816544,2865.6208189144345,500.0,pareto front
effort/china.csv,9,none,log,none,rf,default,None,2.9509990215301514,"{'la__n_estimators': 100, 'la__min_samples_leaf': 1, 'la__min_impurity_decrease': 0.0, 'la__max_depth': None}",3478.0055988023955,0.34654802073598723,0.4285717251037462,3478.0055988023955,,
effort/china.csv,9,none,log,none,rf,random search,"['sa', 'sd']",78.02387475967407,,3135.5723723559227,0.4108847974405041,0.4013470786570032,3135.5723723559227,320.0,pareto front
effort/china.csv,9,none,log,none,rf,tpe,"['sa', 'sd']",588.7596838474274,,3157.6422230538924,0.4067382866857155,0.40419455476933985,3157.6422230538924,1280.0,pareto front
effort/china.csv,9,none,log,none,rf,nsga-ii,"['sa', 'sd']",250.11913299560547,,3149.163363950067,0.40833130518608923,0.3989137100325067,3149.163363950067,1000.0,pareto front
effort/china.csv,9,none,log,none,rf,nsga-iii,"['sa', 'sd']",221.9886875152588,,3157.08120487996,0.4068436914718048,0.40832430959149024,3157.08120487996,1000.0,pareto front
effort/china.csv,9,none,log,none,rf,moead,"['sa', 'sd']",87.46119356155396,,3190.547679640719,0.40055596893940376,0.4110023987190551,3190.547679640719,500.0,pareto front
effort/china.csv,10,none,log,none,rf,default,None,2.843998908996582,"{'la__n_estimators': 100, 'la__min_samples_leaf': 1, 'la__min_impurity_decrease': 0.0, 'la__max_depth': None}",2689.3958433734942,0.49125616746160883,0.502463091029183,2689.3958433734942,,
effort/china.csv,10,none,log,none,rf,random search,"['sa', 'sd']",22.576661586761475,,2641.5366922234393,0.5003095197370298,0.40036796827171117,2641.5366922234393,320.0,pareto front
effort/china.csv,10,none,log,none,rf,tpe,"['sa', 'sd']",756.3442423343658,,2585.165631095812,0.5109730409709854,0.456943210497638,2585.165631095812,1280.0,pareto front
effort/china.csv,10,none,log,none,rf,nsga-ii,"['sa', 'sd']",718.1646785736084,,2610.5876556819358,0.5061640433477099,0.4520432701803719,2610.5876556819358,1000.0,pareto front
effort/china.csv,10,none,log,none,rf,nsga-iii,"['sa', 'sd']",1059.2497205734253,,2626.6280074386477,0.5031297447530718,0.4492795657653741,2626.6280074386477,1000.0,pareto front
effort/china.csv,10,none,log,none,rf,moead,"['sa', 'sd']",223.46611213684082,,2588.762374497992,0.5102926572976072,0.4057024562661897,2588.762374497992,500.0,pareto front
effort/china.csv,11,none,log,none,rf,default,None,2.935192108154297,"{'la__n_estimators': 100, 'la__min_samples_leaf': 1, 'la__min_impurity_decrease': 0.0, 'la__max_depth': None}",2272.7738253012044,0.4426489094826892,0.44153990876404015,2272.7738253012044,,
effort/china.csv,11,none,log,none,rf,random search,"['sa', 'sd']",311.68332600593567,,2142.4773206002037,0.4746014505482624,0.4457255048937706,2142.4773206002037,320.0,pareto front
effort/china.csv,11,none,log,none,rf,tpe,"['sa', 'sd']",1664.0569179058075,,2146.3776576830737,0.4736449730042487,0.4379799549062719,2146.3776576830737,1280.0,pareto front
effort/china.csv,11,none,log,none,rf,nsga-ii,"['sa', 'sd']",2194.448714494705,,2162.1594512663196,0.4697748123371284,0.42993464736476444,2162.1594512663196,1000.0,pareto front
effort/china.csv,11,none,log,none,rf,nsga-iii,"['sa', 'sd']",1123.5418865680695,,2167.675999734018,0.4684219921532036,0.43094262626351365,2167.675999734018,1000.0,pareto front
effort/china.csv,11,none,log,none,rf,moead,"['sa', 'sd']",196.64615106582642,,2111.008862372567,0.48231844346450536,0.44783964651440833,2111.008862372567,500.0,pareto front
effort/china.csv,12,none,log,none,rf,default,None,2.87406849861145,"{'la__n_estimators': 100, 'la__min_samples_leaf': 1, 'la__min_impurity_decrease': 0.0, 'la__max_depth': None}",3211.109700598802,0.48109931646792015,0.4246238927809296,3211.109700598802,,
effort/china.csv,12,none,log,none,rf,random search,"['sa', 'sd']",74.26386952400208,,3114.889329192502,0.4966480896796011,0.40867528349279175,3114.889329192502,320.0,pareto front
effort/china.csv,12,none,log,none,rf,tpe,"['sa', 'sd']",1441.9930460453033,,3133.5090296977005,0.4936392309920552,0.40669951465867804,3133.5090296977005,1280.0,pareto front
effort/china.csv,12,none,log,none,rf,nsga-ii,"['sa', 'sd']",588.4324676990509,,3119.327445871131,0.4959309102641155,0.4076332994122098,3119.327445871131,1000.0,pareto front
effort/china.csv,12,none,log,none,rf,nsga-iii,"['sa', 'sd']",672.2687199115753,,3076.947783683998,0.5027792704034969,0.4144138460269348,3076.947783683998,1000.0,pareto front
effort/china.csv,12,none,log,none,rf,moead,"['sa', 'sd']",256.6844091415405,,3115.434144097951,0.4965600500754782,0.40903018852940415,3115.434144097951,500.0,pareto front
effort/china.csv,13,none,log,none,rf,default,None,3.140486478805542,"{'la__n_estimators': 100, 'la__min_samples_leaf': 1, 'la__min_impurity_decrease': 0.0, 'la__max_depth': None}",3047.809397590361,0.26569720466798197,0.13519679405873586,3047.809397590361,,
effort/china.csv,13,none,log,none,rf,random search,"['sa', 'sd']",140.25566983222961,,2712.056751685429,0.34658943717538027,0.23040836390961542,2712.056751685429,320.0,pareto front
effort/china.csv,13,none,log,none,rf,tpe,"['sa', 'sd']",1108.3968176841736,,2615.646781752862,0.36981730387706124,0.2498118969297434,2615.646781752862,1280.0,pareto front
effort/china.csv,13,none,log,none,rf,nsga-ii,"['sa', 'sd']",506.33782482147217,,2820.3400801347802,0.3205009452798314,0.1479856261261456,2820.3400801347802,1000.0,pareto front
effort/china.csv,13,none,log,none,rf,nsga-iii,"['sa', 'sd']",1090.015879869461,,2825.814274280056,0.3191820583224501,0.18761784337815507,2825.814274280056,1000.0,pareto front
effort/china.csv,13,none,log,none,rf,moead,"['sa', 'sd']",191.5553798675537,,2478.9971094053635,0.4027400438834752,0.2933559261697403,2478.9971094053635,500.0,pareto front
effort/china.csv,14,none,log,none,rf,default,None,2.878885269165039,"{'la__n_estimators': 100, 'la__min_samples_leaf': 1, 'la__min_impurity_decrease': 0.0, 'la__max_depth': None}",2620.4485542168677,0.3955561117823425,0.41444748919795027,2620.4485542168677,,
effort/china.csv,14,none,log,none,rf,random search,"['sa', 'sd']",107.99807214736938,,2463.428068896738,0.4317751295241685,0.40069092292888053,2463.428068896738,320.0,pareto front
effort/china.csv,14,none,log,none,rf,tpe,"['sa', 'sd']",872.8891997337341,,2443.686985162874,0.4363286924592337,0.39506869870706024,2443.686985162874,1280.0,pareto front
effort/china.csv,14,none,log,none,rf,nsga-ii,"['sa', 'sd']",483.50192308425903,,2437.08532953504,0.43785145862456853,0.4014174989699478,2437.08532953504,1000.0,pareto front
effort/china.csv,14,none,log,none,rf,nsga-iii,"['sa', 'sd']",483.6003806591034,,2449.7109884390898,0.43493917005969934,0.40017026640486236,2449.7109884390898,1000.0,pareto front
effort/china.csv,14,none,log,none,rf,moead,"['sa', 'sd']",269.36523604393005,,2438.167795226708,0.4376017724513821,0.3977340131980375,2438.167795226708,500.0,pareto front
effort/china.csv,15,none,log,none,rf,default,None,2.978482484817505,"{'la__n_estimators': 100, 'la__min_samples_leaf': 1, 'la__min_impurity_decrease': 0.0, 'la__max_depth': None}",2271.569730538922,0.41143360559473485,0.47544939612152637,2271.569730538922,,
effort/china.csv,15,none,log,none,rf,random search,"['sa', 'sd']",48.31048250198364,,2092.348593602269,0.4578700134011518,0.40292779918871174,2092.348593602269,320.0,pareto front
effort/china.csv,15,none,log,none,rf,tpe,"['sa', 'sd']",771.4225525856018,,2092.8029968308992,0.45775227698906396,0.4091116806924403,2092.8029968308992,1280.0,pareto front
effort/china.csv,15,none,log,none,rf,nsga-ii,"['sa', 'sd']",515.0710773468018,,2108.9362654370407,0.45357212807889374,0.3980928484360233,2108.9362654370407,1000.0,pareto front
effort/china.csv,15,none,log,none,rf,nsga-iii,"['sa', 'sd']",481.9272665977478,,2097.939629946363,0.4564213692949234,0.40852468471004344,2097.939629946363,1000.0,pareto front
effort/china.csv,15,none,log,none,rf,moead,"['sa', 'sd']",240.7753427028656,,2093.16696987731,0.4576579711437682,0.3865952228983998,2093.16696987731,500.0,pareto front
effort/china.csv,16,none,log,none,rf,default,None,2.9862093925476074,"{'la__n_estimators': 100, 'la__min_samples_leaf': 1, 'la__min_impurity_decrease': 0.0, 'la__max_depth': None}",2889.937530120482,0.4386977710410489,0.48997252940361,2889.937530120482,,
effort/china.csv,16,none,log,none,rf,random search,"['sa', 'sd']",120.48657941818237,,2738.3375776839216,0.4681424875187663,0.44426456797882063,2738.3375776839216,320.0,pareto front
effort/china.csv,16,none,log,none,rf,tpe,"['sa', 'sd']",1240.934616804123,,2717.902660529442,0.47211148838049855,0.47301645293473227,2717.902660529442,1280.0,pareto front
effort/china.csv,16,none,log,none,rf,nsga-ii,"['sa', 'sd']",747.6912279129028,,2701.5133700882434,0.4752947216372109,0.4624415378721167,2701.5133700882434,1000.0,pareto front
effort/china.csv,16,none,log,none,rf,nsga-iii,"['sa', 'sd']",728.956515789032,,2697.080888962627,0.47615562659093263,0.4679791159955085,2697.080888962627,1000.0,pareto front
effort/china.csv,16,none,log,none,rf,moead,"['sa', 'sd']",385.8440945148468,,2669.4371857508777,0.4815247641822174,0.4709169007786736,2669.4371857508777,500.0,pareto front
effort/china.csv,17,none,log,none,rf,default,None,2.6008212566375732,"{'la__n_estimators': 100, 'la__min_samples_leaf': 1, 'la__min_impurity_decrease': 0.0, 'la__max_depth': None}",3229.6793975903615,0.4285570839057583,0.4434321847504198,3229.6793975903615,,
effort/china.csv,17,none,log,none,rf,random search,"['sa', 'sd']",96.18126773834229,,2911.5860275787823,0.48483889413289116,0.4250485970814376,2911.5860275787823,320.0,pareto front
effort/china.csv,17,none,log,none,rf,tpe,"['sa', 'sd']",915.9843413829803,,2897.7774793049753,0.4872821078768001,0.4253779112502162,2897.7774793049753,1280.0,pareto front
effort/china.csv,17,none,log,none,rf,nsga-ii,"['sa', 'sd']",447.511048078537,,2866.7149167157795,0.4927781584632991,0.4291207650531663,2866.7149167157795,1000.0,pareto front
effort/china.csv,17,none,log,none,rf,nsga-iii,"['sa', 'sd']",192.2424829006195,,2875.8964667680875,0.49115362206502045,0.42320410634541256,2875.8964667680875,1000.0,pareto front
effort/china.csv,17,none,log,none,rf,moead,"['sa', 'sd']",255.80370807647705,,2888.597330498464,0.4889063963458307,0.4146095155570963,2888.597330498464,500.0,pareto front
effort/china.csv,18,none,log,none,rf,default,None,2.60600209236145,"{'la__n_estimators': 100, 'la__min_samples_leaf': 1, 'la__min_impurity_decrease': 0.0, 'la__max_depth': None}",2807.3106586826357,0.428677416944399,0.46279677767157845,2807.3106586826357,,
effort/china.csv,18,none,log,none,rf,random search,"['sa', 'sd']",62.80653190612793,,2502.5383663092653,0.4907023634119339,0.45231338461237786,2502.5383663092653,320.0,pareto front
effort/china.csv,18,none,log,none,rf,tpe,"['sa', 'sd']",797.6330010890961,,2670.677120160833,0.45648403888660144,0.46567119695741876,2670.677120160833,1280.0,pareto front
effort/china.csv,18,none,log,none,rf,nsga-ii,"['sa', 'sd']",758.9179866313934,,2661.5392731068073,0.4583437042450918,0.4611211687107953,2661.5392731068073,1000.0,pareto front
effort/china.csv,18,none,log,none,rf,nsga-iii,"['sa', 'sd']",362.4720003604889,,2624.0425464570935,0.46597475379045883,0.4376868156570385,2624.0425464570935,1000.0,pareto front
effort/china.csv,18,none,log,none,rf,moead,"['sa', 'sd']",75.13205075263977,,2650.3205407367077,0.4606268556079347,0.46705370294196463,2650.3205407367077,500.0,pareto front
effort/china.csv,19,none,log,none,rf,default,None,2.561401128768921,"{'la__n_estimators': 100, 'la__min_samples_leaf': 1, 'la__min_impurity_decrease': 0.0, 'la__max_depth': None}",3047.9829216867465,0.46977907381811446,0.451589483536716,3047.9829216867465,,
effort/china.csv,19,none,log,none,rf,random search,"['sa', 'sd']",342.4687476158142,,2869.6973887781887,0.500793263468263,0.3656283149584236,2869.6973887781887,320.0,pareto front
effort/china.csv,19,none,log,none,rf,tpe,"['sa', 'sd']",1685.4000418186188,,2858.5096083687295,0.5027394670537281,0.3854993409540586,2858.5096083687295,1280.0,pareto front
effort/china.csv,19,none,log,none,rf,nsga-ii,"['sa', 'sd']",2523.211587905884,,2830.908831044452,0.5075408422885078,0.37770479889233893,2830.908831044452,1000.0,pareto front
effort/china.csv,19,none,log,none,rf,nsga-iii,"['sa', 'sd']",1533.0258452892303,,2908.41698499343,0.49405768105388626,0.3643533426463035,2908.41698499343,1000.0,pareto front
effort/china.csv,19,none,log,none,rf,moead,"['sa', 'sd']",511.7926731109619,,2827.8058188959453,0.5080806359873598,0.3852338038255396,2827.8058188959453,500.0,pareto front
effort/china.csv,20,none,log,none,rf,default,None,2.6529994010925293,"{'la__n_estimators': 100, 'la__min_samples_leaf': 1, 'la__min_impurity_decrease': 0.0, 'la__max_depth': None}",2476.3746084337345,0.38736786501364606,0.4682964672793539,2476.3746084337345,,
effort/china.csv,20,none,log,none,rf,random search,"['sa', 'sd']",68.4865472316742,,2332.882096242111,0.4228665830989966,0.4747537890487217,2332.882096242111,320.0,pareto front
effort/china.csv,20,none,log,none,rf,tpe,"['sa', 'sd']",801.8901720046997,,2326.184035840331,0.42452362118614023,0.473928046736437,2326.184035840331,1280.0,pareto front
effort/china.csv,20,none,log,none,rf,nsga-ii,"['sa', 'sd']",572.7238247394562,,2326.333859793844,0.42448655612813163,0.4831121218491759,2326.333859793844,1000.0,pareto front
effort/china.csv,20,none,log,none,rf,nsga-iii,"['sa', 'sd']",407.5773546695709,,2318.397974897182,0.42644982052710034,0.47614511666527515,2318.397974897182,1000.0,pareto front
effort/china.csv,20,none,log,none,rf,moead,"['sa', 'sd']",260.80005979537964,,2327.531468496939,0.42419027883060306,0.46155028840867535,2327.531468496939,500.0,pareto front
effort/china.csv,21,none,log,none,rf,default,None,2.5799975395202637,"{'la__n_estimators': 100, 'la__min_samples_leaf': 1, 'la__min_impurity_decrease': 0.0, 'la__max_depth': None}",2778.653353293413,0.3282344279431114,0.4034843290362633,2778.653353293413,,
effort/china.csv,21,none,log,none,rf,random search,"['sa', 'sd']",128.43414974212646,,2574.398809244257,0.377614884294664,0.4275465249326921,2574.398809244257,320.0,pareto front
effort/china.csv,21,none,log,none,rf,tpe,"['sa', 'sd']",1242.3722717761993,,2544.956337148299,0.3847328787313818,0.423937943189562,2544.956337148299,1280.0,pareto front
effort/china.csv,21,none,log,none,rf,nsga-ii,"['sa', 'sd']",1302.2189140319824,,2605.246043030856,0.37015727551216976,0.4188592658292005,2605.246043030856,1000.0,pareto front
effort/china.csv,21,none,log,none,rf,nsga-iii,"['sa', 'sd']",870.5372579097748,,2636.6636218447065,0.36256178045715926,0.4145059019871298,2636.6636218447065,1000.0,pareto front
effort/china.csv,21,none,log,none,rf,moead,"['sa', 'sd']",366.18478298187256,,2509.7236723796163,0.3932507066840374,0.4278001816040262,2509.7236723796163,500.0,pareto front
effort/china.csv,22,none,log,none,rf,default,None,2.6329853534698486,"{'la__n_estimators': 100, 'la__min_samples_leaf': 1, 'la__min_impurity_decrease': 0.0, 'la__max_depth': None}",2764.6582228915663,0.47771870859118803,0.4606954049100551,2764.6582228915663,,
effort/china.csv,22,none,log,none,rf,random search,"['sa', 'sd']",140.34634828567505,,2712.067576596889,0.4876537922248099,0.3697233473985874,2712.067576596889,320.0,pareto front
effort/china.csv,22,none,log,none,rf,tpe,"['sa', 'sd']",671.9242613315582,,2691.44834767642,0.49154904315285164,0.3749128422230104,2691.44834767642,1280.0,pareto front
effort/china.csv,22,none,log,none,rf,nsga-ii,"['sa', 'sd']",1004.9525756835938,,2689.312702237455,0.49195249543082875,0.379499278546374,2689.312702237455,1000.0,pareto front
effort/china.csv,22,none,log,none,rf,nsga-iii,"['sa', 'sd']",306.9873299598694,,2691.6271705585336,0.4915152610943569,0.37585243738058843,2691.6271705585336,1000.0,pareto front
effort/china.csv,22,none,log,none,rf,moead,"['sa', 'sd']",395.94864082336426,,2654.0300077862476,0.498617873114688,0.39144293330877117,2654.0300077862476,500.0,pareto front
effort/china.csv,23,none,log,none,rf,default,None,2.7395875453948975,"{'la__n_estimators': 100, 'la__min_samples_leaf': 1, 'la__min_impurity_decrease': 0.0, 'la__max_depth': None}",2736.7240963855425,0.4813069519569009,0.48302683009630787,2736.7240963855425,,
effort/china.csv,23,none,log,none,rf,random search,"['sa', 'sd']",191.9027373790741,,2626.8554309247033,0.5021304295765762,0.4479758637279052,2626.8554309247033,320.0,pareto front
effort/china.csv,23,none,log,none,rf,tpe,"['sa', 'sd']",285.51781249046326,,2661.2387707078315,0.49561373345161175,0.4518323663939163,2661.2387707078315,1280.0,pareto front
effort/china.csv,23,none,log,none,rf,nsga-ii,"['sa', 'sd']",511.0466556549072,,2637.915493708148,0.5000342088854697,0.4768186215446474,2637.915493708148,1000.0,pareto front
effort/china.csv,23,none,log,none,rf,nsga-iii,"['sa', 'sd']",719.1197464466095,,2569.153981399708,0.513066621781758,0.4600348176038787,2569.153981399708,1000.0,pareto front
effort/china.csv,23,none,log,none,rf,moead,"['sa', 'sd']",411.67440366744995,,2636.612528615168,0.5002811606832283,0.4137161361314439,2636.612528615168,500.0,pareto front
effort/china.csv,24,none,log,none,rf,default,None,2.7224903106689453,"{'la__n_estimators': 100, 'la__min_samples_leaf': 1, 'la__min_impurity_decrease': 0.0, 'la__max_depth': None}",3542.3597604790425,0.47541900871634024,0.45905668807693256,3542.3597604790425,,
effort/china.csv,24,none,log,none,rf,random search,"['sa', 'sd']",314.8059675693512,,3624.58924565312,0.46324180827311673,0.39407559621762644,3624.58924565312,320.0,pareto front
effort/china.csv,24,none,log,none,rf,tpe,"['sa', 'sd']",2024.7196946144104,,3627.564118429807,0.46280126529734444,0.39126499031759027,3627.564118429807,1280.0,pareto front
effort/china.csv,24,none,log,none,rf,nsga-ii,"['sa', 'sd']",1070.1082525253296,,3632.793409515615,0.4620268700108723,0.3836181638455121,3632.793409515615,1000.0,pareto front
effort/china.csv,24,none,log,none,rf,nsga-iii,"['sa', 'sd']",1344.1742055416107,,3649.6262107381926,0.459534134052787,0.384446263922485,3649.6262107381926,1000.0,pareto front
effort/china.csv,24,none,log,none,rf,moead,"['sa', 'sd']",640.5172016620636,,3602.0878953909623,0.4665739883518977,0.3971189008818674,3602.0878953909623,500.0,pareto front
effort/china.csv,25,none,log,none,rf,default,None,2.971647024154663,"{'la__n_estimators': 100, 'la__min_samples_leaf': 1, 'la__min_impurity_decrease': 0.0, 'la__max_depth': None}",2423.6063855421685,0.41029308738995685,0.5388480019755566,2423.6063855421685,,
effort/china.csv,25,none,log,none,rf,random search,"['sa', 'sd']",125.24290037155151,,2170.9241323923993,0.4717752126497341,0.518467183953485,2170.9241323923993,320.0,pareto front
effort/china.csv,25,none,log,none,rf,tpe,"['sa', 'sd']",1176.5625772476196,,2228.855419186143,0.4576794912972657,0.5197005514365118,2228.855419186143,1280.0,pareto front
effort/china.csv,25,none,log,none,rf,nsga-ii,"['sa', 'sd']",1262.3784699440002,,2181.58208992435,0.46918194038061134,0.5310547638368409,2181.58208992435,1000.0,pareto front
effort/china.csv,25,none,log,none,rf,nsga-iii,"['sa', 'sd']",1469.7164788246155,,2185.4832820740894,0.4682327103439827,0.519088412693721,2185.4832820740894,1000.0,pareto front
effort/china.csv,25,none,log,none,rf,moead,"['sa', 'sd']",566.1154410839081,,2145.45699374588,0.47797182435774094,0.5271105827577147,2145.45699374588,500.0,pareto front
effort/china.csv,26,none,log,none,rf,default,None,2.8131918907165527,"{'la__n_estimators': 100, 'la__min_samples_leaf': 1, 'la__min_impurity_decrease': 0.0, 'la__max_depth': None}",2306.9312650602405,0.3833995904604077,0.3975833240308565,2306.9312650602405,,
effort/china.csv,26,none,log,none,rf,random search,"['sa', 'sd']",85.96899318695068,,2020.2095767358576,0.4600350382183545,0.411561155591637,2020.2095767358576,320.0,pareto front
effort/china.csv,26,none,log,none,rf,tpe,"['sa', 'sd']",1018.2800416946411,,2049.779516398929,0.4521315357679532,0.4155669390335679,2049.779516398929,1280.0,pareto front
effort/china.csv,26,none,log,none,rf,nsga-ii,"['sa', 'sd']",1172.5513334274292,,2033.7438176180985,0.4564175838983275,0.40692970348609137,2033.7438176180985,1000.0,pareto front
effort/china.csv,26,none,log,none,rf,nsga-iii,"['sa', 'sd']",401.70798444747925,,2066.5662654854314,0.4476447456678998,0.406235254521893,2066.5662654854314,1000.0,pareto front
effort/china.csv,26,none,log,none,rf,moead,"['sa', 'sd']",193.7457914352417,,2017.7300209240323,0.4606977780026747,0.40665946362295474,2017.7300209240323,500.0,pareto front
effort/china.csv,27,none,log,none,rf,default,None,3.134165048599243,"{'la__n_estimators': 100, 'la__min_samples_leaf': 1, 'la__min_impurity_decrease': 0.0, 'la__max_depth': None}",3195.577724550898,0.24161761151398853,0.23887940448724798,3195.577724550898,,
effort/china.csv,27,none,log,none,rf,random search,"['sa', 'sd']",169.46198081970215,,2817.7656313994216,0.33128090945282507,0.3157861247778434,2817.7656313994216,320.0,pareto front
effort/china.csv,27,none,log,none,rf,tpe,"['sa', 'sd']",1037.4587795734406,,2852.638907488054,0.3230046975455881,0.2932067496371583,2852.638907488054,1280.0,pareto front
effort/china.csv,27,none,log,none,rf,nsga-ii,"['sa', 'sd']",765.1335427761078,,2844.0138770070607,0.3250516110556826,0.2709325632430331,2844.0138770070607,1000.0,pareto front
effort/china.csv,27,none,log,none,rf,nsga-iii,"['sa', 'sd']",707.2130477428436,,2858.5575979158557,0.3216000593329543,0.30127755493529,2858.5575979158557,1000.0,pareto front
effort/china.csv,27,none,log,none,rf,moead,"['sa', 'sd']",133.25355195999146,,2683.139097837384,0.36323081049637396,0.344139398000168,2683.139097837384,500.0,pareto front
effort/china.csv,28,none,log,none,rf,default,None,3.113415241241455,"{'la__n_estimators': 100, 'la__min_samples_leaf': 1, 'la__min_impurity_decrease': 0.0, 'la__max_depth': None}",2634.083674698795,0.5262440856394204,0.4804554913394773,2634.083674698795,,
effort/china.csv,28,none,log,none,rf,random search,"['sa', 'sd']",360.4651699066162,,2632.144627058872,0.526592835110238,0.4326750057417688,2632.144627058872,320.0,pareto front
effort/china.csv,28,none,log,none,rf,tpe,"['sa', 'sd']",1068.8004965782166,,2669.7050847926334,0.5198373591288249,0.4272991675225737,2669.7050847926334,1280.0,pareto front
effort/china.csv,28,none,log,none,rf,nsga-ii,"['sa', 'sd']",854.319354057312,,2679.8619528908594,0.518010584839483,0.41797201737412265,2679.8619528908594,1000.0,pareto front
effort/china.csv,28,none,log,none,rf,nsga-iii,"['sa', 'sd']",1099.2387475967407,,2697.450640420767,0.514847152780292,0.4149207768958987,2697.450640420767,1000.0,pareto front
effort/china.csv,28,none,log,none,rf,moead,"['sa', 'sd']",689.683337688446,,2639.918767941649,0.525194608752562,0.4311618038357169,2639.918767941649,500.0,pareto front
effort/china.csv,29,none,log,none,rf,default,None,2.8178045749664307,"{'la__n_estimators': 100, 'la__min_samples_leaf': 1, 'la__min_impurity_decrease': 0.0, 'la__max_depth': None}",2773.403614457832,0.4400826970638094,0.4218355174446736,2773.403614457832,,
effort/china.csv,29,none,log,none,rf,random search,"['sa', 'sd']",80.82775497436523,,2531.4963673932884,0.4889209017272071,0.3767255354000298,2531.4963673932884,320.0,pareto front
effort/china.csv,29,none,log,none,rf,tpe,"['sa', 'sd']",462.52174258232117,,2492.784712714494,0.4967363257668071,0.39600778575472617,2492.784712714494,1280.0,pareto front
effort/china.csv,29,none,log,none,rf,nsga-ii,"['sa', 'sd']",790.9736416339874,,2566.671854826726,0.4818193879228247,0.38034868877054206,2566.671854826726,1000.0,pareto front
effort/china.csv,29,none,log,none,rf,nsga-iii,"['sa', 'sd']",480.5872709751129,,2584.199897867331,0.4782806838792144,0.3778037694546331,2584.199897867331,1000.0,pareto front
effort/china.csv,29,none,log,none,rf,moead,"['sa', 'sd']",1019.090918302536,,2553.3161432351453,0.4845157477220865,0.38435630398686155,2553.3161432351453,500.0,pareto front
effort/isbsg10.csv,0,none,log,none,rf,default,None,1.3474678993225098,"{'la__n_estimators': 100, 'la__min_samples_leaf': 1, 'la__min_impurity_decrease': 0.0, 'la__max_depth': None}",2443.6861538461535,0.3702838566444656,0.3698506175318669,2443.6861538461535,,
effort/isbsg10.csv,0,none,log,none,rf,random search,"['sa', 'sd']",41.332887172698975,,2490.6512027809395,0.35818138209339895,0.2741298023123481,2490.6512027809395,320.0,pareto front
effort/isbsg10.csv,0,none,log,none,rf,tpe,"['sa', 'sd']",353.3337254524231,,2678.2292841880344,0.3098441822382563,0.2114855719166812,2678.2292841880344,1280.0,pareto front
effort/isbsg10.csv,0,none,log,none,rf,nsga-ii,"['sa', 'sd']",396.10653352737427,,2831.2492003506345,0.2704123135791657,0.10945462174814426,2831.2492003506345,1000.0,pareto front
effort/isbsg10.csv,0,none,log,none,rf,nsga-iii,"['sa', 'sd']",242.1717393398285,,2653.020381647042,0.3163402917576209,0.21488464665374574,2653.020381647042,1000.0,pareto front
effort/isbsg10.csv,0,none,log,none,rf,moead,"['sa', 'sd']",128.98388028144836,,2833.0010610079576,0.2699608747006136,0.11860616360027273,2833.0010610079576,500.0,pareto front
effort/isbsg10.csv,1,none,log,none,rf,default,None,1.210392951965332,"{'la__n_estimators': 100, 'la__min_samples_leaf': 1, 'la__min_impurity_decrease': 0.0, 'la__max_depth': None}",2964.6075,0.2594266978922717,0.41072744608284917,2964.6075,,
effort/isbsg10.csv,1,none,log,none,rf,random search,"['sa', 'sd']",38.43654131889343,,2720.316297111491,0.3204518227356149,0.08730222032008834,2720.316297111491,320.0,pareto front
effort/isbsg10.csv,1,none,log,none,rf,tpe,"['sa', 'sd']",202.25471949577332,,2670.725,0.33283996877439503,0.2141649577701788,2670.725,1280.0,pareto front
effort/isbsg10.csv,1,none,log,none,rf,nsga-ii,"['sa', 'sd']",141.19369387626648,,2722.1633208161124,0.3199904272746636,0.21412437254894814,2722.1633208161124,1000.0,pareto front
effort/isbsg10.csv,1,none,log,none,rf,nsga-iii,"['sa', 'sd']",165.75034046173096,,2674.7049024609846,0.3318457698770375,0.13837653057146315,2674.7049024609846,1000.0,pareto front
effort/isbsg10.csv,1,none,log,none,rf,moead,"['sa', 'sd']",27.11009693145752,,2730.8849206349205,0.3178117294276545,0.08005577232245542,2730.8849206349205,500.0,pareto front
effort/isbsg10.csv,2,none,log,none,rf,default,None,1.2903199195861816,"{'la__n_estimators': 100, 'la__min_samples_leaf': 1, 'la__min_impurity_decrease': 0.0, 'la__max_depth': None}",1375.5458333333333,-0.055979912356459716,-0.23279982296120627,1375.5458333333333,,
effort/isbsg10.csv,2,none,log,none,rf,random search,"['sa', 'sd']",21.0715970993042,,1268.3213734567903,0.02633423014544467,0.2365102625748446,1268.3213734567903,320.0,pareto front
effort/isbsg10.csv,2,none,log,none,rf,tpe,"['sa', 'sd']",205.50265955924988,,1408.4125,-0.08121101621725357,-0.03676441805672187,1408.4125,1280.0,pareto front
effort/isbsg10.csv,2,none,log,none,rf,nsga-ii,"['sa', 'sd']",247.062424659729,,1728.8571364977615,-0.3272101614031372,-0.38539699330778915,1728.8571364977615,1000.0,pareto front
effort/isbsg10.csv,2,none,log,none,rf,nsga-iii,"['sa', 'sd']",243.86398482322693,,1374.7241151413486,-0.05534909520495042,0.039311849698022906,1374.7241151413486,1000.0,pareto front
effort/isbsg10.csv,2,none,log,none,rf,moead,"['sa', 'sd']",79.1032235622406,,1135.9887914230019,0.12792339205603923,0.4659521023097732,1135.9887914230019,500.0,pareto front
effort/isbsg10.csv,3,none,log,none,rf,default,None,1.2375400066375732,"{'la__n_estimators': 100, 'la__min_samples_leaf': 1, 'la__min_impurity_decrease': 0.0, 'la__max_depth': None}",1857.2738461538463,-0.6601045104510452,-0.9608427517069404,1857.2738461538463,,
effort/isbsg10.csv,3,none,log,none,rf,random search,"['sa', 'sd']",202.16557335853577,,934.1771781491358,0.16499564659386926,0.16425678739182395,934.1771781491358,320.0,pareto front
effort/isbsg10.csv,3,none,log,none,rf,tpe,"['sa', 'sd']",355.493106842041,,963.6554487179486,0.13864680738907223,0.18497770288619034,963.6554487179486,1280.0,pareto front
effort/isbsg10.csv,3,none,log,none,rf,nsga-ii,"['sa', 'sd']",386.5227630138397,,946.6897027137711,0.15381145934550172,0.2488754553143623,946.6897027137711,1000.0,pareto front
effort/isbsg10.csv,3,none,log,none,rf,nsga-iii,"['sa', 'sd']",502.6750581264496,,1080.1504406316667,0.03451899558500621,0.06452507221130746,1080.1504406316667,1000.0,pareto front
effort/isbsg10.csv,3,none,log,none,rf,moead,"['sa', 'sd']",325.25061678886414,,886.1355202216617,0.20793717251914176,0.2662303968235144,886.1355202216617,500.0,pareto front
effort/isbsg10.csv,4,none,log,none,rf,default,None,1.2508881092071533,"{'la__n_estimators': 100, 'la__min_samples_leaf': 1, 'la__min_impurity_decrease': 0.0, 'la__max_depth': None}",2435.6024999999995,0.4447134484036137,0.344172330578964,2435.6024999999995,,
effort/isbsg10.csv,4,none,log,none,rf,random search,"['sa', 'sd']",74.47134375572205,,2981.414956761006,0.32027511458963087,0.2128889080014516,2981.414956761006,320.0,pareto front
effort/isbsg10.csv,4,none,log,none,rf,tpe,"['sa', 'sd']",282.81285405158997,,2901.2958333333327,0.33854126096001674,0.18615785163410334,2901.2958333333327,1280.0,pareto front
effort/isbsg10.csv,4,none,log,none,rf,nsga-ii,"['sa', 'sd']",423.1209237575531,,2946.991299496917,0.32812327287305854,0.1703886126550888,2946.991299496917,1000.0,pareto front
effort/isbsg10.csv,4,none,log,none,rf,nsga-iii,"['sa', 'sd']",280.75920701026917,,2970.7368379787767,0.3227095905585628,0.2121920074136351,2970.7368379787767,1000.0,pareto front
effort/isbsg10.csv,4,none,log,none,rf,moead,"['sa', 'sd']",110.0999538898468,,3000.9166666666665,0.3158289714920822,0.11984789732780159,3000.9166666666665,500.0,pareto front
effort/isbsg10.csv,5,none,log,none,rf,default,None,1.265061378479004,"{'la__n_estimators': 100, 'la__min_samples_leaf': 1, 'la__min_impurity_decrease': 0.0, 'la__max_depth': None}",2138.058333333334,0.451303126648512,0.3140505011637639,2138.058333333334,,
effort/isbsg10.csv,5,none,log,none,rf,random search,"['sa', 'sd']",78.09795808792114,,2763.475305518069,0.2908003322071139,0.13046664430248087,2763.475305518069,320.0,pareto front
effort/isbsg10.csv,5,none,log,none,rf,tpe,"['sa', 'sd']",99.43992066383362,,2632.6904166666673,0.32436408417570806,0.16731962202040768,2632.6904166666673,1280.0,pareto front
effort/isbsg10.csv,5,none,log,none,rf,nsga-ii,"['sa', 'sd']",145.78226804733276,,2718.5886574074075,0.3023197388994235,0.1515442822961246,2718.5886574074075,1000.0,pareto front
effort/isbsg10.csv,5,none,log,none,rf,nsga-iii,"['sa', 'sd']",416.36935472488403,,2655.349406167079,0.31854903390399886,0.1757868644657006,2655.349406167079,1000.0,pareto front
effort/isbsg10.csv,5,none,log,none,rf,moead,"['sa', 'sd']",56.14714455604553,,2894.333333333334,0.2572178103480231,0.0766726281151106,2894.333333333334,500.0,pareto front
effort/isbsg10.csv,6,none,log,none,rf,default,None,1.2610447406768799,"{'la__n_estimators': 100, 'la__min_samples_leaf': 1, 'la__min_impurity_decrease': 0.0, 'la__max_depth': None}",2482.3553846153845,0.07319139817253151,0.5081604464683687,2482.3553846153845,,
effort/isbsg10.csv,6,none,log,none,rf,random search,"['sa', 'sd']",222.28662967681885,,1692.3160023055086,0.3681593547532941,0.23801169007483652,1692.3160023055086,320.0,pareto front
effort/isbsg10.csv,6,none,log,none,rf,tpe,"['sa', 'sd']",277.29305505752563,,2034.5915384615387,0.24036785758470156,0.32963436129582047,2034.5915384615387,1280.0,pareto front
effort/isbsg10.csv,6,none,log,none,rf,nsga-ii,"['sa', 'sd']",564.5100245475769,,1693.8202401886613,0.36759773468151036,0.23301563197340247,1693.8202401886613,1000.0,pareto front
effort/isbsg10.csv,6,none,log,none,rf,nsga-iii,"['sa', 'sd']",251.3701958656311,,1739.1776809172886,0.3506631464735914,0.21007178208830402,1739.1776809172886,1000.0,pareto front
effort/isbsg10.csv,6,none,log,none,rf,moead,"['sa', 'sd']",219.23981308937073,,1759.862669683258,0.342940229104137,0.19990380896015716,1759.862669683258,500.0,pareto front
effort/isbsg10.csv,7,none,log,none,rf,default,None,1.0713326930999756,"{'la__n_estimators': 100, 'la__min_samples_leaf': 1, 'la__min_impurity_decrease': 0.0, 'la__max_depth': None}",1374.3991666666664,0.3102762192189472,0.6755811399976025,1374.3991666666664,,
effort/isbsg10.csv,7,none,log,none,rf,random search,"['sa', 'sd']",76.54936337471008,,1604.5992805607573,0.19475338077286647,0.4481545015212437,1604.5992805607573,320.0,pareto front
effort/isbsg10.csv,7,none,log,none,rf,tpe,"['sa', 'sd']",377.8585476875305,,1578.4744058641975,0.20786379860864249,0.4260061707574565,1578.4744058641975,1280.0,pareto front
effort/isbsg10.csv,7,none,log,none,rf,nsga-ii,"['sa', 'sd']",385.85520339012146,,1416.0325676968532,0.2893830555284029,0.627632091744862,1416.0325676968532,1000.0,pareto front
effort/isbsg10.csv,7,none,log,none,rf,nsga-iii,"['sa', 'sd']",312.850154876709,,1608.7243803852773,0.19268325477448744,0.41121677659823425,1608.7243803852773,1000.0,pareto front
effort/isbsg10.csv,7,none,log,none,rf,moead,"['sa', 'sd']",30.386547803878784,,1662.962664473684,0.16546449964728366,0.411375107273476,1662.962664473684,500.0,pareto front
effort/isbsg10.csv,8,none,log,none,rf,default,None,1.0564625263214111,"{'la__n_estimators': 100, 'la__min_samples_leaf': 1, 'la__min_impurity_decrease': 0.0, 'la__max_depth': None}",2432.106666666667,0.4786899945520634,0.1482527937850614,2432.106666666667,,
effort/isbsg10.csv,8,none,log,none,rf,random search,"['sa', 'sd']",112.6383101940155,,3497.7333991234327,0.25027818790055834,0.015693962908177685,3497.7333991234327,320.0,pareto front
effort/isbsg10.csv,8,none,log,none,rf,tpe,"['sa', 'sd']",371.91779375076294,,3495.401388888889,0.2507780427320657,0.017712172965067313,3495.401388888889,1280.0,pareto front
effort/isbsg10.csv,8,none,log,none,rf,nsga-ii,"['sa', 'sd']",369.9128608703613,,3493.738407494146,0.25113449454885295,0.017701784469364323,3493.738407494146,1000.0,pareto front
effort/isbsg10.csv,8,none,log,none,rf,nsga-iii,"['sa', 'sd']",130.80810475349426,,3151.515277777778,0.32448832563775093,0.10461192151318972,3151.515277777778,1000.0,pareto front
effort/isbsg10.csv,8,none,log,none,rf,moead,"['sa', 'sd']",356.95789337158203,,3508.028042328042,0.2480715821711991,0.011515603834444008,3508.028042328042,500.0,pareto front
effort/isbsg10.csv,9,none,log,none,rf,default,None,1.218254566192627,"{'la__n_estimators': 100, 'la__min_samples_leaf': 1, 'la__min_impurity_decrease': 0.0, 'la__max_depth': None}",2341.7192307692303,0.40177019844725015,0.34416099786874954,2341.7192307692303,,
effort/isbsg10.csv,9,none,log,none,rf,random search,"['sa', 'sd']",391.34461736679077,,2568.022590628353,0.34395736918899106,0.1451825401588352,2568.022590628353,320.0,pareto front
effort/isbsg10.csv,9,none,log,none,rf,tpe,"['sa', 'sd']",582.3541400432587,,2443.786396271997,0.3756955011216812,0.1888761095203286,2443.786396271997,1280.0,pareto front
effort/isbsg10.csv,9,none,log,none,rf,nsga-ii,"['sa', 'sd']",711.2601478099823,,2468.393938515504,0.36940910908987545,0.17245981384879347,2468.393938515504,1000.0,pareto front
effort/isbsg10.csv,9,none,log,none,rf,nsga-iii,"['sa', 'sd']",319.0449209213257,,2449.218137598014,0.37430787552897443,0.19460678978313792,2449.218137598014,1000.0,pareto front
effort/isbsg10.csv,9,none,log,none,rf,moead,"['sa', 'sd']",446.6127338409424,,2479.588157419368,0.36654936601504207,0.1830571202458136,2479.588157419368,500.0,pareto front
effort/isbsg10.csv,10,none,log,none,rf,default,None,1.1982645988464355,"{'la__n_estimators': 100, 'la__min_samples_leaf': 1, 'la__min_impurity_decrease': 0.0, 'la__max_depth': None}",2193.7374999999997,0.2530014897491074,0.5508275960119395,2193.7374999999997,,
effort/isbsg10.csv,10,none,log,none,rf,random search,"['sa', 'sd']",82.34673118591309,,2172.3437619663696,0.26028635880924766,0.3182258909211063,2172.3437619663696,320.0,pareto front
effort/isbsg10.csv,10,none,log,none,rf,tpe,"['sa', 'sd']",87.01479125022888,,1968.2083333333335,0.32979734682778017,0.2408663272806834,1968.2083333333335,1280.0,pareto front
effort/isbsg10.csv,10,none,log,none,rf,nsga-ii,"['sa', 'sd']",94.89395666122437,,2589.4872126436785,0.11824313977467023,0.4584553222219843,2589.4872126436785,1000.0,pareto front
effort/isbsg10.csv,10,none,log,none,rf,nsga-iii,"['sa', 'sd']",155.589528799057,,2261.5681708210636,0.22990419116499997,0.3467533334252349,2261.5681708210636,1000.0,pareto front
effort/isbsg10.csv,10,none,log,none,rf,moead,"['sa', 'sd']",34.887664556503296,,2006.7825985863096,0.31666226631883326,0.2646960944750223,2006.7825985863096,500.0,pareto front
effort/isbsg10.csv,11,none,log,none,rf,default,None,1.2974979877471924,"{'la__n_estimators': 100, 'la__min_samples_leaf': 1, 'la__min_impurity_decrease': 0.0, 'la__max_depth': None}",1293.3341666666665,0.5191371119327454,0.47688740187138723,1293.3341666666665,,
effort/isbsg10.csv,11,none,log,none,rf,random search,"['sa', 'sd']",23.182999849319458,,1946.3017499349467,0.2763631359587498,0.268206950614824,1946.3017499349467,320.0,pareto front
effort/isbsg10.csv,11,none,log,none,rf,tpe,"['sa', 'sd']",300.7789423465729,,1919.4316666666666,0.28635345878173213,0.25996744696165736,1919.4316666666666,1280.0,pareto front
effort/isbsg10.csv,11,none,log,none,rf,nsga-ii,"['sa', 'sd']",132.03522062301636,,1944.3071694053208,0.27710472291955096,0.2613982199517329,1944.3071694053208,1000.0,pareto front
effort/isbsg10.csv,11,none,log,none,rf,nsga-iii,"['sa', 'sd']",38.15045166015625,,1885.4383680555557,0.29899219992563975,0.2422855255753168,1885.4383680555557,1000.0,pareto front
effort/isbsg10.csv,11,none,log,none,rf,moead,"['sa', 'sd']",96.93658518791199,,1947.6560283687943,0.2758596139334827,0.27013026719378447,1947.6560283687943,500.0,pareto front
effort/isbsg10.csv,12,none,log,none,rf,default,None,1.2717595100402832,"{'la__n_estimators': 100, 'la__min_samples_leaf': 1, 'la__min_impurity_decrease': 0.0, 'la__max_depth': None}",1534.6015384615384,0.09805921876304147,0.24144648747921238,1534.6015384615384,,
effort/isbsg10.csv,12,none,log,none,rf,random search,"['sa', 'sd']",86.32802653312683,,1382.371141584309,0.18753052427542136,0.3609517776012391,1382.371141584309,320.0,pareto front
effort/isbsg10.csv,12,none,log,none,rf,tpe,"['sa', 'sd']",290.22380018234253,,1433.86012513802,0.1572685879436699,0.3234397885863224,1433.86012513802,1280.0,pareto front
effort/isbsg10.csv,12,none,log,none,rf,nsga-ii,"['sa', 'sd']",308.6303017139435,,1313.7118696504165,0.2278840595842014,0.3485143446449024,1313.7118696504165,1000.0,pareto front
effort/isbsg10.csv,12,none,log,none,rf,nsga-iii,"['sa', 'sd']",292.64635133743286,,1317.380671888533,0.22572777192651508,0.30657486499826236,1317.380671888533,1000.0,pareto front
effort/isbsg10.csv,12,none,log,none,rf,moead,"['sa', 'sd']",365.8154366016388,,1336.4455128205125,0.21452267594988358,0.362746698295436,1336.4455128205125,500.0,pareto front
effort/isbsg10.csv,13,none,log,none,rf,default,None,1.2207655906677246,"{'la__n_estimators': 100, 'la__min_samples_leaf': 1, 'la__min_impurity_decrease': 0.0, 'la__max_depth': None}",2157.731666666666,0.22424834969490592,0.38625288247754186,2157.731666666666,,
effort/isbsg10.csv,13,none,log,none,rf,random search,"['sa', 'sd']",23.71228551864624,,1997.9,0.2817113239391609,0.319730979443089,1997.9,320.0,pareto front
effort/isbsg10.csv,13,none,log,none,rf,tpe,"['sa', 'sd']",87.71628832817078,,2310.35,0.1693787262940289,0.35317536698543456,2310.35,1280.0,pareto front
effort/isbsg10.csv,13,none,log,none,rf,nsga-ii,"['sa', 'sd']",85.82894110679626,,1947.6328125,0.29978347547761475,0.30684554424143917,1947.6328125,1000.0,pareto front
effort/isbsg10.csv,13,none,log,none,rf,nsga-iii,"['sa', 'sd']",85.36601519584656,,1889.3963529856387,0.3207207543219218,0.30584757294097475,1889.3963529856387,1000.0,pareto front
effort/isbsg10.csv,13,none,log,none,rf,moead,"['sa', 'sd']",32.460551023483276,,1998.9826388888887,0.28132209161814786,0.32067781193887684,1998.9826388888887,500.0,pareto front
effort/isbsg10.csv,14,none,log,none,rf,default,None,1.306624174118042,"{'la__n_estimators': 100, 'la__min_samples_leaf': 1, 'la__min_impurity_decrease': 0.0, 'la__max_depth': None}",3370.6341666666663,0.18472397563769638,-0.01705444821326174,3370.6341666666663,,
effort/isbsg10.csv,14,none,log,none,rf,random search,"['sa', 'sd']",51.03437423706055,,3182.5986872021535,0.23020527397998783,0.017622530080973253,3182.5986872021535,320.0,pareto front
effort/isbsg10.csv,14,none,log,none,rf,tpe,"['sa', 'sd']",619.3473834991455,,3435.8248046875,0.1689559149217429,-0.061993196670601644,3435.8248046875,1280.0,pareto front
effort/isbsg10.csv,14,none,log,none,rf,nsga-ii,"['sa', 'sd']",196.055073261261,,3422.5024581279763,0.17217827285237716,-0.06549115570780562,3422.5024581279763,1000.0,pareto front
effort/isbsg10.csv,14,none,log,none,rf,nsga-iii,"['sa', 'sd']",513.9693787097931,,3311.9076720969506,0.19892851420525057,-0.0062197104234719925,3311.9076720969506,1000.0,pareto front
effort/isbsg10.csv,14,none,log,none,rf,moead,"['sa', 'sd']",58.27459716796875,,3562.7708333333335,0.1382506979134821,-0.07939994348349393,3562.7708333333335,500.0,pareto front
effort/isbsg10.csv,15,none,log,none,rf,default,None,1.2532281875610352,"{'la__n_estimators': 100, 'la__min_samples_leaf': 1, 'la__min_impurity_decrease': 0.0, 'la__max_depth': None}",2560.6769230769232,0.3978918428565863,0.38333075369482117,2560.6769230769232,,
effort/isbsg10.csv,15,none,log,none,rf,random search,"['sa', 'sd']",23.70882558822632,,2805.8509615384614,0.3402425208561745,0.17574941725568216,2805.8509615384614,320.0,pareto front
effort/isbsg10.csv,15,none,log,none,rf,tpe,"['sa', 'sd']",87.28490805625916,,2824.0576923076924,0.3359614571217089,0.17856051884735424,2824.0576923076924,1280.0,pareto front
effort/isbsg10.csv,15,none,log,none,rf,nsga-ii,"['sa', 'sd']",233.07899570465088,,2793.5066508981217,0.3431451166752245,0.17267040436547662,2793.5066508981217,1000.0,pareto front
effort/isbsg10.csv,15,none,log,none,rf,nsga-iii,"['sa', 'sd']",76.53375029563904,,2792.6715212175736,0.3433414859978825,0.17304549309550998,2792.6715212175736,1000.0,pareto front
effort/isbsg10.csv,15,none,log,none,rf,moead,"['sa', 'sd']",45.9117157459259,,2798.5498520710057,0.34195927689319533,0.1777492570335346,2798.5498520710057,500.0,pareto front
effort/isbsg10.csv,16,none,log,none,rf,default,None,1.2675304412841797,"{'la__n_estimators': 100, 'la__min_samples_leaf': 1, 'la__min_impurity_decrease': 0.0, 'la__max_depth': None}",1546.17375,-0.04195456842814638,0.3035030688142215,1546.17375,,
effort/isbsg10.csv,16,none,log,none,rf,random search,"['sa', 'sd']",191.65512108802795,,1497.3904306627408,-0.009079865668157957,0.4002017338357751,1497.3904306627408,320.0,pareto front
effort/isbsg10.csv,16,none,log,none,rf,tpe,"['sa', 'sd']",589.8855488300323,,1716.5374727182539,-0.15676136758685066,0.3289773646661055,1716.5374727182539,1280.0,pareto front
effort/isbsg10.csv,16,none,log,none,rf,nsga-ii,"['sa', 'sd']",657.3003926277161,,1645.2192920833068,-0.10870059555229301,0.37856856335718647,1645.2192920833068,1000.0,pareto front
effort/isbsg10.csv,16,none,log,none,rf,nsga-iii,"['sa', 'sd']",338.0328311920166,,1613.95034812015,-0.08762869531318036,0.37735543045827474,1613.95034812015,1000.0,pareto front
effort/isbsg10.csv,16,none,log,none,rf,moead,"['sa', 'sd']",439.85204792022705,,1461.2497133027523,0.015275085099509797,0.4874039628953014,1461.2497133027523,500.0,pareto front
effort/isbsg10.csv,17,none,log,none,rf,default,None,1.3006839752197266,"{'la__n_estimators': 100, 'la__min_samples_leaf': 1, 'la__min_impurity_decrease': 0.0, 'la__max_depth': None}",2009.2991666666667,0.3612429024310553,0.39802414611802295,2009.2991666666667,,
effort/isbsg10.csv,17,none,log,none,rf,random search,"['sa', 'sd']",45.76203274726868,,2758.6345152114877,0.12302886229070631,-0.06104908832567705,2758.6345152114877,320.0,pareto front
effort/isbsg10.csv,17,none,log,none,rf,tpe,"['sa', 'sd']",159.07239484786987,,2745.381944444444,0.12724186042404384,-0.052573274339421015,2745.381944444444,1280.0,pareto front
effort/isbsg10.csv,17,none,log,none,rf,nsga-ii,"['sa', 'sd']",286.86770939826965,,2780.834188034188,0.11597157643977317,-0.0543566640316531,2780.834188034188,1000.0,pareto front
effort/isbsg10.csv,17,none,log,none,rf,nsga-iii,"['sa', 'sd']",207.79632544517517,,2837.38520798589,0.09799398207843266,-0.06509636380730954,2837.38520798589,1000.0,pareto front
effort/isbsg10.csv,17,none,log,none,rf,moead,"['sa', 'sd']",280.5293765068054,,2801.6251060220525,0.1093621343765717,-0.05697954898583949,2801.6251060220525,500.0,pareto front
effort/isbsg10.csv,18,none,log,none,rf,default,None,1.2396626472473145,"{'la__n_estimators': 100, 'la__min_samples_leaf': 1, 'la__min_impurity_decrease': 0.0, 'la__max_depth': None}",2510.436153846154,0.34804888130800904,0.28162690474782903,2510.436153846154,,
effort/isbsg10.csv,18,none,log,none,rf,random search,"['sa', 'sd']",201.26366019248962,,2950.073883675483,0.233876565337211,0.046940069423983134,2950.073883675483,320.0,pareto front
effort/isbsg10.csv,18,none,log,none,rf,tpe,"['sa', 'sd']",159.21699023246765,,2938.5534188034185,0.23686838807274913,0.0576064555114606,2938.5534188034185,1280.0,pareto front
effort/isbsg10.csv,18,none,log,none,rf,nsga-ii,"['sa', 'sd']",159.55022931098938,,2999.6826923076924,0.22099333855799377,0.04136295315878444,2999.6826923076924,1000.0,pareto front
effort/isbsg10.csv,18,none,log,none,rf,nsga-iii,"['sa', 'sd']",125.79923105239868,,2921.0889665889663,0.24140384265545622,0.045000182238978614,2921.0889665889663,1000.0,pareto front
effort/isbsg10.csv,18,none,log,none,rf,moead,"['sa', 'sd']",76.40970730781555,,2998.5825115055886,0.2212790515021753,0.04243260350983199,2998.5825115055886,500.0,pareto front
effort/isbsg10.csv,19,none,log,none,rf,default,None,1.1248009204864502,"{'la__n_estimators': 100, 'la__min_samples_leaf': 1, 'la__min_impurity_decrease': 0.0, 'la__max_depth': None}",2007.315833333334,0.2945854687088174,0.39477099491033774,2007.315833333334,,
effort/isbsg10.csv,19,none,log,none,rf,random search,"['sa', 'sd']",87.00154089927673,,2240.1596170219923,0.21275908852127826,0.3479606011807894,2240.1596170219923,320.0,pareto front
effort/isbsg10.csv,19,none,log,none,rf,tpe,"['sa', 'sd']",401.3229455947876,,2244.9055687830687,0.2110912576391242,0.3354973563934202,2244.9055687830687,1280.0,pareto front
effort/isbsg10.csv,19,none,log,none,rf,nsga-ii,"['sa', 'sd']",307.86731576919556,,2233.785408820825,0.2149991242027145,0.3481128899242908,2233.785408820825,1000.0,pareto front
effort/isbsg10.csv,19,none,log,none,rf,nsga-iii,"['sa', 'sd']",836.4368848800659,,2219.4571776311627,0.22003437691235087,0.3656540221130385,2219.4571776311627,1000.0,pareto front
effort/isbsg10.csv,19,none,log,none,rf,moead,"['sa', 'sd']",219.12809300422668,,2312.4605646630234,0.18735095979276983,0.3606010566223962,2312.4605646630234,500.0,pareto front
effort/isbsg10.csv,20,none,log,none,rf,default,None,1.2122206687927246,"{'la__n_estimators': 100, 'la__min_samples_leaf': 1, 'la__min_impurity_decrease': 0.0, 'la__max_depth': None}",1828.1775,0.3161501854718882,0.5710917836530722,1828.1775,,
effort/isbsg10.csv,20,none,log,none,rf,random search,"['sa', 'sd']",360.24350094795227,,1756.8320462330823,0.3428377337684462,0.217819034822609,1756.8320462330823,320.0,pareto front
effort/isbsg10.csv,20,none,log,none,rf,tpe,"['sa', 'sd']",530.6340053081512,,1790.142619047619,0.33037754921796025,0.26796918512809703,1790.142619047619,1280.0,pareto front
effort/isbsg10.csv,20,none,log,none,rf,nsga-ii,"['sa', 'sd']",790.394448518753,,1771.610898049677,0.3373095424009686,0.17080057645280236,1771.610898049677,1000.0,pareto front
effort/isbsg10.csv,20,none,log,none,rf,nsga-iii,"['sa', 'sd']",585.9818468093872,,1756.344029406339,0.3430202818068369,0.2655848812754753,1756.344029406339,1000.0,pareto front
effort/isbsg10.csv,20,none,log,none,rf,moead,"['sa', 'sd']",97.53673911094666,,1835.785171957672,0.31330445246333477,0.22766936650917824,1835.785171957672,500.0,pareto front
effort/isbsg10.csv,21,none,log,none,rf,default,None,1.2204868793487549,"{'la__n_estimators': 100, 'la__min_samples_leaf': 1, 'la__min_impurity_decrease': 0.0, 'la__max_depth': None}",1977.6930769230771,0.4747881270703299,0.2940309261521854,1977.6930769230771,,
effort/isbsg10.csv,21,none,log,none,rf,random search,"['sa', 'sd']",7.126353025436401,,2500.4590301003345,0.3359582506977734,0.15304266250530596,2500.4590301003345,320.0,pareto front
effort/isbsg10.csv,21,none,log,none,rf,tpe,"['sa', 'sd']",304.43884086608887,,2502.595384615385,0.3353909034338406,0.16597506556579694,2502.595384615385,1280.0,pareto front
effort/isbsg10.csv,21,none,log,none,rf,nsga-ii,"['sa', 'sd']",63.738691329956055,,2499.549125874126,0.33619989208713263,0.16203094462778989,2499.549125874126,1000.0,pareto front
effort/isbsg10.csv,21,none,log,none,rf,nsga-iii,"['sa', 'sd']",125.48174357414246,,2503.131891025641,0.3352484245326109,0.15535118214063384,2503.131891025641,1000.0,pareto front
effort/isbsg10.csv,21,none,log,none,rf,moead,"['sa', 'sd']",19.16665029525757,,2496.9361042183623,0.3368938268608562,0.1516255553700716,2496.9361042183623,500.0,pareto front
effort/isbsg10.csv,22,none,log,none,rf,default,None,1.0552887916564941,"{'la__n_estimators': 100, 'la__min_samples_leaf': 1, 'la__min_impurity_decrease': 0.0, 'la__max_depth': None}",2142.9575,-0.14872235085655583,0.5343326913836162,2142.9575,,
effort/isbsg10.csv,22,none,log,none,rf,random search,"['sa', 'sd']",21.71071767807007,,2255.9159114583335,-0.2092731793071616,0.2173501967320663,2255.9159114583335,320.0,pareto front
effort/isbsg10.csv,22,none,log,none,rf,tpe,"['sa', 'sd']",282.1503736972809,,2139.8462584579775,-0.14705458437111002,0.25233854355919483,2139.8462584579775,1280.0,pareto front
effort/isbsg10.csv,22,none,log,none,rf,nsga-ii,"['sa', 'sd']",289.2848584651947,,2154.7826655681106,-0.15506117558390958,0.2839038218095018,2154.7826655681106,1000.0,pareto front
effort/isbsg10.csv,22,none,log,none,rf,nsga-iii,"['sa', 'sd']",209.36056303977966,,2061.5631561123623,-0.10509129328446981,0.28605317595335994,2061.5631561123623,1000.0,pareto front
effort/isbsg10.csv,22,none,log,none,rf,moead,"['sa', 'sd']",2511.7854464054108,,1455.3103690287367,0.21988767936993053,0.35777925849514414,1455.3103690287367,500.0,pareto front
effort/isbsg10.csv,23,none,log,none,rf,default,None,1.0760204792022705,"{'la__n_estimators': 100, 'la__min_samples_leaf': 1, 'la__min_impurity_decrease': 0.0, 'la__max_depth': None}",2285.5624999999995,0.4212219158424897,0.45261559314099475,2285.5624999999995,,
effort/isbsg10.csv,23,none,log,none,rf,random search,"['sa', 'sd']",22.578110218048096,,2849.150637733265,0.27850323603777705,0.07621070204976149,2849.150637733265,320.0,pareto front
effort/isbsg10.csv,23,none,log,none,rf,tpe,"['sa', 'sd']",89.93043041229248,,2838.666666666667,0.2811581153894852,0.08704787813033249,2838.666666666667,1280.0,pareto front
effort/isbsg10.csv,23,none,log,none,rf,nsga-ii,"['sa', 'sd']",72.20449900627136,,2830.979667167167,0.2831047113995441,0.08776767687249115,2830.979667167167,1000.0,pareto front
effort/isbsg10.csv,23,none,log,none,rf,nsga-iii,"['sa', 'sd']",72.08062887191772,,2854.0882113821135,0.2772528832616586,0.08572952847304038,2854.0882113821135,1000.0,pareto front
effort/isbsg10.csv,23,none,log,none,rf,moead,"['sa', 'sd']",80.42256712913513,,2836.6366492433904,0.28167218122450394,0.08913672685614708,2836.6366492433904,500.0,pareto front
effort/isbsg10.csv,24,none,log,none,rf,default,None,1.2385663986206055,"{'la__n_estimators': 100, 'la__min_samples_leaf': 1, 'la__min_impurity_decrease': 0.0, 'la__max_depth': None}",2994.137692307692,0.3896325438105531,0.28192781020582225,2994.137692307692,,
effort/isbsg10.csv,24,none,log,none,rf,random search,"['sa', 'sd']",217.12190175056458,,3515.0655029670147,0.28343923698056317,0.05760206658820418,3515.0655029670147,320.0,pareto front
effort/isbsg10.csv,24,none,log,none,rf,tpe,"['sa', 'sd']",948.3215391635895,,3491.231756965944,0.288297845505987,0.06992212711668382,3491.231756965944,1280.0,pareto front
effort/isbsg10.csv,24,none,log,none,rf,nsga-ii,"['sa', 'sd']",442.79901456832886,,3576.098565420864,0.27099739264951805,0.022505806447179682,3576.098565420864,1000.0,pareto front
effort/isbsg10.csv,24,none,log,none,rf,nsga-iii,"['sa', 'sd']",488.13895559310913,,3460.1350539728196,0.2946370381057647,0.08428514965239496,3460.1350539728196,1000.0,pareto front
effort/isbsg10.csv,24,none,log,none,rf,moead,"['sa', 'sd']",140.70460391044617,,3588.630837912088,0.26844263663399026,0.01709505535993619,3588.630837912088,500.0,pareto front
effort/isbsg10.csv,25,none,log,none,rf,default,None,1.3173928260803223,"{'la__n_estimators': 100, 'la__min_samples_leaf': 1, 'la__min_impurity_decrease': 0.0, 'la__max_depth': None}",1686.4033333333336,0.3804859332428542,0.5041093206501113,1686.4033333333336,,
effort/isbsg10.csv,25,none,log,none,rf,random search,"['sa', 'sd']",304.07443737983704,,2014.5845362372843,0.2599258823786213,0.14589751569609793,2014.5845362372843,320.0,pareto front
effort/isbsg10.csv,25,none,log,none,rf,tpe,"['sa', 'sd']",809.5833752155304,,1944.676285331384,0.28560725050838465,0.22313102314867658,1944.676285331384,1280.0,pareto front
effort/isbsg10.csv,25,none,log,none,rf,nsga-ii,"['sa', 'sd']",830.2824370861053,,1864.21930107416,0.3151637821701709,0.2822790285321451,1864.21930107416,1000.0,pareto front
effort/isbsg10.csv,25,none,log,none,rf,nsga-iii,"['sa', 'sd']",638.686609506607,,2004.9905845233393,0.2634502990618057,0.21059420817844388,2004.9905845233393,1000.0,pareto front
effort/isbsg10.csv,25,none,log,none,rf,moead,"['sa', 'sd']",67.16270422935486,,2012.2239055389055,0.2607930793860976,0.17006206866440376,2012.2239055389055,500.0,pareto front
effort/isbsg10.csv,26,none,log,none,rf,default,None,1.2238359451293945,"{'la__n_estimators': 100, 'la__min_samples_leaf': 1, 'la__min_impurity_decrease': 0.0, 'la__max_depth': None}",1556.3425,-0.4569463802787601,-0.10303081155380434,1556.3425,,
effort/isbsg10.csv,26,none,log,none,rf,random search,"['sa', 'sd']",223.2273392677307,,1511.7805278754058,-0.41523036726426604,-0.22708383578583904,1511.7805278754058,320.0,pareto front
effort/isbsg10.csv,26,none,log,none,rf,tpe,"['sa', 'sd']",665.9320662021637,,1470.4112773771367,-0.37650317208177986,-0.4085794018875546,1470.4112773771367,1280.0,pareto front
effort/isbsg10.csv,26,none,log,none,rf,nsga-ii,"['sa', 'sd']",1657.2163577079773,,1442.6884115216333,-0.3505508325041295,-0.2551398017396106,1442.6884115216333,1000.0,pareto front
effort/isbsg10.csv,26,none,log,none,rf,nsga-iii,"['sa', 'sd']",1238.468308210373,,1390.546075744832,-0.3017385772522874,-0.0537827752789996,1390.546075744832,1000.0,pareto front
effort/isbsg10.csv,26,none,log,none,rf,moead,"['sa', 'sd']",182.0478069782257,,1156.4142156862745,-0.08255959446395575,0.11763882994701869,1156.4142156862745,500.0,pareto front
effort/isbsg10.csv,27,none,log,none,rf,default,None,1.267331600189209,"{'la__n_estimators': 100, 'la__min_samples_leaf': 1, 'la__min_impurity_decrease': 0.0, 'la__max_depth': None}",1869.909230769231,0.38122242063958256,0.4087915427454367,1869.909230769231,,
effort/isbsg10.csv,27,none,log,none,rf,random search,"['sa', 'sd']",56.839524269104004,,1966.1752136752139,0.3493667396807742,0.3528990694431903,1966.1752136752139,320.0,pareto front
effort/isbsg10.csv,27,none,log,none,rf,tpe,"['sa', 'sd']",238.1764931678772,,2059.472275641026,0.3184935137430129,0.35914491295071405,2059.472275641026,1280.0,pareto front
effort/isbsg10.csv,27,none,log,none,rf,nsga-ii,"['sa', 'sd']",90.03046751022339,,2037.6371794871793,0.3257190344906809,0.35844560014843685,2037.6371794871793,1000.0,pareto front
effort/isbsg10.csv,27,none,log,none,rf,nsga-iii,"['sa', 'sd']",396.7264766693115,,2068.3583566839034,0.3155529925523397,0.32461167963903614,2068.3583566839034,1000.0,pareto front
effort/isbsg10.csv,27,none,log,none,rf,moead,"['sa', 'sd']",174.21052145957947,,2036.9858974358972,0.3259345522947229,0.2769100881787204,2036.9858974358972,500.0,pareto front
effort/isbsg10.csv,28,none,log,none,rf,default,None,1.0869364738464355,"{'la__n_estimators': 100, 'la__min_samples_leaf': 1, 'la__min_impurity_decrease': 0.0, 'la__max_depth': None}",1827.1616666666662,0.43793572533303715,0.4245171161292596,1827.1616666666662,,
effort/isbsg10.csv,28,none,log,none,rf,random search,"['sa', 'sd']",55.50636839866638,,2335.5981649069886,0.28153249248774576,0.07729386993701703,2335.5981649069886,320.0,pareto front
effort/isbsg10.csv,28,none,log,none,rf,tpe,"['sa', 'sd']",242.73371005058289,,2346.096887400794,0.2783029168289177,0.10964033888665892,2346.096887400794,1280.0,pareto front
effort/isbsg10.csv,28,none,log,none,rf,nsga-ii,"['sa', 'sd']",557.4752593040466,,2299.4769072381205,0.29264397148935434,0.16499976171110928,2299.4769072381205,1000.0,pareto front
effort/isbsg10.csv,28,none,log,none,rf,nsga-iii,"['sa', 'sd']",217.26442313194275,,2322.9139846412454,0.2854343500578075,0.09340268297854823,2322.9139846412454,1000.0,pareto front
effort/isbsg10.csv,28,none,log,none,rf,moead,"['sa', 'sd']",207.29958844184875,,2350.596204188482,0.2769188547216045,0.06986498556410034,2350.596204188482,500.0,pareto front
effort/isbsg10.csv,29,none,log,none,rf,default,None,1.2800273895263672,"{'la__n_estimators': 100, 'la__min_samples_leaf': 1, 'la__min_impurity_decrease': 0.0, 'la__max_depth': None}",2022.8591666666669,0.42309789195997805,0.42890290969028944,2022.8591666666669,,
effort/isbsg10.csv,29,none,log,none,rf,random search,"['sa', 'sd']",239.4468903541565,,2279.5251571411845,0.3498989498848726,0.18669385181680068,2279.5251571411845,320.0,pareto front
effort/isbsg10.csv,29,none,log,none,rf,tpe,"['sa', 'sd']",679.5057435035706,,2307.622176535088,0.3418859206117105,0.20010883430681708,2307.622176535088,1280.0,pareto front
effort/isbsg10.csv,29,none,log,none,rf,nsga-ii,"['sa', 'sd']",489.1738805770874,,2235.7916165865386,0.3623713810623746,0.1786946798743607,2235.7916165865386,1000.0,pareto front
effort/isbsg10.csv,29,none,log,none,rf,nsga-iii,"['sa', 'sd']",292.6082396507263,,2275.2487537481256,0.3511185435041113,0.1882818933239162,2275.2487537481256,1000.0,pareto front
effort/isbsg10.csv,29,none,log,none,rf,moead,"['sa', 'sd']",126.62990045547485,,2379.0,0.3215295767283789,0.1547359687340006,2379.0,500.0,pareto front
